cell_id,longitude,latitude,east_m,north_m,status,observations,quality_observations,time_separated_observations,direction_bins,best_gsd_m,best_quality_frame,priority
5366,126.57750997380789,37.02113954504349,-177.5,-177.5,unobserved,0,0,0,0,,-1,1.0
5367,126.57756616295315,37.02113954504349,-172.5,-177.5,unobserved,0,0,0,0,,-1,1.0
5368,126.57762235209842,37.02113954504349,-167.5,-177.5,unobserved,0,0,0,0,,-1,1.0
5369,126.57767854124367,37.02113954504349,-162.5,-177.5,unobserved,0,0,0,0,,-1,1.0
5370,126.57773473038893,37.02113954504349,-157.5,-177.5,unobserved,0,0,0,0,,-1,1.0
5371,126.57779091953418,37.02113954504349,-152.5,-177.5,unobserved,0,0,0,0,,-1,1.0
5372,126.57784710867945,37.02113954504349,-147.5,-177.5,unobserved,0,0,0,0,,-1,1.0
5373,126.5779032978247,37.02113954504349,-142.5,-177.5,unobserved,0,0,0,0,,-1,1.0
5374,126.57795948696996,37.02113954504349,-137.5,-177.5,unobserved,0,0,0,0,,-1,1.0
5375,126.57801567611521,37.02113954504349,-132.5,-177.5,unobserved,0,0,0,0,,-1,1.0
5376,126.57807186526047,37.02113954504349,-127.5,-177.5,unobserved,0,0,0,0,,-1,1.0
5377,126.57812805440574,37.02113954504349,-122.5,-177.5,unobserved,0,0,0,0,,-1,1.0
5378,126.578184243551,37.02113954504349,-117.5,-177.5,unobserved,0,0,0,0,,-1,1.0
5379,126.57824043269625,37.02113954504349,-112.5,-177.5,unobserved,0,0,0,0,,-1,1.0
5380,126.5782966218415,37.02113954504349,-107.5,-177.5,unobserved,0,0,0,0,,-1,1.0
5381,126.57835281098676,37.02113954504349,-102.5,-177.5,unobserved,0,0,0,0,,-1,1.0
5382,126.57840900013203,37.02113954504349,-97.5,-177.5,unobserved,0,0,0,0,,-1,1.0
5383,126.57846518927728,37.02113954504349,-92.5,-177.5,unobserved,0,0,0,0,,-1,1.0
5384,126.57852137842254,37.02113954504349,-87.5,-177.5,unobserved,0,0,0,0,,-1,1.0
5385,126.57857756756779,37.02113954504349,-82.5,-177.5,poor_quality,1,0,0,0,0.19291113345800492,-1,0.8
5386,126.57863375671306,37.02113954504349,-77.5,-177.5,poor_quality,1,0,0,0,0.1900684819679688,-1,0.8
5387,126.57868994585832,37.02113954504349,-72.5,-177.5,poor_quality,2,0,0,0,0.12350463302179063,-1,0.8
5388,126.57874613500357,37.02113954504349,-67.5,-177.5,poor_quality,2,0,0,0,0.12667529811594846,-1,0.8
5389,126.57880232414882,37.02113954504349,-62.5,-177.5,poor_quality,2,0,0,0,0.13002003958301636,-1,0.8
5390,126.57885851329408,37.02113954504349,-57.5,-177.5,poor_quality,2,0,0,0,0.13354828929494159,-1,0.8
5391,126.57891470243935,37.02113954504349,-52.5,-177.5,unobserved,0,0,0,0,,-1,1.0
5392,126.5789708915846,37.02113954504349,-47.5,-177.5,unobserved,0,0,0,0,,-1,1.0
5393,126.57902708072986,37.02113954504349,-42.5,-177.5,unobserved,0,0,0,0,,-1,1.0
5394,126.57908326987511,37.02113954504349,-37.5,-177.5,unobserved,0,0,0,0,,-1,1.0
5395,126.57913945902038,37.02113954504349,-32.5,-177.5,unobserved,0,0,0,0,,-1,1.0
5396,126.57919564816564,37.02113954504349,-27.5,-177.5,unobserved,0,0,0,0,,-1,1.0
5397,126.57925183731089,37.02113954504349,-22.5,-177.5,unobserved,0,0,0,0,,-1,1.0
5398,126.57930802645615,37.02113954504349,-17.5,-177.5,unobserved,0,0,0,0,,-1,1.0
5399,126.5793642156014,37.02113954504349,-12.5,-177.5,unobserved,0,0,0,0,,-1,1.0
5400,126.57942040474667,37.02113954504349,-7.5,-177.5,unobserved,0,0,0,0,,-1,1.0
5401,126.57947659389193,37.02113954504349,-2.5,-177.5,unobserved,0,0,0,0,,-1,1.0
5402,126.57953278303718,37.02113954504349,2.5,-177.5,unobserved,0,0,0,0,,-1,1.0
5403,126.57958897218244,37.02113954504349,7.5,-177.5,unobserved,0,0,0,0,,-1,1.0
5404,126.5796451613277,37.02113954504349,12.5,-177.5,unobserved,0,0,0,0,,-1,1.0
5405,126.57970135047296,37.02113954504349,17.5,-177.5,unobserved,0,0,0,0,,-1,1.0
5406,126.57975753961821,37.02113954504349,22.5,-177.5,unobserved,0,0,0,0,,-1,1.0
5407,126.57981372876347,37.02113954504349,27.5,-177.5,unobserved,0,0,0,0,,-1,1.0
5408,126.57986991790872,37.02113954504349,32.5,-177.5,unobserved,0,0,0,0,,-1,1.0
5409,126.57992610705399,37.02113954504349,37.5,-177.5,unobserved,0,0,0,0,,-1,1.0
5410,126.57998229619925,37.02113954504349,42.5,-177.5,unobserved,0,0,0,0,,-1,1.0
5411,126.5800384853445,37.02113954504349,47.5,-177.5,unobserved,0,0,0,0,,-1,1.0
5412,126.58009467448976,37.02113954504349,52.5,-177.5,unobserved,0,0,0,0,,-1,1.0
5413,126.58015086363503,37.02113954504349,57.5,-177.5,unobserved,0,0,0,0,,-1,1.0
5414,126.58020705278028,37.02113954504349,62.5,-177.5,unobserved,0,0,0,0,,-1,1.0
5415,126.58026324192554,37.02113954504349,67.5,-177.5,unobserved,0,0,0,0,,-1,1.0
5416,126.58031943107079,37.02113954504349,72.5,-177.5,unobserved,0,0,0,0,,-1,1.0
5417,126.58037562021605,37.02113954504349,77.5,-177.5,unobserved,0,0,0,0,,-1,1.0
5418,126.58043180936131,37.02113954504349,82.5,-177.5,unobserved,0,0,0,0,,-1,1.0
5419,126.58048799850657,37.02113954504349,87.5,-177.5,unobserved,0,0,0,0,,-1,1.0
5420,126.58054418765182,37.02113954504349,92.5,-177.5,unobserved,0,0,0,0,,-1,1.0
5421,126.58060037679708,37.02113954504349,97.5,-177.5,unobserved,0,0,0,0,,-1,1.0
5422,126.58065656594235,37.02113954504349,102.5,-177.5,unobserved,0,0,0,0,,-1,1.0
5423,126.5807127550876,37.02113954504349,107.5,-177.5,unobserved,0,0,0,0,,-1,1.0
5424,126.58076894423286,37.02113954504349,112.5,-177.5,unobserved,0,0,0,0,,-1,1.0
5425,126.58082513337811,37.02113954504349,117.5,-177.5,unobserved,0,0,0,0,,-1,1.0
5426,126.58088132252337,37.02113954504349,122.5,-177.5,unobserved,0,0,0,0,,-1,1.0
5427,126.58093751166864,37.02113954504349,127.5,-177.5,unobserved,0,0,0,0,,-1,1.0
5428,126.58099370081389,37.02113954504349,132.5,-177.5,unobserved,0,0,0,0,,-1,1.0
5429,126.58104988995915,37.02113954504349,137.5,-177.5,unobserved,0,0,0,0,,-1,1.0
5430,126.5811060791044,37.02113954504349,142.5,-177.5,unobserved,0,0,0,0,,-1,1.0
5431,126.58116226824966,37.02113954504349,147.5,-177.5,unobserved,0,0,0,0,,-1,1.0
5432,126.58121845739493,37.02113954504349,152.5,-177.5,unobserved,0,0,0,0,,-1,1.0
5510,126.57750997380789,37.02118459899036,-177.5,-172.5,unobserved,0,0,0,0,,-1,1.0
5511,126.57756616295315,37.02118459899036,-172.5,-172.5,unobserved,0,0,0,0,,-1,1.0
5512,126.57762235209842,37.02118459899036,-167.5,-172.5,unobserved,0,0,0,0,,-1,1.0
5513,126.57767854124367,37.02118459899036,-162.5,-172.5,unobserved,0,0,0,0,,-1,1.0
5514,126.57773473038893,37.02118459899036,-157.5,-172.5,unobserved,0,0,0,0,,-1,1.0
5515,126.57779091953418,37.02118459899036,-152.5,-172.5,unobserved,0,0,0,0,,-1,1.0
5516,126.57784710867945,37.02118459899036,-147.5,-172.5,unobserved,0,0,0,0,,-1,1.0
5517,126.5779032978247,37.02118459899036,-142.5,-172.5,unobserved,0,0,0,0,,-1,1.0
5518,126.57795948696996,37.02118459899036,-137.5,-172.5,unobserved,0,0,0,0,,-1,1.0
5519,126.57801567611521,37.02118459899036,-132.5,-172.5,unobserved,0,0,0,0,,-1,1.0
5520,126.57807186526047,37.02118459899036,-127.5,-172.5,unobserved,0,0,0,0,,-1,1.0
5521,126.57812805440574,37.02118459899036,-122.5,-172.5,unobserved,0,0,0,0,,-1,1.0
5522,126.578184243551,37.02118459899036,-117.5,-172.5,unobserved,0,0,0,0,,-1,1.0
5523,126.57824043269625,37.02118459899036,-112.5,-172.5,unobserved,0,0,0,0,,-1,1.0
5524,126.5782966218415,37.02118459899036,-107.5,-172.5,poor_quality,1,0,0,0,0.16926322586871007,-1,0.8
5525,126.57835281098676,37.02118459899036,-102.5,-172.5,poor_quality,2,0,0,0,0.16590325758867394,-1,0.8
5526,126.57840900013203,37.02118459899036,-97.5,-172.5,poor_quality,2,0,0,0,0.16277686421573037,-1,0.8
5527,126.57846518927728,37.02118459899036,-92.5,-172.5,poor_quality,2,0,0,0,0.1598847166592949,-1,0.8
5528,126.57852137842254,37.02118459899036,-87.5,-172.5,poor_quality,2,0,0,0,0.15722641740576215,-1,0.8
5529,126.57857756756779,37.02118459899036,-82.5,-172.5,poor_quality,2,0,0,0,0.15480038699202775,-1,0.8
5530,126.57863375671306,37.02118459899036,-77.5,-172.5,poor_quality,2,0,0,0,0.15260378050176088,-1,0.8
5531,126.57868994585832,37.02118459899036,-72.5,-172.5,poor_quality,2,0,0,0,0.11553825487019206,-1,0.8
5532,126.57874613500357,37.02118459899036,-67.5,-172.5,poor_quality,2,0,0,0,0.1186097205092695,-1,0.8
5533,126.57880232414882,37.02118459899036,-62.5,-172.5,poor_quality,2,0,0,0,0.12185678897307532,-1,0.8
5534,126.57885851329408,37.02118459899036,-57.5,-172.5,poor_quality,2,0,0,0,0.1252892923770712,-1,0.8
5535,126.57891470243935,37.02118459899036,-52.5,-172.5,poor_quality,1,0,0,0,0.16689025619678313,-1,0.8
5536,126.5789708915846,37.02118459899036,-47.5,-172.5,poor_quality,1,0,0,0,0.16569564050361738,-1,0.8
5537,126.57902708072986,37.02118459899036,-42.5,-172.5,poor_quality,1,0,0,0,0.1647175993453201,-1,0.8
5538,126.57908326987511,37.02118459899036,-37.5,-172.5,poor_quality,1,0,0,0,0.1639407055575979,-1,0.8
5539,126.57913945902038,37.02118459899036,-32.5,-172.5,poor_quality,1,0,0,0,0.16334913191232076,-1,0.8
5540,126.57919564816564,37.02118459899036,-27.5,-172.5,unobserved,0,0,0,0,,-1,1.0
5541,126.57925183731089,37.02118459899036,-22.5,-172.5,unobserved,0,0,0,0,,-1,1.0
5542,126.57930802645615,37.02118459899036,-17.5,-172.5,unobserved,0,0,0,0,,-1,1.0
5543,126.5793642156014,37.02118459899036,-12.5,-172.5,unobserved,0,0,0,0,,-1,1.0
5544,126.57942040474667,37.02118459899036,-7.5,-172.5,unobserved,0,0,0,0,,-1,1.0
5545,126.57947659389193,37.02118459899036,-2.5,-172.5,unobserved,0,0,0,0,,-1,1.0
5546,126.57953278303718,37.02118459899036,2.5,-172.5,unobserved,0,0,0,0,,-1,1.0
5547,126.57958897218244,37.02118459899036,7.5,-172.5,unobserved,0,0,0,0,,-1,1.0
5548,126.5796451613277,37.02118459899036,12.5,-172.5,unobserved,0,0,0,0,,-1,1.0
5549,126.57970135047296,37.02118459899036,17.5,-172.5,unobserved,0,0,0,0,,-1,1.0
5550,126.57975753961821,37.02118459899036,22.5,-172.5,unobserved,0,0,0,0,,-1,1.0
5551,126.57981372876347,37.02118459899036,27.5,-172.5,unobserved,0,0,0,0,,-1,1.0
5552,126.57986991790872,37.02118459899036,32.5,-172.5,unobserved,0,0,0,0,,-1,1.0
5553,126.57992610705399,37.02118459899036,37.5,-172.5,unobserved,0,0,0,0,,-1,1.0
5554,126.57998229619925,37.02118459899036,42.5,-172.5,unobserved,0,0,0,0,,-1,1.0
5555,126.5800384853445,37.02118459899036,47.5,-172.5,unobserved,0,0,0,0,,-1,1.0
5556,126.58009467448976,37.02118459899036,52.5,-172.5,unobserved,0,0,0,0,,-1,1.0
5557,126.58015086363503,37.02118459899036,57.5,-172.5,unobserved,0,0,0,0,,-1,1.0
5558,126.58020705278028,37.02118459899036,62.5,-172.5,unobserved,0,0,0,0,,-1,1.0
5559,126.58026324192554,37.02118459899036,67.5,-172.5,unobserved,0,0,0,0,,-1,1.0
5560,126.58031943107079,37.02118459899036,72.5,-172.5,unobserved,0,0,0,0,,-1,1.0
5561,126.58037562021605,37.02118459899036,77.5,-172.5,unobserved,0,0,0,0,,-1,1.0
5562,126.58043180936131,37.02118459899036,82.5,-172.5,unobserved,0,0,0,0,,-1,1.0
5563,126.58048799850657,37.02118459899036,87.5,-172.5,unobserved,0,0,0,0,,-1,1.0
5564,126.58054418765182,37.02118459899036,92.5,-172.5,unobserved,0,0,0,0,,-1,1.0
5565,126.58060037679708,37.02118459899036,97.5,-172.5,unobserved,0,0,0,0,,-1,1.0
5566,126.58065656594235,37.02118459899036,102.5,-172.5,unobserved,0,0,0,0,,-1,1.0
5567,126.5807127550876,37.02118459899036,107.5,-172.5,unobserved,0,0,0,0,,-1,1.0
5568,126.58076894423286,37.02118459899036,112.5,-172.5,unobserved,0,0,0,0,,-1,1.0
5569,126.58082513337811,37.02118459899036,117.5,-172.5,unobserved,0,0,0,0,,-1,1.0
5570,126.58088132252337,37.02118459899036,122.5,-172.5,unobserved,0,0,0,0,,-1,1.0
5571,126.58093751166864,37.02118459899036,127.5,-172.5,unobserved,0,0,0,0,,-1,1.0
5572,126.58099370081389,37.02118459899036,132.5,-172.5,unobserved,0,0,0,0,,-1,1.0
5573,126.58104988995915,37.02118459899036,137.5,-172.5,unobserved,0,0,0,0,,-1,1.0
5574,126.5811060791044,37.02118459899036,142.5,-172.5,unobserved,0,0,0,0,,-1,1.0
5575,126.58116226824966,37.02118459899036,147.5,-172.5,unobserved,0,0,0,0,,-1,1.0
5576,126.58121845739493,37.02118459899036,152.5,-172.5,unobserved,0,0,0,0,,-1,1.0
5654,126.57750997380789,37.02122965293723,-177.5,-167.5,unobserved,0,0,0,0,,-1,1.0
5655,126.57756616295315,37.02122965293723,-172.5,-167.5,unobserved,0,0,0,0,,-1,1.0
5656,126.57762235209842,37.02122965293723,-167.5,-167.5,unobserved,0,0,0,0,,-1,1.0
5657,126.57767854124367,37.02122965293723,-162.5,-167.5,unobserved,0,0,0,0,,-1,1.0
5658,126.57773473038893,37.02122965293723,-157.5,-167.5,unobserved,0,0,0,0,,-1,1.0
5659,126.57779091953418,37.02122965293723,-152.5,-167.5,unobserved,0,0,0,0,,-1,1.0
5660,126.57784710867945,37.02122965293723,-147.5,-167.5,unobserved,0,0,0,0,,-1,1.0
5661,126.5779032978247,37.02122965293723,-142.5,-167.5,unobserved,0,0,0,0,,-1,1.0
5662,126.57795948696996,37.02122965293723,-137.5,-167.5,unobserved,0,0,0,0,,-1,1.0
5663,126.57801567611521,37.02122965293723,-132.5,-167.5,unobserved,0,0,0,0,,-1,1.0
5664,126.57807186526047,37.02122965293723,-127.5,-167.5,unobserved,0,0,0,0,,-1,1.0
5665,126.57812805440574,37.02122965293723,-122.5,-167.5,poor_quality,1,0,0,0,0.16965265217059822,-1,0.8
5666,126.578184243551,37.02122965293723,-117.5,-167.5,poor_quality,2,0,0,0,0.16565243828645837,-1,0.8
5667,126.57824043269625,37.02122965293723,-112.5,-167.5,poor_quality,2,0,0,0,0.1618783144162896,-1,0.8
5668,126.5782966218415,37.02122965293723,-107.5,-167.5,poor_quality,2,0,0,0,0.15833381536146432,-1,0.8
5669,126.57835281098676,37.02122965293723,-102.5,-167.5,poor_quality,2,0,0,0,0.15502183276639359,-1,0.8
5670,126.57840900013203,37.02122965293723,-97.5,-167.5,poor_quality,2,0,0,0,0.15194444281979802,-1,0.8
5671,126.57846518927728,37.02122965293723,-92.5,-167.5,poor_quality,3,0,0,0,0.14910273283718306,-1,0.8
5672,126.57852137842254,37.02122965293723,-87.5,-167.5,poor_quality,3,0,0,0,0.14649663771028032,-1,0.8
5673,126.57857756756779,37.02122965293723,-82.5,-167.5,poor_quality,3,0,0,0,0.14412479869768016,-1,0.8
5674,126.57863375671306,37.02122965293723,-77.5,-167.5,poor_quality,3,0,0,0,0.1419844571603941,-1,0.8
5675,126.57868994585832,37.02122965293723,-72.5,-167.5,poor_quality,4,0,0,0,0.10784133536165288,-1,0.8
5676,126.57874613500357,37.02122965293723,-67.5,-167.5,poor_quality,4,0,0,0,0.1108132560215837,-1,0.8
5677,126.57880232414882,37.02122965293723,-62.5,-167.5,poor_quality,4,0,0,0,0.11396244775268857,-1,0.8
5678,126.57885851329408,37.02122965293723,-57.5,-167.5,poor_quality,5,0,0,0,0.11729918472157315,-1,0.8
5679,126.57891470243935,37.02122965293723,-52.5,-167.5,poor_quality,5,0,0,0,0.12083269253460471,-1,0.8
5680,126.5789708915846,37.02122965293723,-47.5,-167.5,poor_quality,4,0,0,0,0.1336691798456954,-1,0.8
5681,126.57902708072986,37.02122965293723,-42.5,-167.5,poor_quality,3,0,0,0,0.1381069819678927,-1,0.8
5682,126.57908326987511,37.02122965293723,-37.5,-167.5,poor_quality,2,0,0,0,0.13440087420455177,-1,0.8
5683,126.57913945902038,37.02122965293723,-32.5,-167.5,poor_quality,1,0,0,0,0.15110008352622753,-1,0.8
5684,126.57919564816564,37.02122965293723,-27.5,-167.5,poor_quality,1,0,0,0,0.150747098319085,-1,0.8
5685,126.57925183731089,37.02122965293723,-22.5,-167.5,poor_quality,1,0,0,0,0.15054194868403536,-1,0.8
5686,126.57930802645615,37.02122965293723,-17.5,-167.5,unobserved,0,0,0,0,,-1,1.0
5687,126.5793642156014,37.02122965293723,-12.5,-167.5,unobserved,0,0,0,0,,-1,1.0
5688,126.57942040474667,37.02122965293723,-7.5,-167.5,unobserved,0,0,0,0,,-1,1.0
5689,126.57947659389193,37.02122965293723,-2.5,-167.5,unobserved,0,0,0,0,,-1,1.0
5690,126.57953278303718,37.02122965293723,2.5,-167.5,unobserved,0,0,0,0,,-1,1.0
5691,126.57958897218244,37.02122965293723,7.5,-167.5,unobserved,0,0,0,0,,-1,1.0
5692,126.5796451613277,37.02122965293723,12.5,-167.5,unobserved,0,0,0,0,,-1,1.0
5693,126.57970135047296,37.02122965293723,17.5,-167.5,unobserved,0,0,0,0,,-1,1.0
5694,126.57975753961821,37.02122965293723,22.5,-167.5,unobserved,0,0,0,0,,-1,1.0
5695,126.57981372876347,37.02122965293723,27.5,-167.5,unobserved,0,0,0,0,,-1,1.0
5696,126.57986991790872,37.02122965293723,32.5,-167.5,unobserved,0,0,0,0,,-1,1.0
5697,126.57992610705399,37.02122965293723,37.5,-167.5,unobserved,0,0,0,0,,-1,1.0
5698,126.57998229619925,37.02122965293723,42.5,-167.5,unobserved,0,0,0,0,,-1,1.0
5699,126.5800384853445,37.02122965293723,47.5,-167.5,unobserved,0,0,0,0,,-1,1.0
5700,126.58009467448976,37.02122965293723,52.5,-167.5,unobserved,0,0,0,0,,-1,1.0
5701,126.58015086363503,37.02122965293723,57.5,-167.5,unobserved,0,0,0,0,,-1,1.0
5702,126.58020705278028,37.02122965293723,62.5,-167.5,unobserved,0,0,0,0,,-1,1.0
5703,126.58026324192554,37.02122965293723,67.5,-167.5,unobserved,0,0,0,0,,-1,1.0
5704,126.58031943107079,37.02122965293723,72.5,-167.5,unobserved,0,0,0,0,,-1,1.0
5705,126.58037562021605,37.02122965293723,77.5,-167.5,unobserved,0,0,0,0,,-1,1.0
5706,126.58043180936131,37.02122965293723,82.5,-167.5,unobserved,0,0,0,0,,-1,1.0
5707,126.58048799850657,37.02122965293723,87.5,-167.5,unobserved,0,0,0,0,,-1,1.0
5708,126.58054418765182,37.02122965293723,92.5,-167.5,unobserved,0,0,0,0,,-1,1.0
5709,126.58060037679708,37.02122965293723,97.5,-167.5,unobserved,0,0,0,0,,-1,1.0
5710,126.58065656594235,37.02122965293723,102.5,-167.5,unobserved,0,0,0,0,,-1,1.0
5711,126.5807127550876,37.02122965293723,107.5,-167.5,unobserved,0,0,0,0,,-1,1.0
5712,126.58076894423286,37.02122965293723,112.5,-167.5,unobserved,0,0,0,0,,-1,1.0
5713,126.58082513337811,37.02122965293723,117.5,-167.5,unobserved,0,0,0,0,,-1,1.0
5714,126.58088132252337,37.02122965293723,122.5,-167.5,unobserved,0,0,0,0,,-1,1.0
5715,126.58093751166864,37.02122965293723,127.5,-167.5,unobserved,0,0,0,0,,-1,1.0
5716,126.58099370081389,37.02122965293723,132.5,-167.5,unobserved,0,0,0,0,,-1,1.0
5717,126.58104988995915,37.02122965293723,137.5,-167.5,unobserved,0,0,0,0,,-1,1.0
5718,126.5811060791044,37.02122965293723,142.5,-167.5,unobserved,0,0,0,0,,-1,1.0
5719,126.58116226824966,37.02122965293723,147.5,-167.5,unobserved,0,0,0,0,,-1,1.0
5720,126.58121845739493,37.02122965293723,152.5,-167.5,unobserved,0,0,0,0,,-1,1.0
5798,126.57750997380789,37.02127470688411,-177.5,-162.5,unobserved,0,0,0,0,,-1,1.0
5799,126.57756616295315,37.02127470688411,-172.5,-162.5,unobserved,0,0,0,0,,-1,1.0
5800,126.57762235209842,37.02127470688411,-167.5,-162.5,unobserved,0,0,0,0,,-1,1.0
5801,126.57767854124367,37.02127470688411,-162.5,-162.5,unobserved,0,0,0,0,,-1,1.0
5802,126.57773473038893,37.02127470688411,-157.5,-162.5,unobserved,0,0,0,0,,-1,1.0
5803,126.57779091953418,37.02127470688411,-152.5,-162.5,unobserved,0,0,0,0,,-1,1.0
5804,126.57784710867945,37.02127470688411,-147.5,-162.5,unobserved,0,0,0,0,,-1,1.0
5805,126.5779032978247,37.02127470688411,-142.5,-162.5,unobserved,0,0,0,0,,-1,1.0
5806,126.57795948696996,37.02127470688411,-137.5,-162.5,unobserved,0,0,0,0,,-1,1.0
5807,126.57801567611521,37.02127470688411,-132.5,-162.5,unobserved,0,0,0,0,,-1,1.0
5808,126.57807186526047,37.02127470688411,-127.5,-162.5,poor_quality,2,0,0,0,0.16314398589791657,-1,0.8
5809,126.57812805440574,37.02127470688411,-122.5,-162.5,poor_quality,2,0,0,0,0.15897042867427852,-1,0.8
5810,126.578184243551,37.02127470688411,-117.5,-162.5,poor_quality,2,0,0,0,0.15501774938819313,-1,0.8
5811,126.57824043269625,37.02127470688411,-112.5,-162.5,poor_quality,2,0,0,0,0.15129048789197455,-1,0.8
5812,126.5782966218415,37.02127470688411,-107.5,-162.5,poor_quality,3,0,0,0,0.14779273699054502,-1,0.8
5813,126.57835281098676,37.02127470688411,-102.5,-162.5,poor_quality,3,0,0,0,0.1445279570026327,-1,0.8
5814,126.57840900013203,37.02127470688411,-97.5,-162.5,poor_quality,3,0,0,0,0.14149877401632593,-1,0.8
5815,126.57846518927728,37.02127470688411,-92.5,-162.5,poor_quality,3,0,0,0,0.13870677190908812,-1,0.8
5816,126.57852137842254,37.02127470688411,-87.5,-162.5,poor_quality,3,0,0,0,0.13615229175589616,-1,0.8
5817,126.57857756756779,37.02127470688411,-82.5,-162.5,poor_quality,3,0,0,0,0.1338342548293219,-1,0.8
5818,126.57863375671306,37.02127470688411,-77.5,-162.5,poor_quality,3,0,0,0,0.13175002616757975,-1,0.8
5819,126.57868994585832,37.02127470688411,-72.5,-162.5,poor_quality,7,0,0,0,0.10041386080780879,-1,0.8
5820,126.57874613500357,37.02127470688411,-67.5,-162.5,poor_quality,7,0,0,0,0.10328584257065071,-1,0.8
5821,126.57880232414882,37.02127470688411,-62.5,-162.5,poor_quality,8,0,0,0,0.1063369275693243,-1,0.8
5822,126.57885851329408,37.02127470688411,-57.5,-162.5,poor_quality,8,0,0,0,0.10957788127748291,-1,0.8
5823,126.57891470243935,37.02127470688411,-52.5,-162.5,poor_quality,7,0,0,0,0.11301829566354037,-1,0.8
5824,126.5789708915846,37.02127470688411,-47.5,-162.5,poor_quality,7,0,0,0,0.11666650016332332,-1,0.8
5825,126.57902708072986,37.02127470688411,-42.5,-162.5,poor_quality,6,0,0,0,0.12315286000411102,-1,0.8
5826,126.57908326987511,37.02127470688411,-37.5,-162.5,poor_quality,6,0,0,0,0.12266151588999642,-1,0.8
5827,126.57913945902038,37.02127470688411,-32.5,-162.5,poor_quality,4,0,0,0,0.1223179124738498,-1,0.8
5828,126.57919564816564,37.02127470688411,-27.5,-162.5,poor_quality,3,0,0,0,0.12210897497825322,-1,0.8
5829,126.57925183731089,37.02127470688411,-22.5,-162.5,poor_quality,2,0,0,0,0.12202172800001468,-1,0.8
5830,126.57930802645615,37.02127470688411,-17.5,-162.5,unobserved,0,0,0,0,,-1,1.0
5831,126.5793642156014,37.02127470688411,-12.5,-162.5,unobserved,0,0,0,0,,-1,1.0
5832,126.57942040474667,37.02127470688411,-7.5,-162.5,unobserved,0,0,0,0,,-1,1.0
5833,126.57947659389193,37.02127470688411,-2.5,-162.5,unobserved,0,0,0,0,,-1,1.0
5834,126.57953278303718,37.02127470688411,2.5,-162.5,unobserved,0,0,0,0,,-1,1.0
5835,126.57958897218244,37.02127470688411,7.5,-162.5,unobserved,0,0,0,0,,-1,1.0
5836,126.5796451613277,37.02127470688411,12.5,-162.5,unobserved,0,0,0,0,,-1,1.0
5837,126.57970135047296,37.02127470688411,17.5,-162.5,unobserved,0,0,0,0,,-1,1.0
5838,126.57975753961821,37.02127470688411,22.5,-162.5,unobserved,0,0,0,0,,-1,1.0
5839,126.57981372876347,37.02127470688411,27.5,-162.5,unobserved,0,0,0,0,,-1,1.0
5840,126.57986991790872,37.02127470688411,32.5,-162.5,unobserved,0,0,0,0,,-1,1.0
5841,126.57992610705399,37.02127470688411,37.5,-162.5,unobserved,0,0,0,0,,-1,1.0
5842,126.57998229619925,37.02127470688411,42.5,-162.5,unobserved,0,0,0,0,,-1,1.0
5843,126.5800384853445,37.02127470688411,47.5,-162.5,unobserved,0,0,0,0,,-1,1.0
5844,126.58009467448976,37.02127470688411,52.5,-162.5,unobserved,0,0,0,0,,-1,1.0
5845,126.58015086363503,37.02127470688411,57.5,-162.5,unobserved,0,0,0,0,,-1,1.0
5846,126.58020705278028,37.02127470688411,62.5,-162.5,unobserved,0,0,0,0,,-1,1.0
5847,126.58026324192554,37.02127470688411,67.5,-162.5,unobserved,0,0,0,0,,-1,1.0
5848,126.58031943107079,37.02127470688411,72.5,-162.5,unobserved,0,0,0,0,,-1,1.0
5849,126.58037562021605,37.02127470688411,77.5,-162.5,unobserved,0,0,0,0,,-1,1.0
5850,126.58043180936131,37.02127470688411,82.5,-162.5,unobserved,0,0,0,0,,-1,1.0
5851,126.58048799850657,37.02127470688411,87.5,-162.5,unobserved,0,0,0,0,,-1,1.0
5852,126.58054418765182,37.02127470688411,92.5,-162.5,unobserved,0,0,0,0,,-1,1.0
5853,126.58060037679708,37.02127470688411,97.5,-162.5,unobserved,0,0,0,0,,-1,1.0
5854,126.58065656594235,37.02127470688411,102.5,-162.5,unobserved,0,0,0,0,,-1,1.0
5855,126.5807127550876,37.02127470688411,107.5,-162.5,unobserved,0,0,0,0,,-1,1.0
5856,126.58076894423286,37.02127470688411,112.5,-162.5,unobserved,0,0,0,0,,-1,1.0
5857,126.58082513337811,37.02127470688411,117.5,-162.5,unobserved,0,0,0,0,,-1,1.0
5858,126.58088132252337,37.02127470688411,122.5,-162.5,unobserved,0,0,0,0,,-1,1.0
5859,126.58093751166864,37.02127470688411,127.5,-162.5,unobserved,0,0,0,0,,-1,1.0
5860,126.58099370081389,37.02127470688411,132.5,-162.5,unobserved,0,0,0,0,,-1,1.0
5861,126.58104988995915,37.02127470688411,137.5,-162.5,unobserved,0,0,0,0,,-1,1.0
5862,126.5811060791044,37.02127470688411,142.5,-162.5,unobserved,0,0,0,0,,-1,1.0
5863,126.58116226824966,37.02127470688411,147.5,-162.5,unobserved,0,0,0,0,,-1,1.0
5864,126.58121845739493,37.02127470688411,152.5,-162.5,unobserved,0,0,0,0,,-1,1.0
5942,126.57750997380789,37.02131976083098,-177.5,-157.5,unobserved,0,0,0,0,,-1,1.0
5943,126.57756616295315,37.02131976083098,-172.5,-157.5,unobserved,0,0,0,0,,-1,1.0
5944,126.57762235209842,37.02131976083098,-167.5,-157.5,unobserved,0,0,0,0,,-1,1.0
5945,126.57767854124367,37.02131976083098,-162.5,-157.5,unobserved,0,0,0,0,,-1,1.0
5946,126.57773473038893,37.02131976083098,-157.5,-157.5,unobserved,0,0,0,0,,-1,1.0
5947,126.57779091953418,37.02131976083098,-152.5,-157.5,unobserved,0,0,0,0,,-1,1.0
5948,126.57784710867945,37.02131976083098,-147.5,-157.5,unobserved,0,0,0,0,,-1,1.0
5949,126.5779032978247,37.02131976083098,-142.5,-157.5,unobserved,0,0,0,0,,-1,1.0
5950,126.57795948696996,37.02131976083098,-137.5,-157.5,poor_quality,1,0,0,0,0.1616895757367578,-1,0.8
5951,126.57801567611521,37.02131976083098,-132.5,-157.5,poor_quality,2,0,0,0,0.15714215646048801,-1,0.8
5952,126.57807186526047,37.02131976083098,-127.5,-157.5,poor_quality,2,0,0,0,0.15280336957232307,-1,0.8
5953,126.57812805440574,37.02131976083098,-122.5,-157.5,poor_quality,3,0,0,0,0.14867861310424227,-1,0.8
5954,126.578184243551,37.02131976083098,-117.5,-157.5,poor_quality,3,0,0,0,0.14477321392886822,-1,0.8
5955,126.57824043269625,37.02131976083098,-112.5,-157.5,poor_quality,3,0,0,0,0.14109228264250437,-1,0.8
5956,126.5782966218415,37.02131976083098,-107.5,-157.5,poor_quality,3,0,0,0,0.137640534925957,-1,0.8
5957,126.57835281098676,37.02131976083098,-102.5,-157.5,poor_quality,3,0,0,0,0.13442208120832472,-1,0.8
5958,126.57840900013203,37.02131976083098,-97.5,-157.5,poor_quality,3,0,0,0,0.13144019080446007,-1,0.8
5959,126.57846518927728,37.02131976083098,-92.5,-157.5,poor_quality,6,0,0,0,0.12869704191779321,-1,0.8
5960,126.57852137842254,37.02131976083098,-87.5,-157.5,poor_quality,6,0,0,0,0.12619347425690972,-1,0.8
5961,126.57857756756779,37.02131976083098,-82.5,-157.5,poor_quality,7,0,0,0,0.12392876535996199,-1,0.8
5962,126.57863375671306,37.02131976083098,-77.5,-157.5,poor_quality,7,0,0,0,0.12190045370246462,-1,0.8
5963,126.57868994585832,37.02131976083098,-72.5,-157.5,needs_revisit,9,1,1,1,0.09325582120900856,172,0.4
5964,126.57874613500357,37.02131976083098,-67.5,-157.5,needs_revisit,9,1,1,1,0.09602741195922883,172,0.4
5965,126.57880232414882,37.02131976083098,-62.5,-157.5,needs_revisit,10,1,1,1,0.09898012908867945,172,0.4
5966,126.57885851329408,37.02131976083098,-57.5,-157.5,poor_quality,11,0,0,0,0.10212528800305208,-1,0.8
5967,126.57891470243935,37.02131976083098,-52.5,-157.5,poor_quality,11,0,0,0,0.10547288090389981,-1,0.8
5968,126.5789708915846,37.02131976083098,-47.5,-157.5,poor_quality,9,0,0,0,0.10903147351047038,-1,0.8
5969,126.57902708072986,37.02131976083098,-42.5,-157.5,poor_quality,10,0,0,0,0.11280816472630459,-1,0.8
5970,126.57908326987511,37.02131976083098,-37.5,-157.5,poor_quality,8,0,0,0,0.11330725399409516,-1,0.8
5971,126.57913945902038,37.02131976083098,-32.5,-157.5,poor_quality,7,0,0,0,0.11302031203706656,-1,0.8
5972,126.57919564816564,37.02131976083098,-27.5,-157.5,poor_quality,4,0,0,0,0.11286409454995447,-1,0.8
5973,126.57925183731089,37.02131976083098,-22.5,-157.5,poor_quality,4,0,0,0,0.1128249700849708,-1,0.8
5974,126.57930802645615,37.02131976083098,-17.5,-157.5,poor_quality,1,0,0,0,0.14600546805945572,-1,0.8
5975,126.5793642156014,37.02131976083098,-12.5,-157.5,unobserved,0,0,0,0,,-1,1.0
5976,126.57942040474667,37.02131976083098,-7.5,-157.5,unobserved,0,0,0,0,,-1,1.0
5977,126.57947659389193,37.02131976083098,-2.5,-157.5,unobserved,0,0,0,0,,-1,1.0
5978,126.57953278303718,37.02131976083098,2.5,-157.5,unobserved,0,0,0,0,,-1,1.0
5979,126.57958897218244,37.02131976083098,7.5,-157.5,unobserved,0,0,0,0,,-1,1.0
5980,126.5796451613277,37.02131976083098,12.5,-157.5,unobserved,0,0,0,0,,-1,1.0
5981,126.57970135047296,37.02131976083098,17.5,-157.5,unobserved,0,0,0,0,,-1,1.0
5982,126.57975753961821,37.02131976083098,22.5,-157.5,unobserved,0,0,0,0,,-1,1.0
5983,126.57981372876347,37.02131976083098,27.5,-157.5,unobserved,0,0,0,0,,-1,1.0
5984,126.57986991790872,37.02131976083098,32.5,-157.5,unobserved,0,0,0,0,,-1,1.0
5985,126.57992610705399,37.02131976083098,37.5,-157.5,unobserved,0,0,0,0,,-1,1.0
5986,126.57998229619925,37.02131976083098,42.5,-157.5,unobserved,0,0,0,0,,-1,1.0
5987,126.5800384853445,37.02131976083098,47.5,-157.5,unobserved,0,0,0,0,,-1,1.0
5988,126.58009467448976,37.02131976083098,52.5,-157.5,poor_quality,1,0,0,0,0.1374595630054055,-1,0.8
5989,126.58015086363503,37.02131976083098,57.5,-157.5,unobserved,0,0,0,0,,-1,1.0
5990,126.58020705278028,37.02131976083098,62.5,-157.5,unobserved,0,0,0,0,,-1,1.0
5991,126.58026324192554,37.02131976083098,67.5,-157.5,unobserved,0,0,0,0,,-1,1.0
5992,126.58031943107079,37.02131976083098,72.5,-157.5,unobserved,0,0,0,0,,-1,1.0
5993,126.58037562021605,37.02131976083098,77.5,-157.5,unobserved,0,0,0,0,,-1,1.0
5994,126.58043180936131,37.02131976083098,82.5,-157.5,unobserved,0,0,0,0,,-1,1.0
5995,126.58048799850657,37.02131976083098,87.5,-157.5,unobserved,0,0,0,0,,-1,1.0
5996,126.58054418765182,37.02131976083098,92.5,-157.5,unobserved,0,0,0,0,,-1,1.0
5997,126.58060037679708,37.02131976083098,97.5,-157.5,unobserved,0,0,0,0,,-1,1.0
5998,126.58065656594235,37.02131976083098,102.5,-157.5,unobserved,0,0,0,0,,-1,1.0
5999,126.5807127550876,37.02131976083098,107.5,-157.5,unobserved,0,0,0,0,,-1,1.0
6000,126.58076894423286,37.02131976083098,112.5,-157.5,unobserved,0,0,0,0,,-1,1.0
6001,126.58082513337811,37.02131976083098,117.5,-157.5,unobserved,0,0,0,0,,-1,1.0
6002,126.58088132252337,37.02131976083098,122.5,-157.5,unobserved,0,0,0,0,,-1,1.0
6003,126.58093751166864,37.02131976083098,127.5,-157.5,unobserved,0,0,0,0,,-1,1.0
6004,126.58099370081389,37.02131976083098,132.5,-157.5,unobserved,0,0,0,0,,-1,1.0
6005,126.58104988995915,37.02131976083098,137.5,-157.5,unobserved,0,0,0,0,,-1,1.0
6006,126.5811060791044,37.02131976083098,142.5,-157.5,unobserved,0,0,0,0,,-1,1.0
6007,126.58116226824966,37.02131976083098,147.5,-157.5,unobserved,0,0,0,0,,-1,1.0
6008,126.58121845739493,37.02131976083098,152.5,-157.5,unobserved,0,0,0,0,,-1,1.0
6086,126.57750997380789,37.02136481477785,-177.5,-152.5,unobserved,0,0,0,0,,-1,1.0
6087,126.57756616295315,37.02136481477785,-172.5,-152.5,unobserved,0,0,0,0,,-1,1.0
6088,126.57762235209842,37.02136481477785,-167.5,-152.5,unobserved,0,0,0,0,,-1,1.0
6089,126.57767854124367,37.02136481477785,-162.5,-152.5,unobserved,0,0,0,0,,-1,1.0
6090,126.57773473038893,37.02136481477785,-157.5,-152.5,unobserved,0,0,0,0,,-1,1.0
6091,126.57779091953418,37.02136481477785,-152.5,-152.5,unobserved,0,0,0,0,,-1,1.0
6092,126.57784710867945,37.02136481477785,-147.5,-152.5,unobserved,0,0,0,0,,-1,1.0
6093,126.5779032978247,37.02136481477785,-142.5,-152.5,poor_quality,2,0,0,0,0.15632720089636834,-1,0.8
6094,126.57795948696996,37.02136481477785,-137.5,-152.5,poor_quality,2,0,0,0,0.15163401547060865,-1,0.8
6095,126.57801567611521,37.02136481477785,-132.5,-152.5,poor_quality,2,0,0,0,0.14714090642322686,-1,0.8
6096,126.57807186526047,37.02136481477785,-127.5,-152.5,poor_quality,3,0,0,0,0.1428535667246389,-1,0.8
6097,126.57812805440574,37.02136481477785,-122.5,-152.5,poor_quality,3,0,0,0,0.13877782384450335,-1,0.8
6098,126.578184243551,37.02136481477785,-117.5,-152.5,poor_quality,3,0,0,0,0.13491952926508757,-1,0.8
6099,126.57824043269625,37.02136481477785,-112.5,-152.5,poor_quality,3,0,0,0,0.13128440874208994,-1,0.8
6100,126.5782966218415,37.02136481477785,-107.5,-152.5,poor_quality,4,0,0,0,0.12787786943721965,-1,0.8
6101,126.57835281098676,37.02136481477785,-102.5,-152.5,poor_quality,7,0,0,0,0.12470476357850331,-1,0.8
6102,126.57840900013203,37.02136481477785,-97.5,-152.5,poor_quality,9,0,0,0,0.12176911375308082,-1,0.8
6103,126.57846518927728,37.02136481477785,-92.5,-152.5,poor_quality,10,0,0,0,0.11907381209567561,-1,0.8
6104,126.57852137842254,37.02136481477785,-87.5,-152.5,poor_quality,10,0,0,0,0.11662031362665617,-1,0.8
6105,126.57857756756779,37.02136481477785,-82.5,-152.5,poor_quality,10,0,0,0,0.11440835117807896,-1,0.8
6106,126.57863375671306,37.02136481477785,-77.5,-152.5,poor_quality,9,0,0,0,0.11243570354400693,-1,0.8
6107,126.57868994585832,37.02136481477785,-72.5,-152.5,needs_revisit,11,1,1,1,0.08636721252371647,172,0.4
6108,126.57874613500357,37.02136481477785,-67.5,-152.5,needs_revisit,12,1,1,1,0.08903788943431884,172,0.4
6109,126.57880232414882,37.02136481477785,-62.5,-152.5,needs_revisit,13,1,1,1,0.09189194029356386,172,0.4
6110,126.57885851329408,37.02136481477785,-57.5,-152.5,needs_revisit,13,1,1,1,0.09494130101675706,172,0.4
6111,126.57891470243935,37.02136481477785,-52.5,-152.5,needs_revisit,13,1,1,1,0.09819640278807766,172,0.4
6112,126.5789708915846,37.02136481477785,-47.5,-152.5,poor_quality,13,0,0,0,0.10166605141734174,-1,0.8
6113,126.57902708072986,37.02136481477785,-42.5,-152.5,poor_quality,12,0,0,0,0.10471349048971913,-1,0.8
6114,126.57908326987511,37.02136481477785,-37.5,-152.5,poor_quality,11,0,0,0,0.10434190248621439,-1,0.8
6115,126.57913945902038,37.02136481477785,-32.5,-152.5,poor_quality,9,0,0,0,0.10411123516094745,-1,0.8
6116,126.57919564816564,37.02136481477785,-27.5,-152.5,poor_quality,6,0,0,0,0.10400683828527832,-1,0.8
6117,126.57925183731089,37.02136481477785,-22.5,-152.5,poor_quality,4,0,0,0,0.12060354252715669,-1,0.8
6118,126.57930802645615,37.02136481477785,-17.5,-152.5,poor_quality,3,0,0,0,0.12991786915363612,-1,0.8
6119,126.5793642156014,37.02136481477785,-12.5,-152.5,poor_quality,3,0,0,0,0.1294996531069295,-1,0.8
6120,126.57942040474667,37.02136481477785,-7.5,-152.5,poor_quality,1,0,0,0,0.12920310663902632,-1,0.8
6121,126.57947659389193,37.02136481477785,-2.5,-152.5,unobserved,0,0,0,0,,-1,1.0
6122,126.57953278303718,37.02136481477785,2.5,-152.5,unobserved,0,0,0,0,,-1,1.0
6123,126.57958897218244,37.02136481477785,7.5,-152.5,unobserved,0,0,0,0,,-1,1.0
6124,126.5796451613277,37.02136481477785,12.5,-152.5,unobserved,0,0,0,0,,-1,1.0
6125,126.57970135047296,37.02136481477785,17.5,-152.5,unobserved,0,0,0,0,,-1,1.0
6126,126.57975753961821,37.02136481477785,22.5,-152.5,unobserved,0,0,0,0,,-1,1.0
6127,126.57981372876347,37.02136481477785,27.5,-152.5,unobserved,0,0,0,0,,-1,1.0
6128,126.57986991790872,37.02136481477785,32.5,-152.5,unobserved,0,0,0,0,,-1,1.0
6129,126.57992610705399,37.02136481477785,37.5,-152.5,unobserved,0,0,0,0,,-1,1.0
6130,126.57998229619925,37.02136481477785,42.5,-152.5,unobserved,0,0,0,0,,-1,1.0
6131,126.5800384853445,37.02136481477785,47.5,-152.5,unobserved,0,0,0,0,,-1,1.0
6132,126.58009467448976,37.02136481477785,52.5,-152.5,poor_quality,1,0,0,0,0.1320938930581848,-1,0.8
6133,126.58015086363503,37.02136481477785,57.5,-152.5,poor_quality,1,0,0,0,0.14078225415780868,-1,0.8
6134,126.58020705278028,37.02136481477785,62.5,-152.5,unobserved,0,0,0,0,,-1,1.0
6135,126.58026324192554,37.02136481477785,67.5,-152.5,unobserved,0,0,0,0,,-1,1.0
6136,126.58031943107079,37.02136481477785,72.5,-152.5,unobserved,0,0,0,0,,-1,1.0
6137,126.58037562021605,37.02136481477785,77.5,-152.5,unobserved,0,0,0,0,,-1,1.0
6138,126.58043180936131,37.02136481477785,82.5,-152.5,unobserved,0,0,0,0,,-1,1.0
6139,126.58048799850657,37.02136481477785,87.5,-152.5,unobserved,0,0,0,0,,-1,1.0
6140,126.58054418765182,37.02136481477785,92.5,-152.5,unobserved,0,0,0,0,,-1,1.0
6141,126.58060037679708,37.02136481477785,97.5,-152.5,unobserved,0,0,0,0,,-1,1.0
6142,126.58065656594235,37.02136481477785,102.5,-152.5,unobserved,0,0,0,0,,-1,1.0
6143,126.5807127550876,37.02136481477785,107.5,-152.5,unobserved,0,0,0,0,,-1,1.0
6144,126.58076894423286,37.02136481477785,112.5,-152.5,unobserved,0,0,0,0,,-1,1.0
6145,126.58082513337811,37.02136481477785,117.5,-152.5,unobserved,0,0,0,0,,-1,1.0
6146,126.58088132252337,37.02136481477785,122.5,-152.5,unobserved,0,0,0,0,,-1,1.0
6147,126.58093751166864,37.02136481477785,127.5,-152.5,unobserved,0,0,0,0,,-1,1.0
6148,126.58099370081389,37.02136481477785,132.5,-152.5,unobserved,0,0,0,0,,-1,1.0
6149,126.58104988995915,37.02136481477785,137.5,-152.5,unobserved,0,0,0,0,,-1,1.0
6150,126.5811060791044,37.02136481477785,142.5,-152.5,unobserved,0,0,0,0,,-1,1.0
6151,126.58116226824966,37.02136481477785,147.5,-152.5,unobserved,0,0,0,0,,-1,1.0
6152,126.58121845739493,37.02136481477785,152.5,-152.5,unobserved,0,0,0,0,,-1,1.0
6230,126.57750997380789,37.021409868724724,-177.5,-147.5,unobserved,0,0,0,0,,-1,1.0
6231,126.57756616295315,37.021409868724724,-172.5,-147.5,unobserved,0,0,0,0,,-1,1.0
6232,126.57762235209842,37.021409868724724,-167.5,-147.5,unobserved,0,0,0,0,,-1,1.0
6233,126.57767854124367,37.021409868724724,-162.5,-147.5,unobserved,0,0,0,0,,-1,1.0
6234,126.57773473038893,37.021409868724724,-157.5,-147.5,unobserved,0,0,0,0,,-1,1.0
6235,126.57779091953418,37.021409868724724,-152.5,-147.5,unobserved,0,0,0,0,,-1,1.0
6236,126.57784710867945,37.021409868724724,-147.5,-147.5,poor_quality,2,0,0,0,0.15142604044749924,-1,0.8
6237,126.5779032978247,37.021409868724724,-142.5,-147.5,poor_quality,2,0,0,0,0.14660140887255477,-1,0.8
6238,126.57795948696996,37.021409868724724,-137.5,-147.5,poor_quality,3,0,0,0,0.14196752020426345,-1,0.8
6239,126.57801567611521,37.021409868724724,-132.5,-147.5,poor_quality,3,0,0,0,0.13753007005259396,-1,0.8
6240,126.57807186526047,37.021409868724724,-127.5,-147.5,poor_quality,3,0,0,0,0.13329506173964847,-1,0.8
6241,126.57812805440574,37.021409868724724,-122.5,-147.5,poor_quality,3,0,0,0,0.1292687418120028,-1,0.8
6242,126.578184243551,37.021409868724724,-117.5,-147.5,poor_quality,3,0,0,0,0.12545749780315912,-1,0.8
6243,126.57824043269625,37.021409868724724,-112.5,-147.5,poor_quality,6,0,0,0,0.12186770929813723,-1,0.8
6244,126.5782966218415,37.021409868724724,-107.5,-147.5,poor_quality,9,0,0,0,0.11850554465316625,-1,0.8
6245,126.57835281098676,37.021409868724724,-102.5,-147.5,poor_quality,11,0,0,0,0.11537669930306889,-1,0.8
6246,126.57840900013203,37.021409868724724,-97.5,-147.5,poor_quality,12,0,0,0,0.11248607809791678,-1,0.8
6247,126.57846518927728,37.021409868724724,-92.5,-147.5,poor_quality,11,0,0,0,0.10983743368131732,-1,0.8
6248,126.57852137842254,37.021409868724724,-87.5,-147.5,poor_quality,14,0,0,0,0.1074329846828517,-1,0.8
6249,126.57857756756779,37.021409868724724,-82.5,-147.5,poor_quality,15,0,0,0,0.10527304921235296,-1,0.8
6250,126.57863375671306,37.021409868724724,-77.5,-147.5,poor_quality,13,0,0,0,0.10335573734488795,-1,0.8
6251,126.57868994585832,37.021409868724724,-72.5,-147.5,needs_revisit,13,1,1,1,0.07974804004416514,172,0.4
6252,126.57874613500357,37.021409868724724,-67.5,-147.5,needs_revisit,13,1,1,1,0.08231719337449654,172,0.4
6253,126.57880232414882,37.021409868724724,-62.5,-147.5,needs_revisit,15,2,1,1,0.08507223446773626,172,0.4
6254,126.57885851329408,37.021409868724724,-57.5,-147.5,needs_revisit,15,2,1,1,0.0880258058187166,172,0.4
6255,126.57891470243935,37.021409868724724,-52.5,-147.5,needs_revisit,16,2,1,1,0.09118882206515012,172,0.4
6256,126.5789708915846,37.021409868724724,-47.5,-147.5,needs_revisit,16,2,1,1,0.09457032804923798,172,0.4
6257,126.57902708072986,37.021409868724724,-42.5,-147.5,needs_revisit,15,2,1,1,0.09607760307384279,171,0.4
6258,126.57908326987511,37.021409868724724,-37.5,-147.5,needs_revisit,14,1,1,1,0.09576593410422213,171,0.4
6259,126.57913945902038,37.021409868724724,-32.5,-147.5,needs_revisit,11,1,1,1,0.09559099822404324,171,0.4
6260,126.57919564816564,37.021409868724724,-27.5,-147.5,needs_revisit,7,1,1,1,0.09553727978635271,171,0.4
6261,126.57925183731089,37.021409868724724,-22.5,-147.5,poor_quality,5,0,0,0,0.11128294410188933,-1,0.8
6262,126.57930802645615,37.021409868724724,-17.5,-147.5,poor_quality,3,0,0,0,0.12031847499851732,-1,0.8
6263,126.5793642156014,37.021409868724724,-12.5,-147.5,poor_quality,2,0,0,0,0.11995803329787295,-1,0.8
6264,126.57942040474667,37.021409868724724,-7.5,-147.5,unobserved,0,0,0,0,,-1,1.0
6265,126.57947659389193,37.021409868724724,-2.5,-147.5,unobserved,0,0,0,0,,-1,1.0
6266,126.57953278303718,37.021409868724724,2.5,-147.5,unobserved,0,0,0,0,,-1,1.0
6267,126.57958897218244,37.021409868724724,7.5,-147.5,unobserved,0,0,0,0,,-1,1.0
6268,126.5796451613277,37.021409868724724,12.5,-147.5,unobserved,0,0,0,0,,-1,1.0
6269,126.57970135047296,37.021409868724724,17.5,-147.5,unobserved,0,0,0,0,,-1,1.0
6270,126.57975753961821,37.021409868724724,22.5,-147.5,unobserved,0,0,0,0,,-1,1.0
6271,126.57981372876347,37.021409868724724,27.5,-147.5,unobserved,0,0,0,0,,-1,1.0
6272,126.57986991790872,37.021409868724724,32.5,-147.5,unobserved,0,0,0,0,,-1,1.0
6273,126.57992610705399,37.021409868724724,37.5,-147.5,unobserved,0,0,0,0,,-1,1.0
6274,126.57998229619925,37.021409868724724,42.5,-147.5,unobserved,0,0,0,0,,-1,1.0
6275,126.5800384853445,37.021409868724724,47.5,-147.5,poor_quality,1,0,0,0,0.11867209434828613,-1,0.8
6276,126.58009467448976,37.021409868724724,52.5,-147.5,poor_quality,1,0,0,0,0.12688662565006212,-1,0.8
6277,126.58015086363503,37.021409868724724,57.5,-147.5,poor_quality,1,0,0,0,0.13547566657924834,-1,0.8
6278,126.58020705278028,37.021409868724724,62.5,-147.5,poor_quality,1,0,0,0,0.14444460392791975,-1,0.8
6279,126.58026324192554,37.021409868724724,67.5,-147.5,unobserved,0,0,0,0,,-1,1.0
6280,126.58031943107079,37.021409868724724,72.5,-147.5,unobserved,0,0,0,0,,-1,1.0
6281,126.58037562021605,37.021409868724724,77.5,-147.5,unobserved,0,0,0,0,,-1,1.0
6282,126.58043180936131,37.021409868724724,82.5,-147.5,unobserved,0,0,0,0,,-1,1.0
6283,126.58048799850657,37.021409868724724,87.5,-147.5,unobserved,0,0,0,0,,-1,1.0
6284,126.58054418765182,37.021409868724724,92.5,-147.5,unobserved,0,0,0,0,,-1,1.0
6285,126.58060037679708,37.021409868724724,97.5,-147.5,unobserved,0,0,0,0,,-1,1.0
6286,126.58065656594235,37.021409868724724,102.5,-147.5,unobserved,0,0,0,0,,-1,1.0
6287,126.5807127550876,37.021409868724724,107.5,-147.5,unobserved,0,0,0,0,,-1,1.0
6288,126.58076894423286,37.021409868724724,112.5,-147.5,unobserved,0,0,0,0,,-1,1.0
6289,126.58082513337811,37.021409868724724,117.5,-147.5,unobserved,0,0,0,0,,-1,1.0
6290,126.58088132252337,37.021409868724724,122.5,-147.5,unobserved,0,0,0,0,,-1,1.0
6291,126.58093751166864,37.021409868724724,127.5,-147.5,unobserved,0,0,0,0,,-1,1.0
6292,126.58099370081389,37.021409868724724,132.5,-147.5,unobserved,0,0,0,0,,-1,1.0
6293,126.58104988995915,37.021409868724724,137.5,-147.5,unobserved,0,0,0,0,,-1,1.0
6294,126.5811060791044,37.021409868724724,142.5,-147.5,unobserved,0,0,0,0,,-1,1.0
6295,126.58116226824966,37.021409868724724,147.5,-147.5,unobserved,0,0,0,0,,-1,1.0
6296,126.58121845739493,37.021409868724724,152.5,-147.5,unobserved,0,0,0,0,,-1,1.0
6374,126.57750997380789,37.021454922671595,-177.5,-142.5,unobserved,0,0,0,0,,-1,1.0
6375,126.57756616295315,37.021454922671595,-172.5,-142.5,unobserved,0,0,0,0,,-1,1.0
6376,126.57762235209842,37.021454922671595,-167.5,-142.5,unobserved,0,0,0,0,,-1,1.0
6377,126.57767854124367,37.021454922671595,-162.5,-142.5,unobserved,0,0,0,0,,-1,1.0
6378,126.57773473038893,37.021454922671595,-157.5,-142.5,unobserved,0,0,0,0,,-1,1.0
6379,126.57779091953418,37.021454922671595,-152.5,-142.5,poor_quality,2,0,0,0,0.1469609681749171,-1,0.8
6380,126.57784710867945,37.021454922671595,-147.5,-142.5,poor_quality,2,0,0,0,0.14202107150749205,-1,0.8
6381,126.5779032978247,37.021454922671595,-142.5,-142.5,poor_quality,3,0,0,0,0.1372622177583645,-1,0.8
6382,126.57795948696996,37.021454922671595,-137.5,-142.5,poor_quality,3,0,0,0,0.13268983514615137,-1,0.8
6383,126.57801567611521,37.021454922671595,-132.5,-142.5,poor_quality,3,0,0,0,0.12830978071364782,-1,0.8
6384,126.57807186526047,37.021454922671595,-127.5,-142.5,poor_quality,3,0,0,0,0.12412832430566086,-1,0.8
6385,126.57812805440574,37.021454922671595,-122.5,-142.5,poor_quality,6,0,0,0,0.12015210329178914,-1,0.8
6386,126.578184243551,37.021454922671595,-117.5,-142.5,poor_quality,9,0,0,0,0.11638803652590254,-1,0.8
6387,126.57824043269625,37.021454922671595,-112.5,-142.5,poor_quality,11,0,0,0,0.1128431845336506,-1,0.8
6388,126.5782966218415,37.021454922671595,-107.5,-142.5,poor_quality,12,0,0,0,0.10952454299026708,-1,0.8
6389,126.57835281098676,37.021454922671595,-102.5,-142.5,poor_quality,12,0,0,0,0.10643875947199925,-1,0.8
6390,126.57840900013203,37.021454922671595,-97.5,-142.5,poor_quality,17,0,0,0,0.10359177061604896,-1,0.8
6391,126.57846518927728,37.021454922671595,-92.5,-142.5,poor_quality,17,0,0,0,0.10098836911600048,-1,0.8
6392,126.57852137842254,37.021454922671595,-87.5,-142.5,needs_revisit,17,1,1,1,0.09863172694671113,171,0.4
6393,126.57857756756779,37.021454922671595,-82.5,-142.5,needs_revisit,18,1,1,1,0.09652292007296555,171,0.4
6394,126.57863375671306,37.021454922671595,-77.5,-142.5,needs_revisit,17,2,1,1,0.07110496764413089,172,0.4
6395,126.57868994585832,37.021454922671595,-72.5,-142.5,needs_revisit,15,2,1,1,0.07339832345966997,172,0.4
6396,126.57874613500357,37.021454922671595,-67.5,-142.5,needs_revisit,14,2,1,1,0.07586523524167212,172,0.4
6397,126.57880232414882,37.021454922671595,-62.5,-142.5,criteria_met,16,3,2,2,0.07852086779703045,172,0.0
6398,126.57885851329408,37.021454922671595,-57.5,-142.5,criteria_met,16,4,2,2,0.08137867671488716,172,0.0
6399,126.57891470243935,37.021454922671595,-52.5,-142.5,criteria_met,16,4,2,1,0.08445011122207112,172,0.0
6400,126.5789708915846,37.021454922671595,-47.5,-142.5,criteria_met,17,4,2,2,0.08774444598892789,172,0.0
6401,126.57902708072986,37.021454922671595,-42.5,-142.5,criteria_met,17,4,2,1,0.0878317362987189,171,0.0
6402,126.57908326987511,37.021454922671595,-37.5,-142.5,criteria_met,18,4,2,1,0.08757988868424939,171,0.0
6403,126.57913945902038,37.021454922671595,-32.5,-142.5,needs_revisit,15,3,1,1,0.0874599276009075,171,0.4
6404,126.57919564816564,37.021454922671595,-27.5,-142.5,needs_revisit,9,1,1,1,0.08745543129886545,171,0.4
6405,126.57925183731089,37.021454922671595,-22.5,-142.5,poor_quality,5,0,0,0,0.1115365784983185,-1,0.8
6406,126.57930802645615,37.021454922671595,-17.5,-142.5,poor_quality,5,0,0,0,0.11110645672550921,-1,0.8
6407,126.5793642156014,37.021454922671595,-12.5,-142.5,poor_quality,2,0,0,0,0.1108030081689568,-1,0.8
6408,126.57942040474667,37.021454922671595,-7.5,-142.5,poor_quality,1,0,0,0,0.14282349489033833,-1,0.8
6409,126.57947659389193,37.021454922671595,-2.5,-142.5,unobserved,0,0,0,0,,-1,1.0
6410,126.57953278303718,37.021454922671595,2.5,-142.5,unobserved,0,0,0,0,,-1,1.0
6411,126.57958897218244,37.021454922671595,7.5,-142.5,unobserved,0,0,0,0,,-1,1.0
6412,126.5796451613277,37.021454922671595,12.5,-142.5,unobserved,0,0,0,0,,-1,1.0
6413,126.57970135047296,37.021454922671595,17.5,-142.5,unobserved,0,0,0,0,,-1,1.0
6414,126.57975753961821,37.021454922671595,22.5,-142.5,unobserved,0,0,0,0,,-1,1.0
6415,126.57981372876347,37.021454922671595,27.5,-142.5,unobserved,0,0,0,0,,-1,1.0
6416,126.57986991790872,37.021454922671595,32.5,-142.5,unobserved,0,0,0,0,,-1,1.0
6417,126.57992610705399,37.021454922671595,37.5,-142.5,unobserved,0,0,0,0,,-1,1.0
6418,126.57998229619925,37.021454922671595,42.5,-142.5,poor_quality,1,0,0,0,0.10598729567701969,-1,0.8
6419,126.5800384853445,37.021454922671595,47.5,-142.5,poor_quality,1,0,0,0,0.11372704562462038,-1,0.8
6420,126.58009467448976,37.021454922671595,52.5,-142.5,poor_quality,1,0,0,0,0.12184135323680906,-1,0.8
6421,126.58015086363503,37.021454922671595,57.5,-142.5,poor_quality,2,0,0,0,0.10715082489300935,-1,0.8
6422,126.58020705278028,37.021454922671595,62.5,-142.5,poor_quality,1,0,0,0,0.1392161332284605,-1,0.8
6423,126.58026324192554,37.021454922671595,67.5,-142.5,poor_quality,1,0,0,0,0.1484851946898654,-1,0.8
6424,126.58031943107079,37.021454922671595,72.5,-142.5,poor_quality,1,0,0,0,0.15814634556877477,-1,0.8
6425,126.58037562021605,37.021454922671595,77.5,-142.5,unobserved,0,0,0,0,,-1,1.0
6426,126.58043180936131,37.021454922671595,82.5,-142.5,unobserved,0,0,0,0,,-1,1.0
6427,126.58048799850657,37.021454922671595,87.5,-142.5,unobserved,0,0,0,0,,-1,1.0
6428,126.58054418765182,37.021454922671595,92.5,-142.5,unobserved,0,0,0,0,,-1,1.0
6429,126.58060037679708,37.021454922671595,97.5,-142.5,unobserved,0,0,0,0,,-1,1.0
6430,126.58065656594235,37.021454922671595,102.5,-142.5,unobserved,0,0,0,0,,-1,1.0
6431,126.5807127550876,37.021454922671595,107.5,-142.5,unobserved,0,0,0,0,,-1,1.0
6432,126.58076894423286,37.021454922671595,112.5,-142.5,unobserved,0,0,0,0,,-1,1.0
6433,126.58082513337811,37.021454922671595,117.5,-142.5,unobserved,0,0,0,0,,-1,1.0
6434,126.58088132252337,37.021454922671595,122.5,-142.5,unobserved,0,0,0,0,,-1,1.0
6435,126.58093751166864,37.021454922671595,127.5,-142.5,unobserved,0,0,0,0,,-1,1.0
6436,126.58099370081389,37.021454922671595,132.5,-142.5,unobserved,0,0,0,0,,-1,1.0
6437,126.58104988995915,37.021454922671595,137.5,-142.5,unobserved,0,0,0,0,,-1,1.0
6438,126.5811060791044,37.021454922671595,142.5,-142.5,unobserved,0,0,0,0,,-1,1.0
6439,126.58116226824966,37.021454922671595,147.5,-142.5,unobserved,0,0,0,0,,-1,1.0
6440,126.58121845739493,37.021454922671595,152.5,-142.5,unobserved,0,0,0,0,,-1,1.0
6518,126.57750997380789,37.021499976618465,-177.5,-137.5,unobserved,0,0,0,0,,-1,1.0
6519,126.57756616295315,37.021499976618465,-172.5,-137.5,unobserved,0,0,0,0,,-1,1.0
6520,126.57762235209842,37.021499976618465,-167.5,-137.5,unobserved,0,0,0,0,,-1,1.0
6521,126.57767854124367,37.021499976618465,-162.5,-137.5,unobserved,0,0,0,0,,-1,1.0
6522,126.57773473038893,37.021499976618465,-157.5,-137.5,poor_quality,2,0,0,0,0.1429025044572508,-1,0.8
6523,126.57779091953418,37.021499976618465,-152.5,-137.5,poor_quality,2,0,0,0,0.13786483890249032,-1,0.8
6524,126.57784710867945,37.021499976618465,-147.5,-137.5,poor_quality,3,0,0,0,0.13299856645318145,-1,0.8
6525,126.5779032978247,37.021499976618465,-142.5,-137.5,poor_quality,3,0,0,0,0.12830863189016672,-1,0.8
6526,126.57795948696996,37.021499976618465,-137.5,-137.5,poor_quality,3,0,0,0,0.12380046868203567,-1,0.8
6527,126.57801567611521,37.021499976618465,-132.5,-137.5,poor_quality,3,0,0,0,0.11948002450730895,-1,0.8
6528,126.57807186526047,37.021499976618465,-127.5,-137.5,poor_quality,7,0,0,0,0.11535377030242568,-1,0.8
6529,126.57812805440574,37.021499976618465,-122.5,-137.5,poor_quality,9,0,0,0,0.11142868214312798,-1,0.8
6530,126.578184243551,37.021499976618465,-117.5,-137.5,poor_quality,12,0,0,0,0.10771218169531033,-1,0.8
6531,126.57824043269625,37.021499976618465,-112.5,-137.5,poor_quality,12,0,0,0,0.10421201751525876,-1,0.8
6532,126.5782966218415,37.021499976618465,-107.5,-137.5,poor_quality,15,0,0,0,0.10093606729113504,-1,0.8
6533,126.57835281098676,37.021499976618465,-102.5,-137.5,needs_revisit,18,1,1,1,0.09789204208546327,171,0.4
6534,126.57840900013203,37.021499976618465,-97.5,-137.5,needs_revisit,19,1,1,1,0.0950870802706939,171,0.4
6535,126.57846518927728,37.021499976618465,-92.5,-137.5,needs_revisit,19,1,1,1,0.09252723358728486,171,0.4
6536,126.57852137842254,37.021499976618465,-87.5,-137.5,needs_revisit,19,1,1,1,0.09021687146535756,171,0.4
6537,126.57857756756779,37.021499976618465,-82.5,-137.5,needs_revisit,20,2,1,1,0.0881580596430284,171,0.4
6538,126.57863375671306,37.021499976618465,-77.5,-137.5,criteria_met,20,4,2,1,0.06512984427309595,172,0.0
6539,126.57868994585832,37.021499976618465,-72.5,-137.5,needs_revisit,17,3,1,1,0.0673181045399176,172,0.4
6540,126.57874613500357,37.021499976618465,-67.5,-137.5,needs_revisit,16,3,1,1,0.06968192003595608,172,0.4
6541,126.57880232414882,37.021499976618465,-62.5,-137.5,criteria_met,18,5,3,2,0.07223767650368255,172,0.0
6542,126.57885851329408,37.021499976618465,-57.5,-137.5,criteria_met,19,6,4,2,0.07499977668251318,172,0.0
6543,126.57891470243935,37.021499976618465,-52.5,-137.5,criteria_met,18,6,4,2,0.07798026316762495,172,0.0
6544,126.5789708915846,37.021499976618465,-47.5,-137.5,criteria_met,20,6,4,2,0.08031328323787504,171,0.0
6545,126.57902708072986,37.021499976618465,-42.5,-137.5,criteria_met,21,6,4,1,0.07997665864935326,171,0.0
6546,126.57908326987511,37.021499976618465,-37.5,-137.5,criteria_met,20,7,4,1,0.07978437675242718,171,0.0
6547,126.57913945902038,37.021499976618465,-32.5,-137.5,criteria_met,18,5,3,1,0.07971834175036903,171,0.0
6548,126.57919564816564,37.021499976618465,-27.5,-137.5,criteria_met,10,2,2,1,0.09394079003639637,169,0.0
6549,126.57925183731089,37.021499976618465,-22.5,-137.5,poor_quality,6,0,0,0,0.10265155385898865,-1,0.8
6550,126.57930802645615,37.021499976618465,-17.5,-137.5,poor_quality,5,0,0,0,0.10228208233394083,-1,0.8
6551,126.5793642156014,37.021499976618465,-12.5,-137.5,poor_quality,3,0,0,0,0.10203464665572437,-1,0.8
6552,126.57942040474667,37.021499976618465,-7.5,-137.5,poor_quality,1,0,0,0,0.13545547142156822,-1,0.8
6553,126.57947659389193,37.021499976618465,-2.5,-137.5,unobserved,0,0,0,0,,-1,1.0
6554,126.57953278303718,37.021499976618465,2.5,-137.5,unobserved,0,0,0,0,,-1,1.0
6555,126.57958897218244,37.021499976618465,7.5,-137.5,unobserved,0,0,0,0,,-1,1.0
6556,126.5796451613277,37.021499976618465,12.5,-137.5,unobserved,0,0,0,0,,-1,1.0
6557,126.57970135047296,37.021499976618465,17.5,-137.5,unobserved,0,0,0,0,,-1,1.0
6558,126.57975753961821,37.021499976618465,22.5,-137.5,unobserved,0,0,0,0,,-1,1.0
6559,126.57981372876347,37.021499976618465,27.5,-137.5,unobserved,0,0,0,0,,-1,1.0
6560,126.57986991790872,37.021499976618465,32.5,-137.5,unobserved,0,0,0,0,,-1,1.0
6561,126.57992610705399,37.021499976618465,37.5,-137.5,needs_revisit,2,2,1,1,0.09133683856554854,138,0.4
6562,126.57998229619925,37.021499976618465,42.5,-137.5,poor_quality,1,0,0,0,0.10130420218735259,-1,0.8
6563,126.5800384853445,37.021499976618465,47.5,-137.5,needs_revisit,2,1,1,1,0.09044684040148072,140,0.4
6564,126.58009467448976,37.021499976618465,52.5,-137.5,needs_revisit,2,1,1,1,0.0968261586015478,140,0.4
6565,126.58015086363503,37.021499976618465,57.5,-137.5,poor_quality,2,0,0,0,0.10349704419751164,-1,0.8
6566,126.58020705278028,37.021499976618465,62.5,-137.5,poor_quality,1,0,0,0,0.13416417468443517,-1,0.8
6567,126.58026324192554,37.021499976618465,67.5,-137.5,poor_quality,1,0,0,0,0.14335394548043065,-1,0.8
6568,126.58031943107079,37.021499976618465,72.5,-137.5,poor_quality,1,0,0,0,0.15293969642755315,-1,0.8
6569,126.58037562021605,37.021499976618465,77.5,-137.5,unobserved,0,0,0,0,,-1,1.0
6570,126.58043180936131,37.021499976618465,82.5,-137.5,unobserved,0,0,0,0,,-1,1.0
6571,126.58048799850657,37.021499976618465,87.5,-137.5,unobserved,0,0,0,0,,-1,1.0
6572,126.58054418765182,37.021499976618465,92.5,-137.5,unobserved,0,0,0,0,,-1,1.0
6573,126.58060037679708,37.021499976618465,97.5,-137.5,unobserved,0,0,0,0,,-1,1.0
6574,126.58065656594235,37.021499976618465,102.5,-137.5,unobserved,0,0,0,0,,-1,1.0
6575,126.5807127550876,37.021499976618465,107.5,-137.5,unobserved,0,0,0,0,,-1,1.0
6576,126.58076894423286,37.021499976618465,112.5,-137.5,unobserved,0,0,0,0,,-1,1.0
6577,126.58082513337811,37.021499976618465,117.5,-137.5,unobserved,0,0,0,0,,-1,1.0
6578,126.58088132252337,37.021499976618465,122.5,-137.5,unobserved,0,0,0,0,,-1,1.0
6579,126.58093751166864,37.021499976618465,127.5,-137.5,unobserved,0,0,0,0,,-1,1.0
6580,126.58099370081389,37.021499976618465,132.5,-137.5,unobserved,0,0,0,0,,-1,1.0
6581,126.58104988995915,37.021499976618465,137.5,-137.5,unobserved,0,0,0,0,,-1,1.0
6582,126.5811060791044,37.021499976618465,142.5,-137.5,unobserved,0,0,0,0,,-1,1.0
6583,126.58116226824966,37.021499976618465,147.5,-137.5,unobserved,0,0,0,0,,-1,1.0
6584,126.58121845739493,37.021499976618465,152.5,-137.5,unobserved,0,0,0,0,,-1,1.0
6662,126.57750997380789,37.02154503056534,-177.5,-132.5,unobserved,0,0,0,0,,-1,1.0
6663,126.57756616295315,37.02154503056534,-172.5,-132.5,unobserved,0,0,0,0,,-1,1.0
6664,126.57762235209842,37.02154503056534,-167.5,-132.5,unobserved,0,0,0,0,,-1,1.0
6665,126.57767854124367,37.02154503056534,-162.5,-132.5,poor_quality,2,0,0,0,0.13921741064453852,-1,0.8
6666,126.57773473038893,37.02154503056534,-157.5,-132.5,poor_quality,2,0,0,0,0.13410017233298452,-1,0.8
6667,126.57779091953418,37.02154503056534,-152.5,-132.5,poor_quality,3,0,0,0,0.129145101604446,-1,0.8
6668,126.57784710867945,37.02154503056534,-147.5,-132.5,poor_quality,3,0,0,0,0.12435651795202528,-1,0.8
6669,126.5779032978247,37.02154503056534,-142.5,-132.5,poor_quality,3,0,0,0,0.1197392312931245,-1,0.8
6670,126.57795948696996,37.02154503056534,-137.5,-132.5,poor_quality,3,0,0,0,0.1152985954268785,-1,0.8
6671,126.57801567611521,37.02154503056534,-132.5,-132.5,poor_quality,7,0,0,0,0.11104055809210868,-1,0.8
6672,126.57807186526047,37.02154503056534,-127.5,-132.5,poor_quality,10,0,0,0,0.10697170043446805,-1,0.8
6673,126.57812805440574,37.02154503056534,-122.5,-132.5,poor_quality,12,0,0,0,0.10309925467126682,-1,0.8
6674,126.578184243551,37.02154503056534,-117.5,-132.5,needs_revisit,12,1,1,1,0.09943108351475191,171,0.4
6675,126.57824043269625,37.02154503056534,-112.5,-132.5,needs_revisit,17,1,1,1,0.09597559882462527,171,0.4
6676,126.5782966218415,37.02154503056534,-107.5,-132.5,needs_revisit,19,1,1,1,0.0927415911554332,171,0.4
6677,126.57835281098676,37.02154503056534,-102.5,-132.5,needs_revisit,20,1,1,1,0.08973793877445009,171,0.4
6678,126.57840900013203,37.02154503056534,-97.5,-132.5,needs_revisit,20,2,1,1,0.08697316836072957,171,0.4
6679,126.57846518927728,37.02154503056534,-92.5,-132.5,criteria_met,20,3,2,1,0.08445485505628057,171,0.0
6680,126.57852137842254,37.02154503056534,-87.5,-132.5,needs_revisit,19,3,1,1,0.08218888091083554,171,0.4
6681,126.57857756756779,37.02154503056534,-82.5,-132.5,criteria_met,20,4,2,1,0.08017861702646518,171,0.0
6682,126.57863375671306,37.02154503056534,-77.5,-132.5,criteria_met,21,6,4,1,0.059425555288300146,172,0.0
6683,126.57868994585832,37.02154503056534,-72.5,-132.5,criteria_met,18,4,2,1,0.06150745896934571,172,0.0
6684,126.57874613500357,37.02154503056534,-67.5,-132.5,criteria_met,19,6,4,2,0.0637671476754922,172,0.0
6685,126.57880232414882,37.02154503056534,-62.5,-132.5,criteria_met,21,6,4,2,0.06622247340894044,172,0.0
6686,126.57885851329408,37.02154503056534,-57.5,-132.5,criteria_met,21,6,4,2,0.06888895810663119,172,0.0
6687,126.57891470243935,37.02154503056534,-52.5,-132.5,criteria_met,22,8,4,2,0.0717793049925319,172,0.0
6688,126.5789708915846,37.02154503056534,-47.5,-132.5,criteria_met,22,8,4,2,0.07278551721958323,171,0.0
6689,126.57902708072986,37.02154503056534,-42.5,-132.5,criteria_met,22,10,5,2,0.07251328839069365,171,0.0
6690,126.57908326987511,37.02154503056534,-37.5,-132.5,criteria_met,20,11,5,1,0.07238007715260428,171,0.0
6691,126.57913945902038,37.02154503056534,-32.5,-132.5,criteria_met,19,10,5,1,0.07236651925014095,171,0.0
6692,126.57919564816564,37.02154503056534,-27.5,-132.5,criteria_met,15,6,4,1,0.0857716059781338,169,0.0
6693,126.57925183731089,37.02154503056534,-22.5,-132.5,needs_revisit,8,2,1,1,0.09415507705647498,132,0.4
6694,126.57930802645615,37.02154503056534,-17.5,-132.5,needs_revisit,6,1,1,1,0.09384563164363702,132,0.4
6695,126.5793642156014,37.02154503056534,-12.5,-132.5,poor_quality,5,0,0,0,0.11284736343832143,-1,0.8
6696,126.57942040474667,37.02154503056534,-7.5,-132.5,poor_quality,2,0,0,0,0.13224099139247894,-1,0.8
6697,126.57947659389193,37.02154503056534,-2.5,-132.5,poor_quality,1,0,0,0,0.1587200616332599,-1,0.8
6698,126.57953278303718,37.02154503056534,2.5,-132.5,unobserved,0,0,0,0,,-1,1.0
6699,126.57958897218244,37.02154503056534,7.5,-132.5,unobserved,0,0,0,0,,-1,1.0
6700,126.5796451613277,37.02154503056534,12.5,-132.5,unobserved,0,0,0,0,,-1,1.0
6701,126.57970135047296,37.02154503056534,17.5,-132.5,unobserved,0,0,0,0,,-1,1.0
6702,126.57975753961821,37.02154503056534,22.5,-132.5,unobserved,0,0,0,0,,-1,1.0
6703,126.57981372876347,37.02154503056534,27.5,-132.5,unobserved,0,0,0,0,,-1,1.0
6704,126.57986991790872,37.02154503056534,32.5,-132.5,needs_revisit,2,2,1,1,0.08192558778157978,138,0.4
6705,126.57992610705399,37.02154503056534,37.5,-132.5,needs_revisit,2,2,1,1,0.08765710075740654,138,0.4
6706,126.57998229619925,37.02154503056534,42.5,-132.5,needs_revisit,2,2,1,1,0.08100700609197006,140,0.4
6707,126.5800384853445,37.02154503056534,47.5,-132.5,needs_revisit,2,1,1,1,0.08703360376999207,140,0.4
6708,126.58009467448976,37.02154503056534,52.5,-132.5,needs_revisit,2,1,1,1,0.09335313921616677,140,0.4
6709,126.58015086363503,37.02154503056534,57.5,-132.5,needs_revisit,2,1,1,1,0.09996828855023346,140,0.4
6710,126.58020705278028,37.02154503056534,62.5,-132.5,poor_quality,1,0,0,0,0.1292937333579876,-1,0.8
6711,126.58026324192554,37.02154503056534,67.5,-132.5,poor_quality,1,0,0,0,0.13840920712046942,-1,0.8
6712,126.58031943107079,37.02154503056534,72.5,-132.5,poor_quality,1,0,0,0,0.14792419670441342,-1,0.8
6713,126.58037562021605,37.02154503056534,77.5,-132.5,poor_quality,1,0,0,0,0.15783999121026154,-1,0.8
6714,126.58043180936131,37.02154503056534,82.5,-132.5,unobserved,0,0,0,0,,-1,1.0
6715,126.58048799850657,37.02154503056534,87.5,-132.5,unobserved,0,0,0,0,,-1,1.0
6716,126.58054418765182,37.02154503056534,92.5,-132.5,unobserved,0,0,0,0,,-1,1.0
6717,126.58060037679708,37.02154503056534,97.5,-132.5,unobserved,0,0,0,0,,-1,1.0
6718,126.58065656594235,37.02154503056534,102.5,-132.5,unobserved,0,0,0,0,,-1,1.0
6719,126.5807127550876,37.02154503056534,107.5,-132.5,unobserved,0,0,0,0,,-1,1.0
6720,126.58076894423286,37.02154503056534,112.5,-132.5,unobserved,0,0,0,0,,-1,1.0
6721,126.58082513337811,37.02154503056534,117.5,-132.5,unobserved,0,0,0,0,,-1,1.0
6722,126.58088132252337,37.02154503056534,122.5,-132.5,unobserved,0,0,0,0,,-1,1.0
6723,126.58093751166864,37.02154503056534,127.5,-132.5,unobserved,0,0,0,0,,-1,1.0
6724,126.58099370081389,37.02154503056534,132.5,-132.5,unobserved,0,0,0,0,,-1,1.0
6725,126.58104988995915,37.02154503056534,137.5,-132.5,unobserved,0,0,0,0,,-1,1.0
6726,126.5811060791044,37.02154503056534,142.5,-132.5,unobserved,0,0,0,0,,-1,1.0
6727,126.58116226824966,37.02154503056534,147.5,-132.5,unobserved,0,0,0,0,,-1,1.0
6728,126.58121845739493,37.02154503056534,152.5,-132.5,unobserved,0,0,0,0,,-1,1.0
6806,126.57750997380789,37.02159008451221,-177.5,-127.5,unobserved,0,0,0,0,,-1,1.0
6807,126.57756616295315,37.02159008451221,-172.5,-127.5,unobserved,0,0,0,0,,-1,1.0
6808,126.57762235209842,37.02159008451221,-167.5,-127.5,unobserved,0,0,0,0,,-1,1.0
6809,126.57767854124367,37.02159008451221,-162.5,-127.5,poor_quality,2,0,0,0,0.13069094323797723,-1,0.8
6810,126.57773473038893,37.02159008451221,-157.5,-127.5,poor_quality,3,0,0,0,0.1256660722899425,-1,0.8
6811,126.57779091953418,37.02159008451221,-152.5,-127.5,poor_quality,3,0,0,0,0.12079849304404294,-1,0.8
6812,126.57784710867945,37.02159008451221,-147.5,-127.5,poor_quality,3,0,0,0,0.11609228402804475,-1,0.8
6813,126.5779032978247,37.02159008451221,-142.5,-127.5,poor_quality,3,0,0,0,0.11155203659718371,-1,0.8
6814,126.57795948696996,37.02159008451221,-137.5,-127.5,poor_quality,7,0,0,0,0.1071829271432823,-1,0.8
6815,126.57801567611521,37.02159008451221,-132.5,-127.5,poor_quality,10,0,0,0,0.10299079305262644,-1,0.8
6816,126.57807186526047,37.02159008451221,-127.5,-127.5,needs_revisit,12,1,1,1,0.09898220668819044,171,0.4
6817,126.57812805440574,37.02159008451221,-122.5,-127.5,needs_revisit,14,1,1,1,0.0951645370466525,171,0.4
6818,126.578184243551,37.02159008451221,-117.5,-127.5,needs_revisit,18,1,1,1,0.09154598195093666,171,0.4
6819,126.57824043269625,37.02159008451221,-112.5,-127.5,needs_revisit,20,2,1,1,0.08813554447267415,171,0.4
6820,126.5782966218415,37.02159008451221,-107.5,-127.5,needs_revisit,20,2,1,1,0.08494291638540624,171,0.4
6821,126.57835281098676,37.02159008451221,-102.5,-127.5,needs_revisit,20,3,1,1,0.08197822131162456,171,0.4
6822,126.57840900013203,37.02159008451221,-97.5,-127.5,criteria_met,21,4,2,1,0.07925156634839266,171,0.0
6823,126.57846518927728,37.02159008451221,-92.5,-127.5,criteria_met,21,4,2,1,0.0767723624032089,171,0.0
6824,126.57852137842254,37.02159008451221,-87.5,-127.5,criteria_met,22,5,3,1,0.07454841087198516,171,0.0
6825,126.57857756756779,37.02159008451221,-82.5,-127.5,criteria_met,21,5,3,1,0.07258482302322967,171,0.0
6826,126.57863375671306,37.02159008451221,-77.5,-127.5,criteria_met,24,9,5,1,0.05399249474961523,172,0.0
6827,126.57868994585832,37.02159008451221,-72.5,-127.5,criteria_met,22,8,5,1,0.055966514916545924,172,0.0
6828,126.57874613500357,37.02159008451221,-67.5,-127.5,criteria_met,23,8,5,2,0.05812081606012923,172,0.0
6829,126.57880232414882,37.02159008451221,-62.5,-127.5,criteria_met,24,10,5,2,0.060475043792555756,172,0.0
6830,126.57885851329408,37.02159008451221,-57.5,-127.5,criteria_met,24,10,5,2,0.06304606517124543,172,0.0
6831,126.57891470243935,37.02159008451221,-52.5,-127.5,criteria_met,24,12,6,2,0.06584732005317935,172,0.0
6832,126.5789708915846,37.02159008451221,-47.5,-127.5,criteria_met,24,13,7,2,0.06565029740055882,171,0.0
6833,126.57902708072986,37.02159008451221,-42.5,-127.5,criteria_met,24,14,6,2,0.06544271835302268,171,0.0
6834,126.57908326987511,37.02159008451221,-37.5,-127.5,criteria_met,24,15,7,2,0.06536772257630802,171,0.0
6835,126.57913945902038,37.02159008451221,-32.5,-127.5,criteria_met,21,12,6,1,0.06540464407615854,171,0.0
6836,126.57919564816564,37.02159008451221,-27.5,-127.5,criteria_met,15,7,5,1,0.08353074574566614,172,0.0
6837,126.57925183731089,37.02159008451221,-22.5,-127.5,criteria_met,12,5,3,1,0.08604765648852294,132,0.0
6838,126.57930802645615,37.02159008451221,-17.5,-127.5,needs_revisit,6,2,1,1,0.08579738468906453,132,0.4
6839,126.5793642156014,37.02159008451221,-12.5,-127.5,poor_quality,5,0,0,0,0.10429980626793565,-1,0.8
6840,126.57942040474667,37.02159008451221,-7.5,-127.5,poor_quality,2,0,0,0,0.12403078786983236,-1,0.8
6841,126.57947659389193,37.02159008451221,-2.5,-127.5,poor_quality,2,0,0,0,0.12791758683524515,-1,0.8
6842,126.57953278303718,37.02159008451221,2.5,-127.5,poor_quality,1,0,0,0,0.14651598956221543,-1,0.8
6843,126.57958897218244,37.02159008451221,7.5,-127.5,poor_quality,1,0,0,0,0.14537156496740447,-1,0.8
6844,126.5796451613277,37.02159008451221,12.5,-127.5,poor_quality,1,0,0,0,0.14439828002399654,-1,0.8
6845,126.57970135047296,37.02159008451221,17.5,-127.5,poor_quality,1,0,0,0,0.14358413710018053,-1,0.8
6846,126.57975753961821,37.02159008451221,22.5,-127.5,unobserved,0,0,0,0,,-1,1.0
6847,126.57981372876347,37.02159008451221,27.5,-127.5,needs_revisit,2,2,1,1,0.07236504274195554,139,0.4
6848,126.57986991790872,37.02159008451221,32.5,-127.5,needs_revisit,2,2,1,1,0.07843444791755134,138,0.4
6849,126.57992610705399,37.02159008451221,37.5,-127.5,needs_revisit,3,3,1,1,0.0721010863294626,140,0.4
6850,126.57998229619925,37.02159008451221,42.5,-127.5,needs_revisit,2,2,1,1,0.07777353688300548,140,0.4
6851,126.5800384853445,37.02159008451221,47.5,-127.5,needs_revisit,2,2,1,1,0.08374056125446391,140,0.4
6852,126.58009467448976,37.02159008451221,52.5,-127.5,needs_revisit,2,1,1,1,0.09000500326702501,140,0.4
6853,126.58015086363503,37.02159008451221,57.5,-127.5,needs_revisit,2,1,1,1,0.09656885953220273,140,0.4
6854,126.58020705278028,37.02159008451221,62.5,-127.5,poor_quality,1,0,0,0,0.12461033425625835,-1,0.8
6855,126.58026324192554,37.02159008451221,67.5,-127.5,poor_quality,1,0,0,0,0.13365653728337828,-1,0.8
6856,126.58031943107079,37.02159008451221,72.5,-127.5,poor_quality,1,0,0,0,0.14310535870994193,-1,0.8
6857,126.58037562021605,37.02159008451221,77.5,-127.5,poor_quality,1,0,0,0,0.1529575288916318,-1,0.8
6858,126.58043180936131,37.02159008451221,82.5,-127.5,poor_quality,1,0,0,0,0.16321348208131037,-1,0.8
6859,126.58048799850657,37.02159008451221,87.5,-127.5,unobserved,0,0,0,0,,-1,1.0
6860,126.58054418765182,37.02159008451221,92.5,-127.5,unobserved,0,0,0,0,,-1,1.0
6861,126.58060037679708,37.02159008451221,97.5,-127.5,unobserved,0,0,0,0,,-1,1.0
6862,126.58065656594235,37.02159008451221,102.5,-127.5,unobserved,0,0,0,0,,-1,1.0
6863,126.5807127550876,37.02159008451221,107.5,-127.5,unobserved,0,0,0,0,,-1,1.0
6864,126.58076894423286,37.02159008451221,112.5,-127.5,unobserved,0,0,0,0,,-1,1.0
6865,126.58082513337811,37.02159008451221,117.5,-127.5,unobserved,0,0,0,0,,-1,1.0
6866,126.58088132252337,37.02159008451221,122.5,-127.5,unobserved,0,0,0,0,,-1,1.0
6867,126.58093751166864,37.02159008451221,127.5,-127.5,unobserved,0,0,0,0,,-1,1.0
6868,126.58099370081389,37.02159008451221,132.5,-127.5,unobserved,0,0,0,0,,-1,1.0
6869,126.58104988995915,37.02159008451221,137.5,-127.5,unobserved,0,0,0,0,,-1,1.0
6870,126.5811060791044,37.02159008451221,142.5,-127.5,unobserved,0,0,0,0,,-1,1.0
6871,126.58116226824966,37.02159008451221,147.5,-127.5,unobserved,0,0,0,0,,-1,1.0
6872,126.58121845739493,37.02159008451221,152.5,-127.5,unobserved,0,0,0,0,,-1,1.0
6950,126.57750997380789,37.02163513845908,-177.5,-122.5,unobserved,0,0,0,0,,-1,1.0
6951,126.57756616295315,37.02163513845908,-172.5,-122.5,unobserved,0,0,0,0,,-1,1.0
6952,126.57762235209842,37.02163513845908,-167.5,-122.5,poor_quality,1,0,0,0,0.1493938934884788,-1,0.8
6953,126.57767854124367,37.02163513845908,-162.5,-122.5,poor_quality,2,0,0,0,0.14294751327156024,-1,0.8
6954,126.57773473038893,37.02163513845908,-157.5,-122.5,poor_quality,3,0,0,0,0.11759549929506243,-1,0.8
6955,126.57779091953418,37.02163513845908,-152.5,-122.5,poor_quality,3,0,0,0,0.1128209066387921,-1,0.8
6956,126.57784710867945,37.02163513845908,-147.5,-122.5,poor_quality,3,0,0,0,0.10820242482713101,-1,0.8
6957,126.5779032978247,37.02163513845908,-142.5,-122.5,poor_quality,7,0,0,0,0.1037443398058306,-1,0.8
6958,126.57795948696996,37.02163513845908,-137.5,-122.5,needs_revisit,10,1,1,1,0.09945154381169673,171,0.4
6959,126.57801567611521,37.02163513845908,-132.5,-122.5,needs_revisit,12,1,1,1,0.0953296361878217,171,0.4
6960,126.57807186526047,37.02163513845908,-127.5,-122.5,needs_revisit,14,1,1,1,0.09138503335690254,171,0.4
6961,126.57812805440574,37.02163513845908,-122.5,-122.5,needs_revisit,21,2,1,1,0.08762508044207093,171,0.4
6962,126.578184243551,37.02163513845908,-117.5,-122.5,needs_revisit,21,2,1,1,0.08405814933070375,171,0.4
6963,126.57824043269625,37.02163513845908,-112.5,-122.5,needs_revisit,21,3,1,1,0.08069369598487484,171,0.4
6964,126.5782966218415,37.02163513845908,-107.5,-122.5,needs_revisit,21,3,1,1,0.07754223284622744,171,0.4
6965,126.57835281098676,37.02163513845908,-102.5,-122.5,criteria_met,21,4,2,1,0.07461515155501512,171,0.0
6966,126.57840900013203,37.02163513845908,-97.5,-122.5,criteria_met,21,4,2,1,0.07192431275114672,171,0.0
6967,126.57846518927728,37.02163513845908,-92.5,-122.5,criteria_met,22,5,3,1,0.0694813170097994,171,0.0
6968,126.57852137842254,37.02163513845908,-87.5,-122.5,criteria_met,23,7,4,1,0.06729640590255917,171,0.0
6969,126.57857756756779,37.02163513845908,-82.5,-122.5,criteria_met,23,8,4,1,0.06537703663291858,171,0.0
6970,126.57863375671306,37.02163513845908,-77.5,-122.5,criteria_met,25,11,6,1,0.048831219304873164,172,0.0
6971,126.57868994585832,37.02163513845908,-72.5,-122.5,criteria_met,25,12,6,1,0.050695482837302214,172,0.0
6972,126.57874613500357,37.02163513845908,-67.5,-122.5,criteria_met,25,12,6,2,0.052742827219199005,172,0.0
6973,126.57880232414882,37.02163513845908,-62.5,-122.5,criteria_met,27,14,8,2,0.054995140384006054,172,0.0
6974,126.57885851329408,37.02163513845908,-57.5,-122.5,criteria_met,26,14,8,2,0.057470939364663236,172,0.0
6975,126.57891470243935,37.02163513845908,-52.5,-122.5,criteria_met,25,15,7,2,0.05920062424411345,171,0.0
6976,126.5789708915846,37.02163513845908,-47.5,-122.5,criteria_met,26,16,8,2,0.05890916881193205,171,0.0
6977,126.57902708072986,37.02163513845908,-42.5,-122.5,criteria_met,27,16,8,2,0.0587662360815546,171,0.0
6978,126.57908326987511,37.02163513845908,-37.5,-122.5,criteria_met,26,17,9,2,0.058748062065048845,171,0.0
6979,126.57913945902038,37.02163513845908,-32.5,-122.5,criteria_met,23,13,6,2,0.06967647651980581,200,0.0
6980,126.57919564816564,37.02163513845908,-27.5,-122.5,criteria_met,17,9,5,1,0.0775183673651649,172,0.0
6981,126.57925183731089,37.02163513845908,-22.5,-122.5,criteria_met,14,6,3,1,0.07832986136264852,132,0.0
6982,126.57930802645615,37.02163513845908,-17.5,-122.5,criteria_met,12,4,3,1,0.0781376008194036,132,0.0
6983,126.5793642156014,37.02163513845908,-12.5,-122.5,needs_revisit,10,1,1,1,0.09610727454359501,129,0.4
6984,126.57942040474667,37.02163513845908,-7.5,-122.5,poor_quality,5,0,0,0,0.10833191197491537,-1,0.8
6985,126.57947659389193,37.02163513845908,-2.5,-122.5,poor_quality,4,0,0,0,0.10932847863874293,-1,0.8
6986,126.57953278303718,37.02163513845908,2.5,-122.5,poor_quality,3,0,0,0,0.12385164418252378,-1,0.8
6987,126.57958897218244,37.02163513845908,7.5,-122.5,poor_quality,2,0,0,0,0.13502586580253917,-1,0.8
6988,126.5796451613277,37.02163513845908,12.5,-122.5,poor_quality,3,0,0,0,0.13412125698497612,-1,0.8
6989,126.57970135047296,37.02163513845908,17.5,-122.5,poor_quality,2,0,0,0,0.1333736272976456,-1,0.8
6990,126.57975753961821,37.02163513845908,22.5,-122.5,needs_revisit,4,2,1,1,0.0626401554838407,139,0.4
6991,126.57981372876347,37.02163513845908,27.5,-122.5,needs_revisit,4,2,1,1,0.06846695886696377,139,0.4
6992,126.57986991790872,37.02163513845908,32.5,-122.5,needs_revisit,4,3,1,1,0.06373002182543659,140,0.4
6993,126.57992610705399,37.02163513845908,37.5,-122.5,needs_revisit,4,3,1,1,0.0690465048422822,140,0.4
6994,126.57998229619925,37.02163513845908,42.5,-122.5,needs_revisit,3,2,1,1,0.07465953928250615,140,0.4
6995,126.5800384853445,37.02163513845908,47.5,-122.5,needs_revisit,2,2,1,1,0.0805721771452517,140,0.4
6996,126.58009467448976,37.02163513845908,52.5,-122.5,needs_revisit,2,1,1,1,0.08678643334227198,140,0.4
6997,126.58015086363503,37.02163513845908,57.5,-122.5,needs_revisit,2,1,1,1,0.09330355834507804,140,0.4
6998,126.58020705278028,37.02163513845908,62.5,-122.5,poor_quality,1,0,0,0,0.12012005798958275,-1,0.8
6999,126.58026324192554,37.02163513845908,67.5,-122.5,poor_quality,1,0,0,0,0.12910196516196154,-1,0.8
7000,126.58031943107079,37.02163513845908,72.5,-122.5,poor_quality,2,0,0,0,0.12335403465972498,-1,0.8
7001,126.58037562021605,37.02163513845908,77.5,-122.5,poor_quality,1,0,0,0,0.14828159307445787,-1,0.8
7002,126.58043180936131,37.02163513845908,82.5,-122.5,poor_quality,1,0,0,0,0.1584794987059589,-1,0.8
7003,126.58048799850657,37.02163513845908,87.5,-122.5,poor_quality,1,0,0,0,0.1690826620145,-1,0.8
7004,126.58054418765182,37.02163513845908,92.5,-122.5,unobserved,0,0,0,0,,-1,1.0
7005,126.58060037679708,37.02163513845908,97.5,-122.5,unobserved,0,0,0,0,,-1,1.0
7006,126.58065656594235,37.02163513845908,102.5,-122.5,unobserved,0,0,0,0,,-1,1.0
7007,126.5807127550876,37.02163513845908,107.5,-122.5,unobserved,0,0,0,0,,-1,1.0
7008,126.58076894423286,37.02163513845908,112.5,-122.5,unobserved,0,0,0,0,,-1,1.0
7009,126.58082513337811,37.02163513845908,117.5,-122.5,unobserved,0,0,0,0,,-1,1.0
7010,126.58088132252337,37.02163513845908,122.5,-122.5,unobserved,0,0,0,0,,-1,1.0
7011,126.58093751166864,37.02163513845908,127.5,-122.5,unobserved,0,0,0,0,,-1,1.0
7012,126.58099370081389,37.02163513845908,132.5,-122.5,unobserved,0,0,0,0,,-1,1.0
7013,126.58104988995915,37.02163513845908,137.5,-122.5,unobserved,0,0,0,0,,-1,1.0
7014,126.5811060791044,37.02163513845908,142.5,-122.5,unobserved,0,0,0,0,,-1,1.0
7015,126.58116226824966,37.02163513845908,147.5,-122.5,unobserved,0,0,0,0,,-1,1.0
7016,126.58121845739493,37.02163513845908,152.5,-122.5,unobserved,0,0,0,0,,-1,1.0
7094,126.57750997380789,37.02168019240596,-177.5,-117.5,unobserved,0,0,0,0,,-1,1.0
7095,126.57756616295315,37.02168019240596,-172.5,-117.5,unobserved,0,0,0,0,,-1,1.0
7096,126.57762235209842,37.02168019240596,-167.5,-117.5,unobserved,0,0,0,0,,-1,1.0
7097,126.57767854124367,37.02168019240596,-162.5,-117.5,poor_quality,2,0,0,0,0.13345740161354844,-1,0.8
7098,126.57773473038893,37.02168019240596,-157.5,-117.5,poor_quality,2,0,0,0,0.12735026146388664,-1,0.8
7099,126.57779091953418,37.02168019240596,-152.5,-117.5,poor_quality,3,0,0,0,0.10520721773674055,-1,0.8
7100,126.57784710867945,37.02168019240596,-147.5,-117.5,poor_quality,7,0,0,0,0.1006825101199213,-1,0.8
7101,126.5779032978247,37.02168019240596,-142.5,-117.5,needs_revisit,8,1,1,1,0.09631249697107448,171,0.4
7102,126.57795948696996,37.02168019240596,-137.5,-117.5,needs_revisit,12,1,1,1,0.09210167727680389,171,0.4
7103,126.57801567611521,37.02168019240596,-132.5,-117.5,needs_revisit,16,2,1,1,0.08805527370514489,171,0.4
7104,126.57807186526047,37.02168019240596,-127.5,-117.5,needs_revisit,22,2,1,1,0.08417937585068888,171,0.4
7105,126.57812805440574,37.02168019240596,-122.5,-117.5,needs_revisit,22,3,1,1,0.08048110301357518,171,0.4
7106,126.578184243551,37.02168019240596,-117.5,-117.5,needs_revisit,21,3,1,1,0.0769687770206529,171,0.4
7107,126.57824043269625,37.02168019240596,-112.5,-117.5,needs_revisit,21,3,1,1,0.07365208233294655,171,0.4
7108,126.5782966218415,37.02168019240596,-107.5,-117.5,needs_revisit,21,3,1,1,0.07054216835966405,171,0.4
7109,126.57835281098676,37.02168019240596,-102.5,-117.5,criteria_met,21,5,3,1,0.06765161543819756,171,0.0
7110,126.57840900013203,37.02168019240596,-97.5,-117.5,criteria_met,23,6,4,1,0.06499414410019728,171,0.0
7111,126.57846518927728,37.02168019240596,-92.5,-117.5,criteria_met,25,9,4,1,0.06258391231270068,171,0.0
7112,126.57852137842254,37.02168019240596,-87.5,-117.5,criteria_met,25,10,4,1,0.06043425428218985,171,0.0
7113,126.57857756756779,37.02168019240596,-82.5,-117.5,criteria_met,27,12,5,1,0.05855582366441611,171,0.0
7114,126.57863375671306,37.02168019240596,-77.5,-117.5,criteria_met,27,14,6,1,0.04394252857360805,172,0.0
7115,126.57868994585832,37.02168019240596,-72.5,-117.5,criteria_met,29,16,7,1,0.045694704627963004,172,0.0
7116,126.57874613500357,37.02168019240596,-67.5,-117.5,criteria_met,28,15,8,2,0.04763309921585131,172,0.0
7117,126.57880232414882,37.02168019240596,-62.5,-117.5,criteria_met,27,17,8,2,0.04978247727722556,172,0.0
7118,126.57885851329408,37.02168019240596,-57.5,-117.5,criteria_met,30,19,9,2,0.05216343090267115,172,0.0
7119,126.57891470243935,37.02168019240596,-52.5,-117.5,criteria_met,30,19,9,2,0.052783755242440965,171,0.0
7120,126.5789708915846,37.02168019240596,-47.5,-117.5,criteria_met,32,22,11,2,0.05256407780951205,171,0.0
7121,126.57902708072986,37.02168019240596,-42.5,-117.5,criteria_met,30,22,10,2,0.05248532745465162,171,0.0
7122,126.57908326987511,37.02168019240596,-37.5,-117.5,criteria_met,29,21,9,2,0.052521781446949,171,0.0
7123,126.57913945902038,37.02168019240596,-32.5,-117.5,criteria_met,25,17,8,2,0.062487950257347116,200,0.0
7124,126.57919564816564,37.02168019240596,-27.5,-117.5,criteria_met,20,13,7,1,0.07125314257282332,132,0.0
7125,126.57925183731089,37.02168019240596,-22.5,-117.5,criteria_met,17,10,5,1,0.07100231572425221,132,0.0
7126,126.57930802645615,37.02168019240596,-17.5,-117.5,criteria_met,14,6,4,1,0.08034554557401709,172,0.0
7127,126.5793642156014,37.02168019240596,-12.5,-117.5,criteria_met,13,5,4,2,0.08497549496516722,172,0.0
7128,126.57942040474667,37.02168019240596,-7.5,-117.5,criteria_met,9,2,2,1,0.05472852878461008,136,0.0
7129,126.57947659389193,37.02168019240596,-2.5,-117.5,poor_quality,8,0,0,0,0.10082721033461707,-1,0.8
7130,126.57953278303718,37.02168019240596,2.5,-117.5,poor_quality,6,0,0,0,0.10195435400212643,-1,0.8
7131,126.57958897218244,37.02168019240596,7.5,-117.5,poor_quality,5,0,0,0,0.12006137135005437,-1,0.8
7132,126.5796451613277,37.02168019240596,12.5,-117.5,poor_quality,4,0,0,0,0.12423608368787724,-1,0.8
7133,126.57970135047296,37.02168019240596,17.5,-117.5,needs_revisit,4,1,1,1,0.056851231819027535,138,0.4
7134,126.57975753961821,37.02168019240596,22.5,-117.5,needs_revisit,5,2,1,1,0.059004162608216615,139,0.4
7135,126.57981372876347,37.02168019240596,27.5,-117.5,needs_revisit,6,3,1,1,0.055895175339238115,140,0.4
7136,126.57986991790872,37.02168019240596,32.5,-117.5,needs_revisit,4,3,1,1,0.060853319699104604,140,0.4
7137,126.57992610705399,37.02168019240596,37.5,-117.5,needs_revisit,4,3,1,1,0.06611043721088498,140,0.4
7138,126.57998229619925,37.02168019240596,42.5,-117.5,needs_revisit,4,3,1,2,0.07166985346527235,140,0.4
7139,126.5800384853445,37.02168019240596,47.5,-117.5,needs_revisit,3,2,1,1,0.07753358728885103,140,0.4
7140,126.58009467448976,37.02168019240596,52.5,-117.5,needs_revisit,3,2,1,1,0.08370272804538294,140,0.4
7141,126.58015086363503,37.02168019240596,57.5,-117.5,needs_revisit,3,1,1,1,0.09017772952219537,140,0.4
7142,126.58020705278028,37.02168019240596,62.5,-117.5,poor_quality,2,0,0,0,0.11582956215811814,-1,0.8
7143,126.58026324192554,37.02168019240596,67.5,-117.5,poor_quality,2,0,0,0,0.12475198534888246,-1,0.8
7144,126.58031943107079,37.02168019240596,72.5,-117.5,poor_quality,3,0,0,0,0.1164172552596765,-1,0.8
7145,126.58037562021605,37.02168019240596,77.5,-117.5,poor_quality,2,0,0,0,0.14381814266159607,-1,0.8
7146,126.58043180936131,37.02168019240596,82.5,-117.5,poor_quality,1,0,0,0,0.15396117581161312,-1,0.8
7147,126.58048799850657,37.02168019240596,87.5,-117.5,poor_quality,1,0,0,0,0.16451027209440977,-1,0.8
7148,126.58054418765182,37.02168019240596,92.5,-117.5,unobserved,0,0,0,0,,-1,1.0
7149,126.58060037679708,37.02168019240596,97.5,-117.5,unobserved,0,0,0,0,,-1,1.0
7150,126.58065656594235,37.02168019240596,102.5,-117.5,unobserved,0,0,0,0,,-1,1.0
7151,126.5807127550876,37.02168019240596,107.5,-117.5,unobserved,0,0,0,0,,-1,1.0
7152,126.58076894423286,37.02168019240596,112.5,-117.5,unobserved,0,0,0,0,,-1,1.0
7153,126.58082513337811,37.02168019240596,117.5,-117.5,unobserved,0,0,0,0,,-1,1.0
7154,126.58088132252337,37.02168019240596,122.5,-117.5,unobserved,0,0,0,0,,-1,1.0
7155,126.58093751166864,37.02168019240596,127.5,-117.5,unobserved,0,0,0,0,,-1,1.0
7156,126.58099370081389,37.02168019240596,132.5,-117.5,unobserved,0,0,0,0,,-1,1.0
7157,126.58104988995915,37.02168019240596,137.5,-117.5,unobserved,0,0,0,0,,-1,1.0
7158,126.5811060791044,37.02168019240596,142.5,-117.5,unobserved,0,0,0,0,,-1,1.0
7159,126.58116226824966,37.02168019240596,147.5,-117.5,unobserved,0,0,0,0,,-1,1.0
7160,126.58121845739493,37.02168019240596,152.5,-117.5,unobserved,0,0,0,0,,-1,1.0
7238,126.57750997380789,37.02172524635283,-177.5,-112.5,unobserved,0,0,0,0,,-1,1.0
7239,126.57756616295315,37.02172524635283,-172.5,-112.5,unobserved,0,0,0,0,,-1,1.0
7240,126.57762235209842,37.02172524635283,-167.5,-112.5,unobserved,0,0,0,0,,-1,1.0
7241,126.57767854124367,37.02172524635283,-162.5,-112.5,unobserved,0,0,0,0,,-1,1.0
7242,126.57773473038893,37.02172524635283,-157.5,-112.5,poor_quality,2,0,0,0,0.11844721621378168,-1,0.8
7243,126.57779091953418,37.02172524635283,-152.5,-112.5,poor_quality,5,0,0,0,0.11267985239373711,-1,0.8
7244,126.57784710867945,37.02172524635283,-147.5,-112.5,needs_revisit,7,1,1,1,0.09352689899405116,171,0.4
7245,126.5779032978247,37.02172524635283,-142.5,-112.5,needs_revisit,11,1,1,1,0.08925168137851386,171,0.4
7246,126.57795948696996,37.02172524635283,-137.5,-112.5,needs_revisit,16,2,1,1,0.08512944169696289,171,0.4
7247,126.57801567611521,37.02172524635283,-132.5,-112.5,needs_revisit,22,3,1,1,0.08116488744176273,171,0.4
7248,126.57807186526047,37.02172524635283,-127.5,-112.5,criteria_met,23,4,2,2,0.07736359778101921,171,0.0
7249,126.57812805440574,37.02172524635283,-122.5,-112.5,criteria_met,23,4,2,2,0.07373223105275883,171,0.0
7250,126.578184243551,37.02172524635283,-117.5,-112.5,criteria_met,23,4,2,1,0.0702787720265754,171,0.0
7251,126.57824043269625,37.02172524635283,-112.5,-112.5,criteria_met,22,5,3,1,0.06701280823890382,171,0.0
7252,126.5782966218415,37.02172524635283,-107.5,-112.5,criteria_met,23,6,4,1,0.0639458009671435,171,0.0
7253,126.57835281098676,37.02172524635283,-102.5,-112.5,criteria_met,25,7,4,1,0.061091272159843626,171,0.0
7254,126.57840900013203,37.02172524635283,-97.5,-112.5,criteria_met,26,10,5,1,0.05846475712157617,171,0.0
7255,126.57846518927728,37.02172524635283,-92.5,-112.5,criteria_met,29,12,5,1,0.056083280447173825,171,0.0
7256,126.57852137842254,37.02172524635283,-87.5,-112.5,criteria_met,29,15,7,1,0.0539640451598611,171,0.0
7257,126.57857756756779,37.02172524635283,-82.5,-112.5,criteria_met,29,16,8,1,0.05212209521280813,171,0.0
7258,126.57863375671306,37.02172524635283,-77.5,-112.5,criteria_met,31,18,8,1,0.03932759384868061,172,0.0
7259,126.57868994585832,37.02172524635283,-72.5,-112.5,criteria_met,31,20,9,1,0.04096473738640535,172,0.0
7260,126.57874613500357,37.02172524635283,-67.5,-112.5,criteria_met,33,23,10,2,0.04279158913360207,172,0.0
7261,126.57880232414882,37.02172524635283,-62.5,-112.5,criteria_met,32,23,10,2,0.044836722505730994,172,0.0
7262,126.57885851329408,37.02172524635283,-57.5,-112.5,criteria_met,32,24,12,2,0.04707341942829637,171,0.0
7263,126.57891470243935,37.02172524635283,-52.5,-112.5,criteria_met,33,25,12,2,0.046764384997769935,171,0.0
7264,126.5789708915846,37.02172524635283,-47.5,-112.5,criteria_met,33,25,12,2,0.04661746372681382,171,0.0
7265,126.57902708072986,37.02172524635283,-42.5,-112.5,criteria_met,33,25,11,2,0.046601638795208955,171,0.0
7266,126.57908326987511,37.02172524635283,-37.5,-112.5,criteria_met,31,22,10,2,0.05276120467558086,201,0.0
7267,126.57913945902038,37.02172524635283,-32.5,-112.5,criteria_met,28,20,10,2,0.055710751984184854,200,0.0
7268,126.57919564816564,37.02172524635283,-27.5,-112.5,criteria_met,22,15,8,2,0.0642542361614515,132,0.0
7269,126.57925183731089,37.02172524635283,-22.5,-112.5,criteria_met,19,14,7,2,0.06406567896257921,132,0.0
7270,126.57930802645615,37.02172524635283,-17.5,-112.5,criteria_met,16,11,7,3,0.07479256355511615,172,0.0
7271,126.5793642156014,37.02172524635283,-12.5,-112.5,criteria_met,15,6,6,2,0.04841814307995546,136,0.0
7272,126.57942040474667,37.02172524635283,-7.5,-112.5,criteria_met,13,3,3,1,0.05183845819562554,136,0.0
7273,126.57947659389193,37.02172524635283,-2.5,-112.5,needs_revisit,9,1,1,1,0.09270676336122484,99,0.4
7274,126.57953278303718,37.02172524635283,2.5,-112.5,criteria_met,9,2,2,1,0.04681756342403701,137,0.0
7275,126.57958897218244,37.02172524635283,7.5,-112.5,poor_quality,6,0,0,0,0.11234059389881587,-1,0.8
7276,126.5796451613277,37.02172524635283,12.5,-112.5,needs_revisit,7,1,1,1,0.04955182330250723,138,0.4
7277,126.57970135047296,37.02172524635283,17.5,-112.5,needs_revisit,6,2,1,1,0.05028767611747884,139,0.4
7278,126.57975753961821,37.02172524635283,22.5,-112.5,needs_revisit,6,3,1,1,0.048598573147551775,140,0.4
7279,126.57981372876347,37.02172524635283,27.5,-112.5,needs_revisit,5,3,1,1,0.05319521911816324,140,0.4
7280,126.57986991790872,37.02172524635283,32.5,-112.5,needs_revisit,5,3,1,1,0.05809384130618298,140,0.4
7281,126.57992610705399,37.02172524635283,37.5,-112.5,needs_revisit,4,3,1,2,0.063298153550883,140,0.4
7282,126.57998229619925,37.02172524635283,42.5,-112.5,needs_revisit,4,3,1,1,0.06881016067278183,140,0.4
7283,126.5800384853445,37.02172524635283,47.5,-112.5,needs_revisit,3,2,1,1,0.07463070218967675,140,0.4
7284,126.58009467448976,37.02172524635283,52.5,-112.5,needs_revisit,3,2,1,1,0.08075986713594172,140,0.4
7285,126.58015086363503,37.02172524635283,57.5,-112.5,needs_revisit,3,1,1,1,0.08719729161395219,140,0.4
7286,126.58020705278028,37.02172524635283,62.5,-112.5,poor_quality,2,0,0,0,0.11174607751381489,-1,0.8
7287,126.58026324192554,37.02172524635283,67.5,-112.5,poor_quality,3,0,0,0,0.10496722833400836,-1,0.8
7288,126.58031943107079,37.02172524635283,72.5,-112.5,poor_quality,3,0,0,0,0.10969372239526921,-1,0.8
7289,126.58037562021605,37.02172524635283,77.5,-112.5,poor_quality,3,0,0,0,0.11464699106290223,-1,0.8
7290,126.58043180936131,37.02172524635283,82.5,-112.5,poor_quality,2,0,0,0,0.13694569867163678,-1,0.8
7291,126.58048799850657,37.02172524635283,87.5,-112.5,poor_quality,2,0,0,0,0.1378387441994113,-1,0.8
7292,126.58054418765182,37.02172524635283,92.5,-112.5,poor_quality,2,0,0,0,0.13888944978329362,-1,0.8
7293,126.58060037679708,37.02172524635283,97.5,-112.5,poor_quality,1,0,0,0,0.14008779140808755,-1,0.8
7294,126.58065656594235,37.02172524635283,102.5,-112.5,poor_quality,1,0,0,0,0.14142383693031854,-1,0.8
7295,126.5807127550876,37.02172524635283,107.5,-112.5,unobserved,0,0,0,0,,-1,1.0
7296,126.58076894423286,37.02172524635283,112.5,-112.5,unobserved,0,0,0,0,,-1,1.0
7297,126.58082513337811,37.02172524635283,117.5,-112.5,unobserved,0,0,0,0,,-1,1.0
7298,126.58088132252337,37.02172524635283,122.5,-112.5,unobserved,0,0,0,0,,-1,1.0
7299,126.58093751166864,37.02172524635283,127.5,-112.5,unobserved,0,0,0,0,,-1,1.0
7300,126.58099370081389,37.02172524635283,132.5,-112.5,unobserved,0,0,0,0,,-1,1.0
7301,126.58104988995915,37.02172524635283,137.5,-112.5,unobserved,0,0,0,0,,-1,1.0
7302,126.5811060791044,37.02172524635283,142.5,-112.5,unobserved,0,0,0,0,,-1,1.0
7303,126.58116226824966,37.02172524635283,147.5,-112.5,unobserved,0,0,0,0,,-1,1.0
7304,126.58121845739493,37.02172524635283,152.5,-112.5,unobserved,0,0,0,0,,-1,1.0
7382,126.57750997380789,37.0217703002997,-177.5,-107.5,unobserved,0,0,0,0,,-1,1.0
7383,126.57756616295315,37.0217703002997,-172.5,-107.5,unobserved,0,0,0,0,,-1,1.0
7384,126.57762235209842,37.0217703002997,-167.5,-107.5,unobserved,0,0,0,0,,-1,1.0
7385,126.57767854124367,37.0217703002997,-162.5,-107.5,unobserved,0,0,0,0,,-1,1.0
7386,126.57773473038893,37.0217703002997,-157.5,-107.5,poor_quality,1,0,0,0,0.17415770359581365,-1,0.8
7387,126.57779091953418,37.0217703002997,-152.5,-107.5,poor_quality,5,0,0,0,0.10930643594811278,-1,0.8
7388,126.57784710867945,37.0217703002997,-147.5,-107.5,needs_revisit,11,1,1,1,0.09893728173638378,170,0.4
7389,126.5779032978247,37.0217703002997,-142.5,-107.5,needs_revisit,16,3,1,1,0.08255560045184897,171,0.4
7390,126.57795948696996,37.0217703002997,-137.5,-107.5,criteria_met,20,4,2,1,0.07852950951447733,171,0.0
7391,126.57801567611521,37.0217703002997,-132.5,-107.5,criteria_met,22,4,2,1,0.07465429445452063,171,0.0
7392,126.57807186526047,37.0217703002997,-127.5,-107.5,criteria_met,23,4,2,2,0.07093484687523251,171,0.0
7393,126.57812805440574,37.0217703002997,-122.5,-107.5,criteria_met,24,4,2,2,0.06737711600471065,171,0.0
7394,126.578184243551,37.0217703002997,-117.5,-107.5,criteria_met,24,5,3,2,0.06398841548106539,171,0.0
7395,126.57824043269625,37.0217703002997,-112.5,-107.5,criteria_met,25,6,4,1,0.06077781042648772,171,0.0
7396,126.5782966218415,37.0217703002997,-107.5,-107.5,criteria_met,24,7,4,1,0.05775657737721496,171,0.0
7397,126.57835281098676,37.0217703002997,-102.5,-107.5,criteria_met,29,12,6,2,0.05493868560248385,171,0.0
7398,126.57840900013203,37.0217703002997,-97.5,-107.5,criteria_met,30,13,6,1,0.05234115372452218,171,0.0
7399,126.57846518927728,37.0217703002997,-92.5,-107.5,criteria_met,30,15,7,1,0.04998396643086759,171,0.0
7400,126.57852137842254,37.0217703002997,-87.5,-107.5,criteria_met,32,19,10,1,0.047889010128074075,171,0.0
7401,126.57857756756779,37.0217703002997,-82.5,-107.5,criteria_met,34,21,10,1,0.03362672336269357,172,0.0
7402,126.57863375671306,37.0217703002997,-77.5,-107.5,criteria_met,34,25,12,1,0.03498816971237314,172,0.0
7403,126.57868994585832,37.0217703002997,-72.5,-107.5,criteria_met,34,26,12,1,0.036506501840087094,172,0.0
7404,126.57874613500357,37.0217703002997,-67.5,-107.5,criteria_met,36,28,12,2,0.03821833835312733,172,0.0
7405,126.57880232414882,37.0217703002997,-62.5,-107.5,criteria_met,37,29,12,2,0.040157488945461034,172,0.0
7406,126.57885851329408,37.0217703002997,-57.5,-107.5,criteria_met,36,29,12,2,0.041372559207047514,171,0.0
7407,126.57891470243935,37.0217703002997,-52.5,-107.5,criteria_met,36,28,12,2,0.04114614875779963,171,0.0
7408,126.5789708915846,37.0217703002997,-47.5,-107.5,criteria_met,36,27,12,2,0.04107233209308488,171,0.0
7409,126.57902708072986,37.0217703002997,-42.5,-107.5,criteria_met,35,27,12,2,0.041116847780402574,171,0.0
7410,126.57908326987511,37.0217703002997,-37.5,-107.5,criteria_met,32,25,11,2,0.047253655437142224,201,0.0
7411,126.57913945902038,37.0217703002997,-32.5,-107.5,criteria_met,31,24,10,2,0.049346050618960434,200,0.0
7412,126.57919564816564,37.0217703002997,-27.5,-107.5,criteria_met,25,19,10,2,0.05764846094762598,132,0.0
7413,126.57925183731089,37.0217703002997,-22.5,-107.5,criteria_met,20,14,7,3,0.057520601332319926,132,0.0
7414,126.57930802645615,37.0217703002997,-17.5,-107.5,criteria_met,20,13,9,3,0.042525919477838126,136,0.0
7415,126.5793642156014,37.0217703002997,-12.5,-107.5,criteria_met,15,7,6,2,0.04568909455252012,136,0.0
7416,126.57942040474667,37.0217703002997,-7.5,-107.5,criteria_met,15,7,6,2,0.0490548383749412,136,0.0
7417,126.57947659389193,37.0217703002997,-2.5,-107.5,criteria_met,13,4,3,1,0.041287432707746145,137,0.0
7418,126.57953278303718,37.0217703002997,2.5,-107.5,needs_revisit,10,1,1,1,0.04445096646760568,137,0.4
7419,126.57958897218244,37.0217703002997,7.5,-107.5,needs_revisit,10,2,1,1,0.04278662832130236,138,0.4
7420,126.5796451613277,37.0217703002997,12.5,-107.5,needs_revisit,11,2,1,1,0.04232235270376718,139,0.4
7421,126.57970135047296,37.0217703002997,17.5,-107.5,needs_revisit,11,3,1,1,0.041843316625441385,140,0.4
7422,126.57975753961821,37.0217703002997,22.5,-107.5,needs_revisit,10,3,1,1,0.04607414912866292,140,0.4
7423,126.57981372876347,37.0217703002997,27.5,-107.5,needs_revisit,5,3,1,1,0.05061071712507541,140,0.4
7424,126.57986991790872,37.0217703002997,32.5,-107.5,needs_revisit,4,3,1,2,0.05545734193500734,140,0.4
7425,126.57992610705399,37.0217703002997,37.5,-107.5,needs_revisit,4,3,1,1,0.06061599859039322,140,0.4
7426,126.57998229619925,37.0217703002997,42.5,-107.5,needs_revisit,4,3,1,1,0.06608713887573225,140,0.4
7427,126.5800384853445,37.0217703002997,47.5,-107.5,needs_revisit,3,2,1,1,0.07187030647613325,140,0.4
7428,126.58009467448976,37.0217703002997,52.5,-107.5,needs_revisit,3,2,1,1,0.07796455969084368,140,0.4
7429,126.58015086363503,37.0217703002997,57.5,-107.5,needs_revisit,3,2,1,1,0.08436874280739688,140,0.4
7430,126.58020705278028,37.0217703002997,62.5,-107.5,poor_quality,2,0,0,0,0.1078773637105715,-1,0.8
7431,126.58026324192554,37.0217703002997,67.5,-107.5,needs_revisit,4,1,1,1,0.09857107938941953,73,0.4
7432,126.58031943107079,37.0217703002997,72.5,-107.5,poor_quality,4,0,0,0,0.10318355248168047,-1,0.8
7433,126.58037562021605,37.0217703002997,77.5,-107.5,poor_quality,4,0,0,0,0.10802693419681171,-1,0.8
7434,126.58043180936131,37.0217703002997,82.5,-107.5,poor_quality,2,0,0,0,0.12698964158542916,-1,0.8
7435,126.58048799850657,37.0217703002997,87.5,-107.5,poor_quality,2,0,0,0,0.12790528113718647,-1,0.8
7436,126.58054418765182,37.0217703002997,92.5,-107.5,poor_quality,2,0,0,0,0.12897539896684942,-1,0.8
7437,126.58060037679708,37.0217703002997,97.5,-107.5,poor_quality,1,0,0,0,0.13018937954680226,-1,0.8
7438,126.58065656594235,37.0217703002997,102.5,-107.5,poor_quality,1,0,0,0,0.13153679257398493,-1,0.8
7439,126.5807127550876,37.0217703002997,107.5,-107.5,poor_quality,1,0,0,0,0.13300751157893756,-1,0.8
7440,126.58076894423286,37.0217703002997,112.5,-107.5,poor_quality,1,0,0,0,0.1345917987642243,-1,0.8
7441,126.58082513337811,37.0217703002997,117.5,-107.5,unobserved,0,0,0,0,,-1,1.0
7442,126.58088132252337,37.0217703002997,122.5,-107.5,unobserved,0,0,0,0,,-1,1.0
7443,126.58093751166864,37.0217703002997,127.5,-107.5,unobserved,0,0,0,0,,-1,1.0
7444,126.58099370081389,37.0217703002997,132.5,-107.5,unobserved,0,0,0,0,,-1,1.0
7445,126.58104988995915,37.0217703002997,137.5,-107.5,unobserved,0,0,0,0,,-1,1.0
7446,126.5811060791044,37.0217703002997,142.5,-107.5,unobserved,0,0,0,0,,-1,1.0
7447,126.58116226824966,37.0217703002997,147.5,-107.5,unobserved,0,0,0,0,,-1,1.0
7448,126.58121845739493,37.0217703002997,152.5,-107.5,unobserved,0,0,0,0,,-1,1.0
7526,126.57750997380789,37.02181535424658,-177.5,-102.5,unobserved,0,0,0,0,,-1,1.0
7527,126.57756616295315,37.02181535424658,-172.5,-102.5,unobserved,0,0,0,0,,-1,1.0
7528,126.57762235209842,37.02181535424658,-167.5,-102.5,unobserved,0,0,0,0,,-1,1.0
7529,126.57767854124367,37.02181535424658,-162.5,-102.5,unobserved,0,0,0,0,,-1,1.0
7530,126.57773473038893,37.02181535424658,-157.5,-102.5,poor_quality,3,0,0,0,0.14446402202711633,-1,0.8
7531,126.57779091953418,37.02181535424658,-152.5,-102.5,poor_quality,4,0,0,0,0.1379038171172552,-1,0.8
7532,126.57784710867945,37.02181535424658,-147.5,-102.5,needs_revisit,13,1,1,1,0.09709338142125233,169,0.4
7533,126.5779032978247,37.02181535424658,-142.5,-102.5,needs_revisit,17,3,1,1,0.08612380120470128,170,0.4
7534,126.57795948696996,37.02181535424658,-137.5,-102.5,criteria_met,23,4,2,1,0.07229473988951071,171,0.0
7535,126.57801567611521,37.02181535424658,-132.5,-102.5,criteria_met,24,4,2,1,0.06851750967590173,171,0.0
7536,126.57807186526047,37.02181535424658,-127.5,-102.5,criteria_met,24,5,3,1,0.0648885564291948,171,0.0
7537,126.57812805440574,37.02181535424658,-122.5,-102.5,criteria_met,26,6,3,2,0.06141289386565152,171,0.0
7538,126.578184243551,37.02181535424658,-117.5,-102.5,criteria_met,26,9,5,2,0.058096822617291405,171,0.0
7539,126.57824043269625,37.02181535424658,-112.5,-102.5,criteria_met,29,11,6,2,0.054948393087498895,171,0.0
7540,126.5782966218415,37.02181535424658,-107.5,-102.5,criteria_met,30,13,6,2,0.05197803259206611,171,0.0
7541,126.57835281098676,37.02181535424658,-102.5,-102.5,criteria_met,31,14,6,2,0.04919935017901943,171,0.0
7542,126.57840900013203,37.02181535424658,-97.5,-102.5,criteria_met,34,17,8,2,0.04663004903735532,171,0.0
7543,126.57846518927728,37.02181535424658,-92.5,-102.5,criteria_met,35,21,10,1,0.04429265421964356,171,0.0
7544,126.57852137842254,37.02181535424658,-87.5,-102.5,criteria_met,34,24,11,1,0.042214306939559035,171,0.0
7545,126.57857756756779,37.02181535424658,-82.5,-102.5,criteria_met,39,29,13,1,0.029685868562023567,172,0.0
7546,126.57863375671306,37.02181535424658,-77.5,-102.5,criteria_met,38,29,13,1,0.030926951150352353,172,0.0
7547,126.57868994585832,37.02181535424658,-72.5,-102.5,criteria_met,37,29,13,1,0.03232155791884199,172,0.0
7548,126.57874613500357,37.02181535424658,-67.5,-102.5,criteria_met,38,30,13,2,0.03391356538610407,172,0.0
7549,126.57880232414882,37.02181535424658,-62.5,-102.5,criteria_met,39,32,13,2,0.035744323126003806,172,0.0
7550,126.57885851329408,37.02181535424658,-57.5,-102.5,criteria_met,38,29,12,2,0.03607461064080341,171,0.0
7551,126.57891470243935,37.02181535424658,-52.5,-102.5,criteria_met,37,29,13,2,0.03593398457645498,171,0.0
7552,126.5789708915846,37.02181535424658,-47.5,-102.5,criteria_met,37,30,13,2,0.03593223824773696,171,0.0
7553,126.57902708072986,37.02181535424658,-42.5,-102.5,criteria_met,37,30,14,2,0.0360323498475869,171,0.0
7554,126.57908326987511,37.02181535424658,-37.5,-102.5,criteria_met,36,29,14,2,0.042067804734699996,201,0.0
7555,126.57913945902038,37.02181535424658,-32.5,-102.5,criteria_met,37,29,12,2,0.03604737389986945,173,0.0
7556,126.57919564816564,37.02181535424658,-27.5,-102.5,criteria_met,31,24,12,3,0.03945930228556277,173,0.0
7557,126.57925183731089,37.02181535424658,-22.5,-102.5,criteria_met,27,20,10,3,0.03705647303422954,136,0.0
7558,126.57930802645615,37.02181535424658,-17.5,-102.5,criteria_met,24,16,11,3,0.03995822646510628,136,0.0
7559,126.5793642156014,37.02181535424658,-12.5,-102.5,criteria_met,18,9,7,2,0.033405578312131756,137,0.0
7560,126.57942040474667,37.02181535424658,-7.5,-102.5,criteria_met,19,9,7,2,0.03613273794210694,137,0.0
7561,126.57947659389193,37.02181535424658,-2.5,-102.5,criteria_met,18,9,6,2,0.03905545455177943,137,0.0
7562,126.57953278303718,37.02181535424658,2.5,-102.5,criteria_met,15,4,2,1,0.036560875045071564,138,0.0
7563,126.57958897218244,37.02181535424658,7.5,-102.5,criteria_met,15,5,2,1,0.03511518211105329,139,0.0
7564,126.5796451613277,37.02181535424658,12.5,-102.5,criteria_met,12,4,2,1,0.03563430170382548,140,0.0
7565,126.57970135047296,37.02181535424658,17.5,-102.5,criteria_met,12,4,2,1,0.03949328482730504,140,0.0
7566,126.57975753961821,37.02181535424658,22.5,-102.5,criteria_met,11,4,2,1,0.04366270561934879,140,0.0
7567,126.57981372876347,37.02181535424658,27.5,-102.5,needs_revisit,6,3,1,2,0.04814795232857823,140,0.4
7568,126.57986991790872,37.02181535424658,32.5,-102.5,needs_revisit,5,3,1,1,0.05295098044256999,140,0.4
7569,126.57992610705399,37.02181535424658,37.5,-102.5,needs_revisit,5,3,1,1,0.05807163438142663,140,0.4
7570,126.57998229619925,37.02181535424658,42.5,-102.5,needs_revisit,4,3,1,1,0.06350861938236183,140,0.4
7571,126.5800384853445,37.02181535424658,47.5,-102.5,needs_revisit,3,2,1,1,0.06926013605196009,140,0.4
7572,126.58009467448976,37.02181535424658,52.5,-102.5,needs_revisit,4,2,1,1,0.07532425617054307,140,0.4
7573,126.58015086363503,37.02181535424658,57.5,-102.5,criteria_met,5,3,2,1,0.08169912440571668,140,0.0
7574,126.58020705278028,37.02181535424658,62.5,-102.5,needs_revisit,4,1,1,1,0.09864351311022175,179,0.4
7575,126.58026324192554,37.02181535424658,67.5,-102.5,needs_revisit,5,1,1,1,0.09238741839846235,73,0.4
7576,126.58031943107079,37.02181535424658,72.5,-102.5,needs_revisit,5,1,1,1,0.09688688894282689,73,0.4
7577,126.58037562021605,37.02181535424658,77.5,-102.5,poor_quality,4,0,0,0,0.1016217350215393,-1,0.8
7578,126.58043180936131,37.02181535424658,82.5,-102.5,poor_quality,4,0,0,0,0.10660067769854602,-1,0.8
7579,126.58048799850657,37.02181535424658,87.5,-102.5,poor_quality,2,0,0,0,0.11836902388923468,-1,0.8
7580,126.58054418765182,37.02181535424658,92.5,-102.5,poor_quality,2,0,0,0,0.11945785380606626,-1,0.8
7581,126.58060037679708,37.02181535424658,97.5,-102.5,poor_quality,2,0,0,0,0.12068629411092607,-1,0.8
7582,126.58065656594235,37.02181535424658,102.5,-102.5,poor_quality,1,0,0,0,0.12204341077671013,-1,0.8
7583,126.5807127550876,37.02181535424658,107.5,-102.5,poor_quality,1,0,0,0,0.12351868725002896,-1,0.8
7584,126.58076894423286,37.02181535424658,112.5,-102.5,poor_quality,1,0,0,0,0.12510210125502738,-1,0.8
7585,126.58082513337811,37.02181535424658,117.5,-102.5,unobserved,0,0,0,0,,-1,1.0
7586,126.58088132252337,37.02181535424658,122.5,-102.5,unobserved,0,0,0,0,,-1,1.0
7587,126.58093751166864,37.02181535424658,127.5,-102.5,unobserved,0,0,0,0,,-1,1.0
7588,126.58099370081389,37.02181535424658,132.5,-102.5,unobserved,0,0,0,0,,-1,1.0
7589,126.58104988995915,37.02181535424658,137.5,-102.5,unobserved,0,0,0,0,,-1,1.0
7590,126.5811060791044,37.02181535424658,142.5,-102.5,unobserved,0,0,0,0,,-1,1.0
7591,126.58116226824966,37.02181535424658,147.5,-102.5,unobserved,0,0,0,0,,-1,1.0
7592,126.58121845739493,37.02181535424658,152.5,-102.5,unobserved,0,0,0,0,,-1,1.0
7670,126.57750997380789,37.02186040819345,-177.5,-97.5,unobserved,0,0,0,0,,-1,1.0
7671,126.57756616295315,37.02186040819345,-172.5,-97.5,unobserved,0,0,0,0,,-1,1.0
7672,126.57762235209842,37.02186040819345,-167.5,-97.5,unobserved,0,0,0,0,,-1,1.0
7673,126.57767854124367,37.02186040819345,-162.5,-97.5,poor_quality,1,0,0,0,0.17280519593345695,-1,0.8
7674,126.57773473038893,37.02186040819345,-157.5,-97.5,poor_quality,2,0,0,0,0.16247677004274585,-1,0.8
7675,126.57779091953418,37.02186040819345,-152.5,-97.5,poor_quality,9,0,0,0,0.1132333682268383,-1,0.8
7676,126.57784710867945,37.02186040819345,-147.5,-97.5,poor_quality,14,0,0,0,0.10912071666181115,-1,0.8
7677,126.5779032978247,37.02186040819345,-142.5,-97.5,needs_revisit,20,2,1,1,0.08562865151528218,169,0.4
7678,126.57795948696996,37.02186040819345,-137.5,-97.5,needs_revisit,22,3,1,1,0.07424097849717413,170,0.4
7679,126.57801567611521,37.02186040819345,-132.5,-97.5,criteria_met,25,6,3,1,0.0627462467981814,171,0.0
7680,126.57807186526047,37.02186040819345,-127.5,-97.5,criteria_met,26,6,3,2,0.059217835601012236,171,0.0
7681,126.57812805440574,37.02186040819345,-122.5,-97.5,criteria_met,29,8,4,2,0.05583446625086757,171,0.0
7682,126.578184243551,37.02186040819345,-117.5,-97.5,criteria_met,30,10,5,2,0.05260114298954509,171,0.0
7683,126.57824043269625,37.02186040819345,-112.5,-97.5,criteria_met,32,13,7,2,0.04952442451747108,171,0.0
7684,126.5782966218415,37.02186040819345,-107.5,-97.5,criteria_met,35,16,8,2,0.04661313359062437,171,0.0
7685,126.57835281098676,37.02186040819345,-102.5,-97.5,criteria_met,34,17,7,2,0.04387941187031706,171,0.0
7686,126.57840900013203,37.02186040819345,-97.5,-97.5,criteria_met,35,23,11,2,0.04134021934169451,171,0.0
7687,126.57846518927728,37.02186040819345,-92.5,-97.5,criteria_met,37,25,12,2,0.03901922496414245,171,0.0
7688,126.57852137842254,37.02186040819345,-87.5,-97.5,criteria_met,38,28,13,1,0.03694844818697074,171,0.0
7689,126.57857756756779,37.02186040819345,-82.5,-97.5,criteria_met,40,29,13,1,0.02603067048145393,172,0.0
7690,126.57863375671306,37.02186040819345,-77.5,-97.5,criteria_met,40,31,14,1,0.027148188767818573,172,0.0
7691,126.57868994585832,37.02186040819345,-72.5,-97.5,criteria_met,38,31,13,1,0.028412645300689644,172,0.0
7692,126.57874613500357,37.02186040819345,-67.5,-97.5,criteria_met,43,34,13,2,0.029877868421275478,172,0.0
7693,126.57880232414882,37.02186040819345,-62.5,-97.5,criteria_met,44,33,13,2,0.031410096007017406,171,0.0
7694,126.57885851329408,37.02186040819345,-57.5,-97.5,criteria_met,43,33,13,2,0.031187194721966537,171,0.0
7695,126.57891470243935,37.02186040819345,-52.5,-97.5,criteria_met,43,35,15,2,0.03113448052368285,171,0.0
7696,126.5789708915846,37.02186040819345,-47.5,-97.5,criteria_met,42,34,15,2,0.031201011035701557,171,0.0
7697,126.57902708072986,37.02186040819345,-42.5,-97.5,criteria_met,42,34,15,2,0.02881296942738834,173,0.0
7698,126.57908326987511,37.02186040819345,-37.5,-97.5,criteria_met,41,34,15,2,0.0317936328203295,173,0.0
7699,126.57913945902038,37.02186040819345,-32.5,-97.5,criteria_met,42,34,15,3,0.03498860109019645,173,0.0
7700,126.57919564816564,37.02186040819345,-27.5,-97.5,criteria_met,37,29,14,3,0.03201632800470656,136,0.0
7701,126.57925183731089,37.02186040819345,-22.5,-97.5,criteria_met,29,21,11,3,0.034651383570392096,136,0.0
7702,126.57930802645615,37.02186040819345,-17.5,-97.5,criteria_met,25,17,9,3,0.028881997853901917,137,0.0
7703,126.5793642156014,37.02186040819345,-12.5,-97.5,criteria_met,20,12,8,2,0.03135925596105545,137,0.0
7704,126.57942040474667,37.02186040819345,-7.5,-97.5,criteria_met,20,12,8,2,0.027856217277291224,138,0.0
7705,126.57947659389193,37.02186040819345,-2.5,-97.5,criteria_met,20,12,8,2,0.030882681313966848,138,0.0
7706,126.57953278303718,37.02186040819345,2.5,-97.5,criteria_met,21,13,9,2,0.026801732672710965,140,0.0
7707,126.57958897218244,37.02186040819345,7.5,-97.5,criteria_met,19,11,7,1,0.029979488422824163,140,0.0
7708,126.5796451613277,37.02186040819345,12.5,-97.5,criteria_met,17,9,5,1,0.033458035268168165,140,0.0
7709,126.57970135047296,37.02186040819345,17.5,-97.5,criteria_met,14,8,3,1,0.0372527162880481,140,0.0
7710,126.57975753961821,37.02186040819345,22.5,-97.5,criteria_met,10,4,2,2,0.041371045483855805,140,0.0
7711,126.57981372876347,37.02186040819345,27.5,-97.5,needs_revisit,8,3,1,1,0.045815084296877535,140,0.4
7712,126.57986991790872,37.02186040819345,32.5,-97.5,needs_revisit,5,3,1,1,0.05058371270880799,140,0.4
7713,126.57992610705399,37.02186040819345,37.5,-97.5,needs_revisit,5,3,1,1,0.05567429662220357,140,0.4
7714,126.57998229619925,37.02186040819345,42.5,-97.5,criteria_met,6,4,2,1,0.0610837141551878,140,0.0
7715,126.5800384853445,37.02186040819345,47.5,-97.5,criteria_met,6,3,2,1,0.06680890117569002,140,0.0
7716,126.58009467448976,37.02186040819345,52.5,-97.5,criteria_met,6,4,2,1,0.07284709627522672,140,0.0
7717,126.58015086363503,37.02186040819345,57.5,-97.5,criteria_met,6,4,2,1,0.0791959198017712,140,0.0
7718,126.58020705278028,37.02186040819345,62.5,-97.5,criteria_met,6,2,2,2,0.08225849058607047,73,0.0
7719,126.58026324192554,37.02186040819345,67.5,-97.5,needs_revisit,5,1,1,1,0.08641627609400146,73,0.4
7720,126.58031943107079,37.02186040819345,72.5,-97.5,needs_revisit,4,1,1,1,0.09080391165664056,73,0.4
7721,126.58037562021605,37.02186040819345,77.5,-97.5,needs_revisit,4,1,1,1,0.0954317663113104,73,0.4
7722,126.58043180936131,37.02186040819345,82.5,-97.5,poor_quality,4,0,0,0,0.10030851116872476,-1,0.8
7723,126.58048799850657,37.02186040819345,87.5,-97.5,poor_quality,3,0,0,0,0.10544119769970227,-1,0.8
7724,126.58054418765182,37.02186040819345,92.5,-97.5,poor_quality,2,0,0,0,0.11033700972662638,-1,0.8
7725,126.58060037679708,37.02186040819345,97.5,-97.5,poor_quality,2,0,0,0,0.11157844881866538,-1,0.8
7726,126.58065656594235,37.02186040819345,102.5,-97.5,poor_quality,1,0,0,0,0.11294326511153198,-1,0.8
7727,126.5807127550876,37.02186040819345,107.5,-97.5,poor_quality,1,0,0,0,0.11442057868913458,-1,0.8
7728,126.58076894423286,37.02186040819345,112.5,-97.5,unobserved,0,0,0,0,,-1,1.0
7729,126.58082513337811,37.02186040819345,117.5,-97.5,unobserved,0,0,0,0,,-1,1.0
7730,126.58088132252337,37.02186040819345,122.5,-97.5,poor_quality,1,0,0,0,0.12985776997370632,-1,0.8
7731,126.58093751166864,37.02186040819345,127.5,-97.5,unobserved,0,0,0,0,,-1,1.0
7732,126.58099370081389,37.02186040819345,132.5,-97.5,unobserved,0,0,0,0,,-1,1.0
7733,126.58104988995915,37.02186040819345,137.5,-97.5,unobserved,0,0,0,0,,-1,1.0
7734,126.5811060791044,37.02186040819345,142.5,-97.5,unobserved,0,0,0,0,,-1,1.0
7735,126.58116226824966,37.02186040819345,147.5,-97.5,unobserved,0,0,0,0,,-1,1.0
7736,126.58121845739493,37.02186040819345,152.5,-97.5,unobserved,0,0,0,0,,-1,1.0
7814,126.57750997380789,37.02190546214032,-177.5,-92.5,unobserved,0,0,0,0,,-1,1.0
7815,126.57756616295315,37.02190546214032,-172.5,-92.5,unobserved,0,0,0,0,,-1,1.0
7816,126.57762235209842,37.02190546214032,-167.5,-92.5,unobserved,0,0,0,0,,-1,1.0
7817,126.57767854124367,37.02190546214032,-162.5,-92.5,poor_quality,3,0,0,0,0.13757673543191828,-1,0.8
7818,126.57773473038893,37.02190546214032,-157.5,-92.5,poor_quality,6,0,0,0,0.12747314879748958,-1,0.8
7819,126.57779091953418,37.02190546214032,-152.5,-92.5,poor_quality,10,0,0,0,0.11778446800828885,-1,0.8
7820,126.57784710867945,37.02190546214032,-147.5,-92.5,poor_quality,12,0,0,0,0.10238230565144753,-1,0.8
7821,126.5779032978247,37.02190546214032,-142.5,-92.5,needs_revisit,20,1,1,1,0.09846671279833848,167,0.4
7822,126.57795948696996,37.02190546214032,-137.5,-92.5,needs_revisit,23,3,1,1,0.0749137056271711,169,0.4
7823,126.57801567611521,37.02190546214032,-132.5,-92.5,criteria_met,25,5,3,1,0.06329074577206438,170,0.0
7824,126.57807186526047,37.02190546214032,-127.5,-92.5,criteria_met,27,8,3,1,0.05391278267212167,171,0.0
7825,126.57812805440574,37.02190546214032,-122.5,-92.5,criteria_met,30,9,4,2,0.050633618041004747,171,0.0
7826,126.578184243551,37.02190546214032,-117.5,-92.5,criteria_met,33,14,8,2,0.04749546913443631,171,0.0
7827,126.57824043269625,37.02190546214032,-112.5,-92.5,criteria_met,36,18,9,2,0.04450307465095592,171,0.0
7828,126.5782966218415,37.02190546214032,-107.5,-92.5,criteria_met,35,20,8,2,0.041662993470251916,171,0.0
7829,126.57835281098676,37.02190546214032,-102.5,-92.5,criteria_met,37,25,12,2,0.03898469400132608,171,0.0
7830,126.57840900013203,37.02190546214032,-97.5,-92.5,criteria_met,38,26,12,2,0.03648239166225171,171,0.0
7831,126.57846518927728,37.02190546214032,-92.5,-92.5,criteria_met,42,28,13,2,0.03417806791838311,171,0.0
7832,126.57852137842254,37.02190546214032,-87.5,-92.5,criteria_met,43,30,13,2,0.03210591306056125,171,0.0
7833,126.57857756756779,37.02190546214032,-82.5,-92.5,criteria_met,44,32,14,1,0.022667191317417318,172,0.0
7834,126.57863375671306,37.02190546214032,-77.5,-92.5,criteria_met,45,34,14,1,0.02365875182694282,172,0.0
7835,126.57868994585832,37.02190546214032,-72.5,-92.5,criteria_met,46,34,13,1,0.02478481242433686,172,0.0
7836,126.57874613500357,37.02190546214032,-67.5,-92.5,criteria_met,48,36,14,2,0.02611270866163858,172,0.0
7837,126.57880232414882,37.02190546214032,-62.5,-92.5,criteria_met,49,38,16,2,0.0264506633246026,170,0.0
7838,126.57885851329408,37.02190546214032,-57.5,-92.5,criteria_met,49,40,17,2,0.026366231845205323,170,0.0
7839,126.57891470243935,37.02190546214032,-52.5,-92.5,criteria_met,48,39,16,2,0.022546683983185704,173,0.0
7840,126.5789708915846,37.02190546214032,-47.5,-92.5,criteria_met,49,40,16,2,0.02507594917783296,173,0.0
7841,126.57902708072986,37.02190546214032,-42.5,-92.5,criteria_met,48,41,18,2,0.02782719252715592,173,0.0
7842,126.57908326987511,37.02190546214032,-37.5,-92.5,criteria_met,49,41,18,3,0.030801360950098923,173,0.0
7843,126.57913945902038,37.02190546214032,-32.5,-92.5,criteria_met,47,39,17,3,0.027414508806533823,136,0.0
7844,126.57919564816564,37.02190546214032,-27.5,-92.5,criteria_met,39,30,14,3,0.029776919436659124,136,0.0
7845,126.57925183731089,37.02190546214032,-22.5,-92.5,criteria_met,34,27,13,3,0.024756350063546848,137,0.0
7846,126.57930802645615,37.02190546214032,-17.5,-92.5,criteria_met,27,21,10,3,0.026976128374472937,137,0.0
7847,126.5793642156014,37.02190546214032,-12.5,-92.5,criteria_met,24,19,9,3,0.023104536601598606,138,0.0
7848,126.57942040474667,37.02190546214032,-7.5,-92.5,criteria_met,24,19,10,2,0.0257646730277856,138,0.0
7849,126.57947659389193,37.02190546214032,-2.5,-92.5,criteria_met,23,18,10,2,0.02210288974864984,140,0.0
7850,126.57953278303718,37.02190546214032,2.5,-92.5,criteria_met,23,19,11,2,0.024892050654298354,140,0.0
7851,126.57958897218244,37.02190546214032,7.5,-92.5,criteria_met,21,18,10,3,0.027978066230398193,140,0.0
7852,126.5796451613277,37.02190546214032,12.5,-92.5,criteria_met,18,14,7,3,0.03138620304658027,140,0.0
7853,126.57970135047296,37.02190546214032,17.5,-92.5,criteria_met,16,11,5,2,0.035128778313695756,140,0.0
7854,126.57975753961821,37.02190546214032,22.5,-92.5,criteria_met,10,6,3,2,0.03920853746126247,140,0.0
7855,126.57981372876347,37.02190546214032,27.5,-92.5,needs_revisit,8,3,1,1,0.04362281778610126,140,0.4
7856,126.57986991790872,37.02190546214032,32.5,-92.5,criteria_met,9,4,2,1,0.048366732417831564,140,0.0
7857,126.57992610705399,37.02190546214032,37.5,-92.5,criteria_met,8,6,3,2,0.053435013543031616,140,0.0
7858,126.57998229619925,37.02190546214032,42.5,-92.5,criteria_met,10,8,4,3,0.05882285809688623,140,0.0
7859,126.5800384853445,37.02190546214032,47.5,-92.5,criteria_met,8,5,3,2,0.06452620667164928,140,0.0
7860,126.58009467448976,37.02190546214032,52.5,-92.5,criteria_met,7,5,3,2,0.07054175504894569,140,0.0
7861,126.58015086363503,37.02190546214032,57.5,-92.5,criteria_met,6,5,3,2,0.07686686265977308,140,0.0
7862,126.58020705278028,37.02190546214032,62.5,-92.5,criteria_met,6,4,3,2,0.07661556546317506,73,0.0
7863,126.58026324192554,37.02190546214032,67.5,-92.5,needs_revisit,7,2,1,1,0.08065769800681052,73,0.4
7864,126.58031943107079,37.02190546214032,72.5,-92.5,needs_revisit,4,2,1,1,0.08493485037898706,73,0.4
7865,126.58037562021605,37.02190546214032,77.5,-92.5,needs_revisit,4,2,1,1,0.0894574928406413,73,0.4
7866,126.58043180936131,37.02190546214032,82.5,-92.5,needs_revisit,4,2,1,1,0.09423417332803616,73,0.4
7867,126.58048799850657,37.02190546214032,87.5,-92.5,needs_revisit,3,1,1,1,0.09927163520727264,73,0.4
7868,126.58054418765182,37.02190546214032,92.5,-92.5,poor_quality,2,0,0,0,0.10161302645887813,-1,0.8
7869,126.58060037679708,37.02190546214032,97.5,-92.5,poor_quality,2,0,0,0,0.10286564895360296,-1,0.8
7870,126.58065656594235,37.02190546214032,102.5,-92.5,poor_quality,1,0,0,0,0.10423574555947625,-1,0.8
7871,126.5807127550876,37.02190546214032,107.5,-92.5,unobserved,0,0,0,0,,-1,1.0
7872,126.58076894423286,37.02190546214032,112.5,-92.5,poor_quality,1,0,0,0,0.10996242218451838,-1,0.8
7873,126.58082513337811,37.02190546214032,117.5,-92.5,poor_quality,1,0,0,0,0.11770732783132226,-1,0.8
7874,126.58088132252337,37.02190546214032,122.5,-92.5,poor_quality,1,0,0,0,0.1257927035859959,-1,0.8
7875,126.58093751166864,37.02190546214032,127.5,-92.5,poor_quality,1,0,0,0,0.13422189172549087,-1,0.8
7876,126.58099370081389,37.02190546214032,132.5,-92.5,unobserved,0,0,0,0,,-1,1.0
7877,126.58104988995915,37.02190546214032,137.5,-92.5,unobserved,0,0,0,0,,-1,1.0
7878,126.5811060791044,37.02190546214032,142.5,-92.5,unobserved,0,0,0,0,,-1,1.0
7879,126.58116226824966,37.02190546214032,147.5,-92.5,unobserved,0,0,0,0,,-1,1.0
7880,126.58121845739493,37.02190546214032,152.5,-92.5,unobserved,0,0,0,0,,-1,1.0
7958,126.57750997380789,37.021950516087195,-177.5,-87.5,unobserved,0,0,0,0,,-1,1.0
7959,126.57756616295315,37.021950516087195,-172.5,-87.5,unobserved,0,0,0,0,,-1,1.0
7960,126.57762235209842,37.021950516087195,-167.5,-87.5,poor_quality,2,0,0,0,0.14771096344527554,-1,0.8
7961,126.57767854124367,37.021950516087195,-162.5,-87.5,poor_quality,3,0,0,0,0.13715412145854716,-1,0.8
7962,126.57773473038893,37.021950516087195,-157.5,-87.5,poor_quality,8,0,0,0,0.12701364999495088,-1,0.8
7963,126.57779091953418,37.021950516087195,-152.5,-87.5,poor_quality,13,0,0,0,0.10955422132500994,-1,0.8
7964,126.57784710867945,37.021950516087195,-147.5,-87.5,poor_quality,18,0,0,0,0.10524023454354178,-1,0.8
7965,126.5779032978247,37.021950516087195,-142.5,-87.5,criteria_met,21,2,2,1,0.09208943848934316,167,0.0
7966,126.57795948696996,37.021950516087195,-137.5,-87.5,criteria_met,23,3,2,1,0.08837033339986639,167,0.0
7967,126.57801567611521,37.021950516087195,-132.5,-87.5,criteria_met,27,6,3,1,0.06495047158589277,169,0.0
7968,126.57807186526047,37.021950516087195,-127.5,-87.5,criteria_met,30,7,4,1,0.06114822030291153,169,0.0
7969,126.57812805440574,37.021950516087195,-122.5,-87.5,criteria_met,34,13,7,2,0.045798052048838356,171,0.0
7970,126.578184243551,37.021950516087195,-117.5,-87.5,criteria_met,38,17,9,2,0.04276950569106844,171,0.0
7971,126.57824043269625,37.021950516087195,-112.5,-87.5,criteria_met,42,23,10,2,0.039877050465865226,171,0.0
7972,126.5782966218415,37.021950516087195,-107.5,-87.5,criteria_met,43,27,12,2,0.03712469944173228,171,0.0
7973,126.57835281098676,37.021950516087195,-102.5,-87.5,criteria_met,43,29,13,2,0.034518411445652195,171,0.0
7974,126.57840900013203,37.021950516087195,-97.5,-87.5,criteria_met,45,30,13,2,0.03206769186590935,171,0.0
7975,126.57846518927728,37.021950516087195,-92.5,-87.5,criteria_met,44,31,13,2,0.02978883263406639,171,0.0
7976,126.57852137842254,37.021950516087195,-87.5,-87.5,criteria_met,45,32,14,2,0.027518205106395407,170,0.0
7977,126.57857756756779,37.021950516087195,-82.5,-87.5,criteria_met,48,36,15,2,0.019603528727933348,172,0.0
7978,126.57863375671306,37.021950516087195,-77.5,-87.5,criteria_met,49,37,16,1,0.020469876308368707,172,0.0
7979,126.57868994585832,37.021950516087195,-72.5,-87.5,criteria_met,51,38,15,1,0.021447931968347024,172,0.0
7980,126.57874613500357,37.021950516087195,-67.5,-87.5,criteria_met,51,43,18,2,0.022019099645827486,170,0.0
7981,126.57880232414882,37.021950516087195,-62.5,-87.5,criteria_met,53,44,18,2,0.017306430106873806,173,0.0
7982,126.57885851329408,37.021950516087195,-57.5,-87.5,criteria_met,53,45,19,2,0.0193634632956898,173,0.0
7983,126.57891470243935,37.021950516087195,-52.5,-87.5,criteria_met,53,47,19,2,0.021640651595977046,173,0.0
7984,126.5789708915846,37.021950516087195,-47.5,-87.5,criteria_met,53,46,19,2,0.022975219758562673,171,0.0
7985,126.57902708072986,37.021950516087195,-42.5,-87.5,criteria_met,52,44,18,3,0.022192300217903173,174,0.0
7986,126.57908326987511,37.021950516087195,-37.5,-87.5,criteria_met,53,47,20,3,0.023262536320214328,136,0.0
7987,126.57913945902038,37.021950516087195,-32.5,-87.5,criteria_met,51,45,20,3,0.025347352851272736,136,0.0
7988,126.57919564816564,37.021950516087195,-27.5,-87.5,criteria_met,45,40,17,3,0.02104278806872292,137,0.0
7989,126.57925183731089,37.021950516087195,-22.5,-87.5,criteria_met,38,34,15,3,0.02299784350165793,137,0.0
7990,126.57930802645615,37.021950516087195,-17.5,-87.5,criteria_met,30,28,14,3,0.018929577812471114,138,0.0
7991,126.5793642156014,37.021950516087195,-12.5,-87.5,criteria_met,26,24,11,3,0.02122547584996211,138,0.0
7992,126.57942040474667,37.021950516087195,-7.5,-87.5,criteria_met,24,22,11,2,0.023771665862855593,138,0.0
7993,126.57947659389193,37.021950516087195,-2.5,-87.5,criteria_met,25,23,12,2,0.020393264794266522,140,0.0
7994,126.57953278303718,37.021950516087195,2.5,-87.5,criteria_met,26,25,13,3,0.02307141866967287,140,0.0
7995,126.57958897218244,37.021950516087195,7.5,-87.5,criteria_met,23,22,12,3,0.026074138417898556,140,0.0
7996,126.5796451613277,37.021950516087195,12.5,-87.5,criteria_met,21,21,11,3,0.02942579092995792,140,0.0
7997,126.57970135047296,37.021950516087195,17.5,-87.5,criteria_met,19,18,9,3,0.033132196068986895,140,0.0
7998,126.57975753961821,37.021950516087195,22.5,-87.5,criteria_met,11,9,5,3,0.037188318557715,140,0.0
7999,126.57981372876347,37.021950516087195,27.5,-87.5,criteria_met,10,8,5,3,0.04158521080686676,140,0.0
8000,126.57986991790872,37.021950516087195,32.5,-87.5,criteria_met,11,9,5,3,0.046313868946460876,140,0.0
8001,126.57992610705399,37.021950516087195,37.5,-87.5,criteria_met,11,8,4,3,0.05136668263456266,140,0.0
8002,126.57998229619925,37.021950516087195,42.5,-87.5,criteria_met,10,8,4,3,0.056737675977084755,140,0.0
8003,126.5800384853445,37.021950516087195,47.5,-87.5,criteria_met,9,6,4,2,0.06242230279029439,140,0.0
8004,126.58009467448976,37.021950516087195,52.5,-87.5,criteria_met,7,5,3,2,0.06841714352102728,140,0.0
8005,126.58015086363503,37.021950516087195,57.5,-87.5,criteria_met,9,7,4,2,0.06748468514648305,73,0.0
8006,126.58020705278028,37.021950516087195,62.5,-87.5,criteria_met,7,4,3,2,0.07118423590744301,73,0.0
8007,126.58026324192554,37.021950516087195,67.5,-87.5,needs_revisit,7,2,1,1,0.07511175263034164,73,0.4
8008,126.58031943107079,37.021950516087195,72.5,-87.5,needs_revisit,6,2,1,1,0.07928000407476476,73,0.4
8009,126.58037562021605,37.021950516087195,77.5,-87.5,needs_revisit,4,2,1,1,0.08369950264357766,73,0.4
8010,126.58043180936131,37.021950516087195,82.5,-87.5,needs_revisit,4,2,1,1,0.08837857119190741,73,0.4
8011,126.58048799850657,37.021950516087195,87.5,-87.5,needs_revisit,3,2,1,1,0.09214768321220995,74,0.4
8012,126.58054418765182,37.021950516087195,92.5,-87.5,needs_revisit,4,2,1,1,0.09328599477689305,74,0.4
8013,126.58060037679708,37.021950516087195,97.5,-87.5,needs_revisit,3,1,1,1,0.09454753951911811,74,0.4
8014,126.58065656594235,37.021950516087195,102.5,-87.5,needs_revisit,3,1,1,1,0.09591999129518802,74,0.4
8015,126.5807127550876,37.021950516087195,107.5,-87.5,needs_revisit,2,1,1,1,0.098828474988958,72,0.4
8016,126.58076894423286,37.021950516087195,112.5,-87.5,poor_quality,1,0,0,0,0.10616292236263167,-1,0.8
8017,126.58082513337811,37.021950516087195,117.5,-87.5,poor_quality,1,0,0,0,0.11383891597361293,-1,0.8
8018,126.58088132252337,37.021950516087195,122.5,-87.5,poor_quality,1,0,0,0,0.12185999266263507,-1,0.8
8019,126.58093751166864,37.021950516087195,127.5,-87.5,poor_quality,1,0,0,0,0.13022894791102985,-1,0.8
8020,126.58099370081389,37.021950516087195,132.5,-87.5,unobserved,0,0,0,0,,-1,1.0
8021,126.58104988995915,37.021950516087195,137.5,-87.5,unobserved,0,0,0,0,,-1,1.0
8022,126.5811060791044,37.021950516087195,142.5,-87.5,unobserved,0,0,0,0,,-1,1.0
8023,126.58116226824966,37.021950516087195,147.5,-87.5,unobserved,0,0,0,0,,-1,1.0
8024,126.58121845739493,37.021950516087195,152.5,-87.5,unobserved,0,0,0,0,,-1,1.0
8102,126.57750997380789,37.021995570034065,-177.5,-82.5,unobserved,0,0,0,0,,-1,1.0
8103,126.57756616295315,37.021995570034065,-172.5,-82.5,unobserved,0,0,0,0,,-1,1.0
8104,126.57762235209842,37.021995570034065,-167.5,-82.5,poor_quality,3,0,0,0,0.14746733836948353,-1,0.8
8105,126.57767854124367,37.021995570034065,-162.5,-82.5,poor_quality,7,0,0,0,0.13686819645183282,-1,0.8
8106,126.57773473038893,37.021995570034065,-157.5,-82.5,poor_quality,11,0,0,0,0.12668622631366436,-1,0.8
8107,126.57779091953418,37.021995570034065,-152.5,-82.5,poor_quality,13,0,0,0,0.11692169112892209,-1,0.8
8108,126.57784710867945,37.021995570034065,-147.5,-82.5,needs_revisit,20,1,1,1,0.09908811490686416,166,0.4
8109,126.5779032978247,37.021995570034065,-142.5,-82.5,criteria_met,23,2,2,1,0.09497727424859809,166,0.0
8110,126.57795948696996,37.021995570034065,-137.5,-82.5,criteria_met,27,3,2,1,0.08235542127729824,167,0.0
8111,126.57801567611521,37.021995570034065,-132.5,-82.5,criteria_met,32,5,4,1,0.07883216623374224,167,0.0
8112,126.57807186526047,37.021995570034065,-127.5,-82.5,criteria_met,34,11,5,1,0.06346890565221766,168,0.0
8113,126.57812805440574,37.021995570034065,-122.5,-82.5,criteria_met,38,15,6,1,0.05221082367753389,169,0.0
8114,126.578184243551,37.021995570034065,-117.5,-82.5,criteria_met,41,22,9,2,0.03840720001690919,171,0.0
8115,126.57824043269625,37.021995570034065,-112.5,-82.5,criteria_met,43,25,11,2,0.03563250587698213,171,0.0
8116,126.5782966218415,37.021995570034065,-107.5,-82.5,criteria_met,44,30,13,2,0.03298823654857864,171,0.0
8117,126.57835281098676,37.021995570034065,-102.5,-82.5,criteria_met,48,31,13,2,0.030476975748234103,171,0.0
8118,126.57840900013203,37.021995570034065,-97.5,-82.5,criteria_met,48,34,14,2,0.028102883328657097,171,0.0
8119,126.57846518927728,37.021995570034065,-92.5,-82.5,criteria_met,49,36,14,2,0.025664512881589833,170,0.0
8120,126.57852137842254,37.021995570034065,-87.5,-82.5,criteria_met,48,35,15,2,0.023212250491452133,170,0.0
8121,126.57857756756779,37.021995570034065,-82.5,-82.5,criteria_met,49,36,16,2,0.020991356463657983,170,0.0
8122,126.57863375671306,37.021995570034065,-77.5,-82.5,criteria_met,52,42,17,2,0.01759944174561744,172,0.0
8123,126.57868994585832,37.021995570034065,-72.5,-82.5,criteria_met,55,46,19,1,0.01810453704862581,170,0.0
8124,126.57874613500357,37.021995570034065,-67.5,-82.5,criteria_met,56,47,19,2,0.017878524129955557,170,0.0
8125,126.57880232414882,37.021995570034065,-62.5,-82.5,criteria_met,56,49,20,2,0.016521784518785193,173,0.0
8126,126.57885851329408,37.021995570034065,-57.5,-82.5,criteria_met,55,48,21,2,0.016033301112107202,174,0.0
8127,126.57891470243935,37.021995570034065,-52.5,-82.5,criteria_met,57,52,21,2,0.017782415508924218,174,0.0
8128,126.5789708915846,37.021995570034065,-47.5,-82.5,criteria_met,57,52,22,3,0.016612588942121847,175,0.0
8129,126.57902708072986,37.021995570034065,-42.5,-82.5,criteria_met,55,53,22,3,0.018695931577055635,175,0.0
8130,126.57908326987511,37.021995570034065,-37.5,-82.5,criteria_met,56,55,22,3,0.020999091391733657,175,0.0
8131,126.57913945902038,37.021995570034065,-32.5,-82.5,criteria_met,53,52,21,3,0.017756469150649483,137,0.0
8132,126.57919564816564,37.021995570034065,-27.5,-82.5,criteria_met,47,45,17,3,0.019446027917434095,137,0.0
8133,126.57925183731089,37.021995570034065,-22.5,-82.5,criteria_met,39,37,16,3,0.021316344650784438,137,0.0
8134,126.57930802645615,37.021995570034065,-17.5,-82.5,criteria_met,30,28,14,3,0.017286949063798063,138,0.0
8135,126.5793642156014,37.021995570034065,-12.5,-82.5,criteria_met,29,27,11,3,0.019445930310991753,138,0.0
8136,126.57942040474667,37.021995570034065,-7.5,-82.5,criteria_met,27,26,12,3,0.021877105679507382,138,0.0
8137,126.57947659389193,37.021995570034065,-2.5,-82.5,criteria_met,27,27,13,3,0.018771927188046864,140,0.0
8138,126.57953278303718,37.021995570034065,2.5,-82.5,criteria_met,29,29,14,3,0.021340462956172028,140,0.0
8139,126.57958897218244,37.021995570034065,7.5,-82.5,criteria_met,25,25,12,3,0.024273057258544416,140,0.0
8140,126.5796451613277,37.021995570034065,12.5,-82.5,criteria_met,25,25,12,3,0.027588626857400985,140,0.0
8141,126.57970135047296,37.021995570034065,17.5,-82.5,criteria_met,20,20,9,3,0.03127956240144936,140,0.0
8142,126.57975753961821,37.021995570034065,22.5,-82.5,criteria_met,11,11,6,3,0.035328906200014346,140,0.0
8143,126.57981372876347,37.021995570034065,27.5,-82.5,criteria_met,12,11,6,3,0.03972045535349443,140,0.0
8144,126.57986991790872,37.021995570034065,32.5,-82.5,criteria_met,14,13,6,3,0.044441727773258256,140,0.0
8145,126.57992610705399,37.021995570034065,37.5,-82.5,criteria_met,13,12,6,3,0.04948382396655003,140,0.0
8146,126.57998229619925,37.021995570034065,42.5,-82.5,criteria_met,12,11,6,3,0.05484054848825462,140,0.0
8147,126.5800384853445,37.021995570034065,47.5,-82.5,criteria_met,10,10,6,2,0.0605075909978731,140,0.0
8148,126.58009467448976,37.021995570034065,52.5,-82.5,criteria_met,8,6,4,2,0.0664819240009108,140,0.0
8149,126.58015086363503,37.021995570034065,57.5,-82.5,criteria_met,9,7,4,2,0.06238427607570544,73,0.0
8150,126.58020705278028,37.021995570034065,62.5,-82.5,criteria_met,8,5,4,2,0.0659644119807489,73,0.0
8151,126.58026324192554,37.021995570034065,67.5,-82.5,needs_revisit,7,2,1,1,0.06977854410217113,73,0.4
8152,126.58031943107079,37.021995570034065,72.5,-82.5,needs_revisit,6,2,1,1,0.07383976915721588,73,0.4
8153,126.58037562021605,37.021995570034065,77.5,-82.5,needs_revisit,5,2,1,1,0.07815855110391663,73,0.4
8154,126.58043180936131,37.021995570034065,82.5,-82.5,criteria_met,4,3,2,2,0.08274284533684274,73,0.0
8155,126.58048799850657,37.021995570034065,87.5,-82.5,criteria_met,6,3,2,2,0.08420452718430786,74,0.0
8156,126.58054418765182,37.021995570034065,92.5,-82.5,needs_revisit,5,2,1,1,0.08535588510431537,74,0.4
8157,126.58060037679708,37.021995570034065,97.5,-82.5,needs_revisit,5,2,1,1,0.08662353164058441,74,0.4
8158,126.58065656594235,37.021995570034065,102.5,-82.5,needs_revisit,3,1,1,1,0.08830189861426097,72,0.4
8159,126.5807127550876,37.021995570034065,107.5,-82.5,needs_revisit,2,1,1,1,0.09522479107427949,72,0.4
8160,126.58076894423286,37.021995570034065,112.5,-82.5,poor_quality,1,0,0,0,0.10249048845432726,-1,0.8
8161,126.58082513337811,37.021995570034065,117.5,-82.5,poor_quality,1,0,0,0,0.11010275512970068,-1,0.8
8162,126.58088132252337,37.021995570034065,122.5,-82.5,poor_quality,1,0,0,0,0.11806448852986287,-1,0.8
8163,126.58093751166864,37.021995570034065,127.5,-82.5,poor_quality,1,0,0,0,0.1263778954990911,-1,0.8
8164,126.58099370081389,37.021995570034065,132.5,-82.5,unobserved,0,0,0,0,,-1,1.0
8165,126.58104988995915,37.021995570034065,137.5,-82.5,unobserved,0,0,0,0,,-1,1.0
8166,126.5811060791044,37.021995570034065,142.5,-82.5,unobserved,0,0,0,0,,-1,1.0
8167,126.58116226824966,37.021995570034065,147.5,-82.5,unobserved,0,0,0,0,,-1,1.0
8168,126.58121845739493,37.021995570034065,152.5,-82.5,unobserved,0,0,0,0,,-1,1.0
8246,126.57750997380789,37.022040623980935,-177.5,-77.5,unobserved,0,0,0,0,,-1,1.0
8247,126.57756616295315,37.022040623980935,-172.5,-77.5,unobserved,0,0,0,0,,-1,1.0
8248,126.57762235209842,37.022040623980935,-167.5,-77.5,poor_quality,3,0,0,0,0.14737634988945023,-1,0.8
8249,126.57767854124367,37.022040623980935,-162.5,-77.5,poor_quality,8,0,0,0,0.1367313665166563,-1,0.8
8250,126.57773473038893,37.022040623980935,-157.5,-77.5,poor_quality,13,0,0,0,0.12650391916088602,-1,0.8
8251,126.57779091953418,37.022040623980935,-152.5,-77.5,poor_quality,16,0,0,0,0.11669439738975708,-1,0.8
8252,126.57784710867945,37.022040623980935,-147.5,-77.5,poor_quality,20,0,0,0,0.10730324323442428,-1,0.8
8253,126.5779032978247,37.022040623980935,-142.5,-77.5,criteria_met,23,2,2,1,0.08916015534526874,166,0.0
8254,126.57795948696996,37.022040623980935,-137.5,-77.5,criteria_met,28,3,3,1,0.08525197913005322,166,0.0
8255,126.57801567611521,37.022040623980935,-132.5,-77.5,criteria_met,33,10,6,1,0.07318114020118459,167,0.0
8256,126.57807186526047,37.022040623980935,-127.5,-77.5,criteria_met,37,14,7,1,0.06985303418621669,167,0.0
8257,126.57812805440574,37.022040623980935,-122.5,-77.5,criteria_met,41,19,9,1,0.0555046385261809,168,0.0
8258,126.578184243551,37.022040623980935,-117.5,-77.5,criteria_met,44,24,10,1,0.04403342875978083,169,0.0
8259,126.57824043269625,37.022040623980935,-112.5,-77.5,criteria_met,47,33,14,2,0.03174716144381531,171,0.0
8260,126.5782966218415,37.022040623980935,-107.5,-77.5,criteria_met,50,35,14,2,0.029233136558610723,171,0.0
8261,126.57835281098676,37.022040623980935,-102.5,-77.5,criteria_met,51,37,14,2,0.026844190959389388,171,0.0
8262,126.57840900013203,37.022040623980935,-97.5,-77.5,criteria_met,54,38,15,2,0.024415949740469164,170,0.0
8263,126.57846518927728,37.022040623980935,-92.5,-77.5,criteria_met,54,41,17,2,0.02192262665724293,170,0.0
8264,126.57852137842254,37.022040623980935,-87.5,-77.5,criteria_met,55,43,20,2,0.020436249112201748,171,0.0
8265,126.57857756756779,37.022040623980935,-82.5,-77.5,criteria_met,56,45,19,2,0.018563553549624943,171,0.0
8266,126.57863375671306,37.022040623980935,-77.5,-77.5,criteria_met,54,45,20,2,0.0168643499318612,171,0.0
8267,126.57868994585832,37.022040623980935,-72.5,-77.5,criteria_met,55,47,19,2,0.01575194745877695,172,0.0
8268,126.57874613500357,37.022040623980935,-67.5,-77.5,criteria_met,58,51,20,2,0.015755485880721714,171,0.0
8269,126.57880232414882,37.022040623980935,-62.5,-77.5,criteria_met,58,54,23,2,0.014150281706319372,174,0.0
8270,126.57885851329408,37.022040623980935,-57.5,-77.5,criteria_met,59,55,23,2,0.01568878623074861,174,0.0
8271,126.57891470243935,37.022040623980935,-52.5,-77.5,criteria_met,59,58,23,3,0.016205844183424793,171,0.0
8272,126.5789708915846,37.022040623980935,-47.5,-77.5,criteria_met,61,60,23,3,0.01625270994145933,175,0.0
8273,126.57902708072986,37.022040623980935,-42.5,-77.5,criteria_met,57,56,22,3,0.017894626617612982,136,0.0
8274,126.57908326987511,37.022040623980935,-37.5,-77.5,criteria_met,57,56,22,3,0.01663386704107552,176,0.0
8275,126.57913945902038,37.022040623980935,-32.5,-77.5,criteria_met,53,52,21,3,0.016345804891321647,137,0.0
8276,126.57919564816564,37.022040623980935,-27.5,-77.5,criteria_met,49,48,18,3,0.016602461162607912,177,0.0
8277,126.57925183731089,37.022040623980935,-22.5,-77.5,criteria_met,45,43,18,3,0.018812321485094128,177,0.0
8278,126.57930802645615,37.022040623980935,-17.5,-77.5,criteria_met,31,30,14,3,0.021270429026840818,177,0.0
8279,126.5793642156014,37.022040623980935,-12.5,-77.5,criteria_met,29,28,12,3,0.017767637201775342,138,0.0
8280,126.57942040474667,37.022040623980935,-7.5,-77.5,criteria_met,28,28,13,3,0.020080891431419383,138,0.0
8281,126.57947659389193,37.022040623980935,-2.5,-77.5,criteria_met,28,28,14,3,0.017240164640642104,140,0.0
8282,126.57953278303718,37.022040623980935,2.5,-77.5,criteria_met,30,30,15,3,0.019700431892617994,140,0.0
8283,126.57958897218244,37.022040623980935,7.5,-77.5,criteria_met,26,26,12,3,0.022585850073619993,140,0.0
8284,126.5796451613277,37.022040623980935,12.5,-77.5,criteria_met,26,26,12,3,0.025896121260456678,140,0.0
8285,126.57970135047296,37.022040623980935,17.5,-77.5,criteria_met,18,18,9,3,0.02959694611315865,140,0.0
8286,126.57975753961821,37.022040623980935,22.5,-77.5,criteria_met,15,15,8,3,0.03365590368081621,140,0.0
8287,126.57981372876347,37.022040623980935,27.5,-77.5,criteria_met,15,15,7,3,0.038051137406250435,140,0.0
8288,126.57986991790872,37.022040623980935,32.5,-77.5,criteria_met,14,14,6,3,0.042769170050944084,140,0.0
8289,126.57992610705399,37.022040623980935,37.5,-77.5,criteria_met,15,14,6,3,0.04780175429912747,140,0.0
8290,126.57998229619925,37.022040623980935,42.5,-77.5,criteria_met,14,13,6,3,0.05314374105575793,140,0.0
8291,126.5800384853445,37.022040623980935,47.5,-77.5,criteria_met,11,11,6,2,0.058791824859928565,140,0.0
8292,126.58009467448976,37.022040623980935,52.5,-77.5,criteria_met,11,9,5,2,0.06474382301856277,140,0.0
8293,126.58015086363503,37.022040623980935,57.5,-77.5,criteria_met,18,16,8,2,0.05749459969321015,73,0.0
8294,126.58020705278028,37.022040623980935,62.5,-77.5,criteria_met,14,11,8,2,0.0609559990888559,73,0.0
8295,126.58026324192554,37.022040623980935,67.5,-77.5,criteria_met,9,5,4,2,0.06465823212876813,73,0.0
8296,126.58031943107079,37.022040623980935,72.5,-77.5,criteria_met,10,4,3,2,0.06861468139333002,73,0.0
8297,126.58037562021605,37.022040623980935,77.5,-77.5,criteria_met,8,4,2,2,0.07283562395776404,73,0.0
8298,126.58043180936131,37.022040623980935,82.5,-77.5,criteria_met,7,4,2,2,0.07562159319361692,74,0.0
8299,126.58048799850657,37.022040623980935,87.5,-77.5,criteria_met,6,3,2,2,0.07666070123684818,74,0.0
8300,126.58054418765182,37.022040623980935,92.5,-77.5,needs_revisit,5,2,1,1,0.0778224692542232,74,0.4
8301,126.58060037679708,37.022040623980935,97.5,-77.5,needs_revisit,6,3,1,1,0.07838330415825873,72,0.4
8302,126.58065656594235,37.022040623980935,102.5,-77.5,needs_revisit,4,1,1,1,0.08489327488389363,72,0.4
8303,126.5807127550876,37.022040623980935,107.5,-77.5,needs_revisit,2,1,1,1,0.09174753821219178,72,0.4
8304,126.58076894423286,37.022040623980935,112.5,-77.5,needs_revisit,2,1,1,1,0.09895013107250147,72,0.4
8305,126.58082513337811,37.022040623980935,117.5,-77.5,poor_quality,1,0,0,0,0.1065040593227884,-1,0.8
8306,126.58088132252337,37.022040623980935,122.5,-77.5,poor_quality,1,0,0,0,0.11441152496743945,-1,0.8
8307,126.58093751166864,37.022040623980935,127.5,-77.5,poor_quality,1,0,0,0,0.12267411324248498,-1,0.8
8308,126.58099370081389,37.022040623980935,132.5,-77.5,poor_quality,1,0,0,0,0.1312929425372006,-1,0.8
8309,126.58104988995915,37.022040623980935,137.5,-77.5,unobserved,0,0,0,0,,-1,1.0
8310,126.5811060791044,37.022040623980935,142.5,-77.5,unobserved,0,0,0,0,,-1,1.0
8311,126.58116226824966,37.022040623980935,147.5,-77.5,unobserved,0,0,0,0,,-1,1.0
8312,126.58121845739493,37.022040623980935,152.5,-77.5,unobserved,0,0,0,0,,-1,1.0
8390,126.57750997380789,37.02208567792781,-177.5,-72.5,unobserved,0,0,0,0,,-1,1.0
8391,126.57756616295315,37.02208567792781,-172.5,-72.5,poor_quality,2,0,0,0,0.15856059933076336,-1,0.8
8392,126.57762235209842,37.02208567792781,-167.5,-72.5,poor_quality,7,0,0,0,0.14400675344849018,-1,0.8
8393,126.57767854124367,37.02208567792781,-162.5,-72.5,poor_quality,8,0,0,0,0.13673298632811326,-1,0.8
8394,126.57773473038893,37.02208567792781,-157.5,-72.5,poor_quality,12,0,0,0,0.1264799225619038,-1,0.8
8395,126.57779091953418,37.02208567792781,-152.5,-72.5,poor_quality,18,0,0,0,0.11662171124079375,-1,0.8
8396,126.57784710867945,37.02208567792781,-147.5,-72.5,poor_quality,20,0,0,0,0.10718198266833705,-1,0.8
8397,126.5779032978247,37.02208567792781,-142.5,-72.5,needs_revisit,24,1,1,1,0.09816135563588992,232,0.4
8398,126.57795948696996,37.02208567792781,-137.5,-72.5,criteria_met,30,3,3,1,0.07977119982682411,166,0.0
8399,126.57801567611521,37.02208567792781,-132.5,-72.5,criteria_met,35,9,5,1,0.07606517287195234,166,0.0
8400,126.57807186526047,37.02208567792781,-127.5,-72.5,criteria_met,40,18,8,1,0.06456781807105819,167,0.0
8401,126.57812805440574,37.02208567792781,-122.5,-72.5,criteria_met,40,23,11,1,0.06143411590937797,167,0.0
8402,126.578184243551,37.02208567792781,-117.5,-72.5,criteria_met,44,28,12,1,0.04810184713492084,168,0.0
8403,126.57824043269625,37.02208567792781,-112.5,-72.5,criteria_met,48,33,13,1,0.03662247926017095,169,0.0
8404,126.5782966218415,37.02208567792781,-107.5,-72.5,criteria_met,55,38,14,2,0.0258263471454256,171,0.0
8405,126.57835281098676,37.02208567792781,-102.5,-72.5,criteria_met,57,40,15,2,0.02358625663476109,171,0.0
8406,126.57840900013203,37.02208567792781,-97.5,-72.5,criteria_met,60,43,18,2,0.02146970573414706,171,0.0
8407,126.57846518927728,37.02208567792781,-92.5,-72.5,criteria_met,58,46,20,2,0.01947740220718334,171,0.0
8408,126.57852137842254,37.02208567792781,-87.5,-72.5,criteria_met,59,51,22,2,0.017610920716032392,171,0.0
8409,126.57857756756779,37.02208567792781,-82.5,-72.5,criteria_met,59,51,21,2,0.021802878555135637,169,0.0
8410,126.57863375671306,37.02208567792781,-77.5,-72.5,criteria_met,59,52,22,2,0.01997050365357494,169,0.0
8411,126.57868994585832,37.02208567792781,-72.5,-72.5,criteria_met,58,53,22,2,0.01860627853459864,169,0.0
8412,126.57874613500357,37.02208567792781,-67.5,-72.5,criteria_met,61,57,23,3,0.014100000988879716,172,0.0
8413,126.57880232414882,37.02208567792781,-62.5,-72.5,criteria_met,63,62,23,3,0.013857120515810704,174,0.0
8414,126.57885851329408,37.02208567792781,-57.5,-72.5,criteria_met,61,61,22,3,0.015352609869487702,174,0.0
8415,126.57891470243935,37.02208567792781,-52.5,-72.5,criteria_met,65,62,24,3,0.014108832106319967,175,0.0
8416,126.5789708915846,37.02208567792781,-47.5,-72.5,criteria_met,61,60,24,3,0.015901924034630772,175,0.0
8417,126.57902708072986,37.02208567792781,-42.5,-72.5,criteria_met,60,59,23,3,0.014406331554713941,176,0.0
8418,126.57908326987511,37.02208567792781,-37.5,-72.5,criteria_met,58,57,23,3,0.016257105159056782,176,0.0
8419,126.57913945902038,37.02208567792781,-32.5,-72.5,criteria_met,53,52,21,3,0.015033813945760399,137,0.0
8420,126.57919564816564,37.02208567792781,-27.5,-72.5,criteria_met,48,47,18,3,0.016202896928717125,177,0.0
8421,126.57925183731089,37.02208567792781,-22.5,-72.5,criteria_met,46,45,19,4,0.018182976105025807,137,0.0
8422,126.57930802645615,37.02208567792781,-17.5,-72.5,criteria_met,33,32,14,4,0.020155301137351516,137,0.0
8423,126.5793642156014,37.02208567792781,-12.5,-72.5,criteria_met,31,30,13,3,0.016195445174730105,138,0.0
8424,126.57942040474667,37.02208567792781,-7.5,-72.5,criteria_met,32,32,14,3,0.01758969570019423,179,0.0
8425,126.57947659389193,37.02208567792781,-2.5,-72.5,criteria_met,32,32,15,3,0.01580179857577983,140,0.0
8426,126.57953278303718,37.02208567792781,2.5,-72.5,criteria_met,32,32,15,3,0.01782731269351408,139,0.0
8427,126.57958897218244,37.02208567792781,7.5,-72.5,criteria_met,30,30,14,3,0.021026587944031217,139,0.0
8428,126.5796451613277,37.02208567792781,12.5,-72.5,criteria_met,26,26,13,3,0.024388763959011434,140,0.0
8429,126.57970135047296,37.02208567792781,17.5,-72.5,criteria_met,22,22,12,3,0.02812425004461524,140,0.0
8430,126.57975753961821,37.02208567792781,22.5,-72.5,criteria_met,19,19,9,3,0.03220246548850286,140,0.0
8431,126.57981372876347,37.02208567792781,27.5,-72.5,criteria_met,19,19,10,3,0.036602947390865656,140,0.0
8432,126.57986991790872,37.02208567792781,32.5,-72.5,criteria_met,16,16,6,3,0.041315561221151265,140,0.0
8433,126.57992610705399,37.02208567792781,37.5,-72.5,criteria_met,16,16,6,3,0.04633493106550832,140,0.0
8434,126.57998229619925,37.02208567792781,42.5,-72.5,criteria_met,14,13,6,3,0.05165801730382723,140,0.0
8435,126.5800384853445,37.02208567792781,47.5,-72.5,criteria_met,15,15,8,2,0.057283007559325326,140,0.0
8436,126.58009467448976,37.02208567792781,52.5,-72.5,criteria_met,23,22,10,2,0.049703266959726475,73,0.0
8437,126.58015086363503,37.02208567792781,57.5,-72.5,criteria_met,35,33,13,2,0.05281541672032308,73,0.0
8438,126.58020705278028,37.02208567792781,62.5,-72.5,criteria_met,20,17,10,2,0.05615890422442348,73,0.0
8439,126.58026324192554,37.02208567792781,67.5,-72.5,criteria_met,15,11,7,2,0.05975106376545652,73,0.0
8440,126.58031943107079,37.02208567792781,72.5,-72.5,criteria_met,12,6,4,2,0.06360547917253144,73,0.0
8441,126.58037562021605,37.02208567792781,77.5,-72.5,criteria_met,10,6,4,2,0.06753776368282097,74,0.0
8442,126.58043180936131,37.02208567792781,82.5,-72.5,criteria_met,8,4,2,2,0.06846192188393234,74,0.0
8443,126.58048799850657,37.02208567792781,87.5,-72.5,criteria_met,6,4,2,2,0.06951646061142036,74,0.0
8444,126.58054418765182,37.02208567792781,92.5,-72.5,needs_revisit,6,3,1,1,0.06907355555523671,72,0.4
8445,126.58060037679708,37.02208567792781,97.5,-72.5,needs_revisit,6,3,1,1,0.06982292249610039,71,0.4
8446,126.58065656594235,37.02208567792781,102.5,-72.5,needs_revisit,5,2,1,1,0.0816102579261169,72,0.4
8447,126.5807127550876,37.02208567792781,107.5,-72.5,needs_revisit,2,1,1,1,0.08840208895221752,72,0.4
8448,126.58076894423286,37.02208567792781,112.5,-72.5,needs_revisit,2,1,1,1,0.09554748639860296,72,0.4
8449,126.58082513337811,37.02208567792781,117.5,-72.5,poor_quality,1,0,0,0,0.1030486204647949,-1,0.8
8450,126.58088132252337,37.02208567792781,122.5,-72.5,poor_quality,1,0,0,0,0.11090695332588725,-1,0.8
8451,126.58093751166864,37.02208567792781,127.5,-72.5,poor_quality,1,0,0,0,0.11912343017032248,-1,0.8
8452,126.58099370081389,37.02208567792781,132.5,-72.5,poor_quality,1,0,0,0,0.127698625140727,-1,0.8
8453,126.58104988995915,37.02208567792781,137.5,-72.5,unobserved,0,0,0,0,,-1,1.0
8454,126.5811060791044,37.02208567792781,142.5,-72.5,unobserved,0,0,0,0,,-1,1.0
8455,126.58116226824966,37.02208567792781,147.5,-72.5,unobserved,0,0,0,0,,-1,1.0
8456,126.58121845739493,37.02208567792781,152.5,-72.5,unobserved,0,0,0,0,,-1,1.0
8534,126.57750997380789,37.02213073187468,-177.5,-67.5,unobserved,0,0,0,0,,-1,1.0
8535,126.57756616295315,37.02213073187468,-172.5,-67.5,poor_quality,3,0,0,0,0.15886054053305393,-1,0.8
8536,126.57762235209842,37.02213073187468,-167.5,-67.5,poor_quality,7,0,0,0,0.13678376141488133,-1,0.8
8537,126.57767854124367,37.02213073187468,-162.5,-67.5,poor_quality,9,0,0,0,0.12963905840243592,-1,0.8
8538,126.57773473038893,37.02213073187468,-157.5,-67.5,poor_quality,11,0,0,0,0.12271632201260387,-1,0.8
8539,126.57779091953418,37.02213073187468,-152.5,-67.5,poor_quality,17,0,0,0,0.11601671088876973,-1,0.8
8540,126.57784710867945,37.02213073187468,-147.5,-67.5,poor_quality,20,0,0,0,0.10722609555336925,-1,0.8
8541,126.5779032978247,37.02213073187468,-142.5,-67.5,needs_revisit,27,1,1,1,0.09815328997585344,232,0.4
8542,126.57795948696996,37.02213073187468,-137.5,-67.5,criteria_met,36,4,2,1,0.08950003154215884,232,0.0
8543,126.57801567611521,37.02213073187468,-132.5,-67.5,criteria_met,40,10,4,1,0.07092239483489048,166,0.0
8544,126.57807186526047,37.02213073187468,-127.5,-67.5,criteria_met,42,17,8,1,0.0674179894741547,166,0.0
8545,126.57812805440574,37.02213073187468,-122.5,-67.5,criteria_met,45,25,11,1,0.056517177543807216,167,0.0
8546,126.578184243551,37.02213073187468,-117.5,-67.5,criteria_met,49,32,13,1,0.04389654726933871,168,0.0
8547,126.57824043269625,37.02213073187468,-112.5,-67.5,criteria_met,54,34,13,1,0.0412643624245549,168,0.0
8548,126.5782966218415,37.02213073187468,-107.5,-67.5,criteria_met,58,39,15,1,0.029986736170287468,169,0.0
8549,126.57835281098676,37.02213073187468,-102.5,-67.5,criteria_met,61,43,17,2,0.027430610903220937,169,0.0
8550,126.57840900013203,37.02213073187468,-97.5,-67.5,criteria_met,61,44,18,2,0.02501050549495769,169,0.0
8551,126.57846518927728,37.02213073187468,-92.5,-67.5,criteria_met,64,54,23,2,0.02272645076049761,169,0.0
8552,126.57852137842254,37.02213073187468,-87.5,-67.5,criteria_met,66,58,23,2,0.02057835856802122,169,0.0
8553,126.57857756756779,37.02213073187468,-82.5,-67.5,criteria_met,65,58,23,2,0.01856628249347278,169,0.0
8554,126.57863375671306,37.02213073187468,-77.5,-67.5,criteria_met,63,58,24,2,0.016692392893121872,169,0.0
8555,126.57868994585832,37.02213073187468,-72.5,-67.5,criteria_met,66,62,25,2,0.015020134222255368,169,0.0
8556,126.57874613500357,37.02213073187468,-67.5,-67.5,criteria_met,66,64,24,2,0.014800027717122518,169,0.0
8557,126.57880232414882,37.02213073187468,-62.5,-67.5,criteria_met,68,67,26,4,0.01358578181558719,174,0.0
8558,126.57885851329408,37.02213073187468,-57.5,-67.5,criteria_met,67,63,24,4,0.015025840085384405,174,0.0
8559,126.57891470243935,37.02213073187468,-52.5,-67.5,criteria_met,66,63,26,4,0.013816111956205064,175,0.0
8560,126.5789708915846,37.02213073187468,-47.5,-67.5,criteria_met,62,59,24,3,0.015562712021806329,175,0.0
8561,126.57902708072986,37.02213073187468,-42.5,-67.5,criteria_met,62,59,23,3,0.014083449077465567,176,0.0
8562,126.57908326987511,37.02213073187468,-37.5,-67.5,criteria_met,56,55,22,3,0.01589291373849685,176,0.0
8563,126.57913945902038,37.02213073187468,-32.5,-67.5,criteria_met,54,53,21,3,0.01801049749003509,136,0.0
8564,126.57919564816564,37.02213073187468,-27.5,-67.5,criteria_met,50,49,19,3,0.01516552101202058,137,0.0
8565,126.57925183731089,37.02213073187468,-22.5,-67.5,criteria_met,46,45,18,3,0.016730300634621352,137,0.0
8566,126.57930802645615,37.02213073187468,-17.5,-67.5,criteria_met,34,33,14,4,0.018668009151090324,137,0.0
8567,126.5793642156014,37.02213073187468,-12.5,-67.5,criteria_met,34,34,15,4,0.014747144601082141,138,0.0
8568,126.57942040474667,37.02213073187468,-7.5,-67.5,criteria_met,33,33,15,3,0.016785855617661244,138,0.0
8569,126.57947659389193,37.02213073187468,-2.5,-67.5,criteria_met,33,33,16,3,0.014474639328936074,140,0.0
8570,126.57953278303718,37.02213073187468,2.5,-67.5,criteria_met,33,33,15,3,0.01604767816532896,139,0.0
8571,126.57958897218244,37.02213073187468,7.5,-67.5,criteria_met,31,31,14,3,0.019332757097963595,139,0.0
8572,126.5796451613277,37.02213073187468,12.5,-67.5,criteria_met,29,29,14,3,0.016334488644457457,141,0.0
8573,126.57970135047296,37.02213073187468,17.5,-67.5,criteria_met,25,25,12,3,0.02691571001835148,140,0.0
8574,126.57975753961821,37.02213073187468,22.5,-67.5,criteria_met,20,20,10,3,0.03100537052068178,140,0.0
8575,126.57981372876347,37.02213073187468,27.5,-67.5,criteria_met,21,21,9,3,0.03540044595243218,140,0.0
8576,126.57986991790872,37.02213073187468,32.5,-67.5,criteria_met,18,18,8,3,0.040097353309601465,140,0.0
8577,126.57992610705399,37.02213073187468,37.5,-67.5,criteria_met,18,18,8,3,0.04509442987775974,140,0.0
8578,126.57998229619925,37.02213073187468,42.5,-67.5,criteria_met,19,19,9,3,0.04592974663069347,107,0.0
8579,126.5800384853445,37.02213073187468,47.5,-67.5,criteria_met,32,32,14,2,0.046425903958480765,108,0.0
8580,126.58009467448976,37.02213073187468,52.5,-67.5,criteria_met,38,38,15,2,0.04535933582080833,73,0.0
8581,126.58015086363503,37.02213073187468,57.5,-67.5,criteria_met,42,40,16,2,0.048346443980789695,73,0.0
8582,126.58020705278028,37.02213073187468,62.5,-67.5,criteria_met,45,42,18,2,0.05157304836310844,73,0.0
8583,126.58026324192554,37.02213073187468,67.5,-67.5,criteria_met,20,16,10,2,0.055057425076208956,73,0.0
8584,126.58031943107079,37.02213073187468,72.5,-67.5,criteria_met,13,8,5,2,0.05881320086242946,73,0.0
8585,126.58037562021605,37.02213073187468,77.5,-67.5,criteria_met,10,6,4,2,0.06075954570252558,74,0.0
8586,126.58043180936131,37.02213073187468,82.5,-67.5,criteria_met,8,5,3,2,0.06170507495247895,74,0.0
8587,126.58048799850657,37.02213073187468,87.5,-67.5,criteria_met,10,7,3,2,0.05746491041290321,71,0.0
8588,126.58054418765182,37.02213073187468,92.5,-67.5,criteria_met,7,4,2,1,0.06229514469920052,71,0.0
8589,126.58060037679708,37.02213073187468,97.5,-67.5,needs_revisit,6,3,1,1,0.06738908712244092,71,0.4
8590,126.58065656594235,37.02213073187468,102.5,-67.5,needs_revisit,5,2,1,1,0.07845863095928206,72,0.4
8591,126.5807127550876,37.02213073187468,107.5,-67.5,needs_revisit,3,2,1,1,0.08519457592370584,72,0.4
8592,126.58076894423286,37.02213073187468,112.5,-67.5,needs_revisit,2,1,1,1,0.09228889425337566,72,0.4
8593,126.58082513337811,37.02213073187468,117.5,-67.5,needs_revisit,1,1,1,1,0.09974285870461909,72,0.4
8594,126.58088132252337,37.02213073187468,122.5,-67.5,poor_quality,1,0,0,0,0.10755716746725025,-1,0.8
8595,126.58093751166864,37.02213073187468,127.5,-67.5,poor_quality,1,0,0,0,0.11573212871497332,-1,0.8
8596,126.58099370081389,37.02213073187468,132.5,-67.5,poor_quality,1,0,0,0,0.12426779351300926,-1,0.8
8597,126.58104988995915,37.02213073187468,137.5,-67.5,unobserved,0,0,0,0,,-1,1.0
8598,126.5811060791044,37.02213073187468,142.5,-67.5,unobserved,0,0,0,0,,-1,1.0
8599,126.58116226824966,37.02213073187468,147.5,-67.5,unobserved,0,0,0,0,,-1,1.0
8600,126.58121845739493,37.02213073187468,152.5,-67.5,unobserved,0,0,0,0,,-1,1.0
8678,126.57750997380789,37.02217578582155,-177.5,-62.5,unobserved,0,0,0,0,,-1,1.0
8679,126.57756616295315,37.02217578582155,-172.5,-62.5,poor_quality,5,0,0,0,0.15885108838804715,-1,0.8
8680,126.57762235209842,37.02217578582155,-167.5,-62.5,poor_quality,8,0,0,0,0.12986941703181779,-1,0.8
8681,126.57767854124367,37.02217578582155,-162.5,-62.5,poor_quality,10,0,0,0,0.12285924633674114,-1,0.8
8682,126.57773473038893,37.02217578582155,-157.5,-62.5,poor_quality,11,0,0,0,0.1160684578470179,-1,0.8
8683,126.57779091953418,37.02217578582155,-152.5,-62.5,poor_quality,15,0,0,0,0.10949792388972342,-1,0.8
8684,126.57784710867945,37.02217578582155,-147.5,-62.5,poor_quality,22,0,0,0,0.10314867307658578,-1,0.8
8685,126.5779032978247,37.02217578582155,-142.5,-62.5,criteria_met,29,3,2,1,0.0970219329471968,165,0.0
8686,126.57795948696996,37.02217578582155,-137.5,-62.5,criteria_met,35,5,3,1,0.08961399257043677,232,0.0
8687,126.57801567611521,37.02217578582155,-132.5,-62.5,criteria_met,40,10,5,1,0.08132468038918243,232,0.0
8688,126.57807186526047,37.02217578582155,-127.5,-62.5,criteria_met,47,16,9,1,0.06261530096221726,166,0.0
8689,126.57812805440574,37.02217578582155,-122.5,-62.5,criteria_met,52,26,11,1,0.05931202529965975,166,0.0
8690,126.578184243551,37.02217578582155,-117.5,-62.5,criteria_met,58,32,12,1,0.04903169986592315,167,0.0
8691,126.57824043269625,37.02217578582155,-112.5,-62.5,criteria_met,61,39,14,1,0.0374344746529442,168,0.0
8692,126.5782966218415,37.02217578582155,-107.5,-62.5,criteria_met,64,42,16,1,0.034998147590725975,168,0.0
8693,126.57835281098676,37.02217578582155,-102.5,-62.5,criteria_met,63,46,19,2,0.024136547364584333,169,0.0
8694,126.57840900013203,37.02217578582155,-97.5,-62.5,criteria_met,70,54,21,2,0.02188075617004497,169,0.0
8695,126.57846518927728,37.02217578582155,-92.5,-62.5,criteria_met,69,60,24,2,0.019762429529357157,169,0.0
8696,126.57852137842254,37.02217578582155,-87.5,-62.5,criteria_met,70,63,26,2,0.025966789856827783,232,0.0
8697,126.57857756756779,37.02217578582155,-82.5,-62.5,criteria_met,68,63,25,2,0.022032715510651214,232,0.0
8698,126.57863375671306,37.02217578582155,-77.5,-62.5,criteria_met,70,67,27,2,0.019091930114271884,206,0.0
8699,126.57868994585832,37.02217578582155,-72.5,-62.5,criteria_met,69,66,26,2,0.018567757040072328,206,0.0
8700,126.57874613500357,37.02217578582155,-67.5,-62.5,criteria_met,68,66,25,2,0.01790708430805501,131,0.0
8701,126.57880232414882,37.02217578582155,-62.5,-62.5,criteria_met,69,68,28,5,0.013372883647041608,174,0.0
8702,126.57885851329408,37.02217578582155,-57.5,-62.5,criteria_met,68,64,25,4,0.014712440372208258,174,0.0
8703,126.57891470243935,37.02217578582155,-52.5,-62.5,criteria_met,67,63,25,4,0.013553906843002724,175,0.0
8704,126.5789708915846,37.02217578582155,-47.5,-62.5,criteria_met,65,62,25,4,0.015242550959679375,175,0.0
8705,126.57902708072986,37.02217578582155,-42.5,-62.5,criteria_met,62,59,23,4,0.013781149033148728,176,0.0
8706,126.57908326987511,37.02217578582155,-37.5,-62.5,criteria_met,59,56,22,3,0.014865370097383401,136,0.0
8707,126.57913945902038,37.02217578582155,-32.5,-62.5,criteria_met,56,55,21,4,0.013626618321625272,177,0.0
8708,126.57919564816564,37.02217578582155,-27.5,-62.5,criteria_met,50,49,19,3,0.013966192853973802,137,0.0
8709,126.57925183731089,37.02217578582155,-22.5,-62.5,criteria_met,48,47,20,3,0.01535348059426471,137,0.0
8710,126.57930802645615,37.02217578582155,-17.5,-62.5,criteria_met,38,38,17,4,0.01731207780361513,137,0.0
8711,126.5793642156014,37.02217578582155,-12.5,-62.5,criteria_met,35,35,15,4,0.013524159501371428,138,0.0
8712,126.57942040474667,37.02217578582155,-7.5,-62.5,criteria_met,35,35,15,4,0.01531511166230892,138,0.0
8713,126.57947659389193,37.02217578582155,-2.5,-62.5,criteria_met,34,34,16,3,0.013445287508063742,140,0.0
8714,126.57953278303718,37.02217578582155,2.5,-62.5,criteria_met,34,34,16,3,0.014664042133316174,139,0.0
8715,126.57958897218244,37.02217578582155,7.5,-62.5,criteria_met,35,35,15,3,0.01554746588126515,141,0.0
8716,126.5796451613277,37.02217578582155,12.5,-62.5,criteria_met,31,31,14,3,0.017741400832445766,141,0.0
8717,126.57970135047296,37.02217578582155,17.5,-62.5,criteria_met,25,25,10,3,0.020170307703292128,141,0.0
8718,126.57975753961821,37.02217578582155,22.5,-62.5,criteria_met,22,22,10,3,0.02281572713945724,141,0.0
8719,126.57981372876347,37.02217578582155,27.5,-62.5,criteria_met,22,22,9,3,0.03288577775614754,107,0.0
8720,126.57986991790872,37.02217578582155,32.5,-62.5,criteria_met,20,20,9,3,0.036724959512463774,107,0.0
8721,126.57992610705399,37.02217578582155,37.5,-62.5,criteria_met,22,22,10,3,0.03600393517250374,108,0.0
8722,126.57998229619925,37.02217578582155,42.5,-62.5,criteria_met,33,33,14,3,0.04058648500706985,108,0.0
8723,126.5800384853445,37.02217578582155,47.5,-62.5,criteria_met,43,43,16,2,0.04164763993029302,109,0.0
8724,126.58009467448976,37.02217578582155,52.5,-62.5,criteria_met,56,56,21,2,0.04122552011715347,73,0.0
8725,126.58015086363503,37.02217578582155,57.5,-62.5,criteria_met,73,71,27,2,0.04408734638124753,73,0.0
8726,126.58020705278028,37.02217578582155,62.5,-62.5,criteria_met,61,58,24,2,0.04719839035229881,73,0.0
8727,126.58026324192554,37.02217578582155,67.5,-62.5,criteria_met,23,19,10,2,0.05057792709970325,73,0.0
8728,126.58031943107079,37.02217578582155,72.5,-62.5,criteria_met,15,10,6,2,0.052382925313468026,69,0.0
8729,126.58037562021605,37.02217578582155,77.5,-62.5,criteria_met,12,8,5,2,0.05177990800291876,70,0.0
8730,126.58043180936131,37.02217578582155,82.5,-62.5,criteria_met,11,8,4,2,0.05068552938875977,71,0.0
8731,126.58048799850657,37.02217578582155,87.5,-62.5,criteria_met,11,7,3,2,0.055208860821269294,71,0.0
8732,126.58054418765182,37.02217578582155,92.5,-62.5,needs_revisit,6,3,1,1,0.05999879271595577,71,0.4
8733,126.58060037679708,37.02217578582155,97.5,-62.5,needs_revisit,6,3,1,2,0.06505703114946801,71,0.4
8734,126.58065656594235,37.02217578582155,102.5,-62.5,needs_revisit,5,2,1,1,0.0754451166767929,72,0.4
8735,126.5807127550876,37.02217578582155,107.5,-62.5,needs_revisit,3,2,1,1,0.0821320048797466,72,0.4
8736,126.58076894423286,37.02217578582155,112.5,-62.5,needs_revisit,2,1,1,1,0.08918147176110944,72,0.4
8737,126.58082513337811,37.02217578582155,117.5,-62.5,needs_revisit,1,1,1,1,0.0965938598672244,72,0.4
8738,126.58088132252337,37.02217578582155,122.5,-62.5,poor_quality,1,0,0,0,0.10436911036720294,-1,0.8
8739,126.58093751166864,37.02217578582155,127.5,-62.5,poor_quality,1,0,0,0,0.11250692667802167,-1,0.8
8740,126.58099370081389,37.02217578582155,132.5,-62.5,poor_quality,1,0,0,0,0.12100688327211957,-1,0.8
8741,126.58104988995915,37.02217578582155,137.5,-62.5,unobserved,0,0,0,0,,-1,1.0
8742,126.5811060791044,37.02217578582155,142.5,-62.5,unobserved,0,0,0,0,,-1,1.0
8743,126.58116226824966,37.02217578582155,147.5,-62.5,unobserved,0,0,0,0,,-1,1.0
8744,126.58121845739493,37.02217578582155,152.5,-62.5,unobserved,0,0,0,0,,-1,1.0
8822,126.57750997380789,37.02222083976843,-177.5,-57.5,unobserved,0,0,0,0,,-1,1.0
8823,126.57756616295315,37.02222083976843,-172.5,-57.5,poor_quality,6,0,0,0,0.15649284384169307,-1,0.8
8824,126.57762235209842,37.02222083976843,-167.5,-57.5,poor_quality,7,0,0,0,0.14613675773870444,-1,0.8
8825,126.57767854124367,37.02222083976843,-162.5,-57.5,poor_quality,10,0,0,0,0.13614100091567385,-1,0.8
8826,126.57773473038893,37.02222083976843,-157.5,-57.5,poor_quality,13,0,0,0,0.109730828009505,-1,0.8
8827,126.57779091953418,37.02222083976843,-152.5,-57.5,poor_quality,13,0,0,0,0.10329561946536218,-1,0.8
8828,126.57784710867945,37.02222083976843,-147.5,-57.5,needs_revisit,22,1,1,1,0.09707884647705614,165,0.4
8829,126.5779032978247,37.02222083976843,-142.5,-57.5,criteria_met,30,4,2,1,0.09108136255140391,165,0.0
8830,126.57795948696996,37.02222083976843,-137.5,-57.5,criteria_met,35,6,3,1,0.08530420431687208,165,0.0
8831,126.57801567611521,37.02222083976843,-132.5,-57.5,criteria_met,42,10,5,1,0.07974865308760938,165,0.0
8832,126.57807186526047,37.02222083976843,-127.5,-57.5,criteria_met,47,20,9,1,0.07364283982547001,232,0.0
8833,126.57812805440574,37.02222083976843,-122.5,-57.5,criteria_met,55,25,12,1,0.054852082062667826,166,0.0
8834,126.578184243551,37.02222083976843,-117.5,-57.5,criteria_met,58,32,13,1,0.05174958349385494,166,0.0
8835,126.57824043269625,37.02222083976843,-112.5,-57.5,criteria_met,63,42,17,1,0.04211504052431774,167,0.0
8836,126.5782966218415,37.02222083976843,-107.5,-57.5,criteria_met,66,49,20,1,0.03154952169190761,168,0.0
8837,126.57835281098676,37.02222083976843,-102.5,-57.5,criteria_met,66,54,20,1,0.02931268099676278,168,0.0
8838,126.57840900013203,37.02222083976843,-97.5,-57.5,criteria_met,70,55,21,2,0.027179143594559516,168,0.0
8839,126.57846518927728,37.02222083976843,-92.5,-57.5,criteria_met,73,67,26,2,0.02515044139475122,168,0.0
8840,126.57852137842254,37.02222083976843,-87.5,-57.5,criteria_met,74,70,28,2,0.023229465418472747,168,0.0
8841,126.57857756756779,37.02222083976843,-82.5,-57.5,criteria_met,73,70,28,2,0.021422752509146516,168,0.0
8842,126.57863375671306,37.02222083976843,-77.5,-57.5,criteria_met,73,72,28,2,0.01862344671854254,206,0.0
8843,126.57868994585832,37.02222083976843,-72.5,-57.5,criteria_met,74,72,30,2,0.01758693071370581,132,0.0
8844,126.57874613500357,37.02222083976843,-67.5,-57.5,criteria_met,69,68,28,2,0.016093544776296053,231,0.0
8845,126.57880232414882,37.02222083976843,-62.5,-57.5,criteria_met,71,67,28,5,0.013423092744615502,174,0.0
8846,126.57885851329408,37.02222083976843,-57.5,-57.5,criteria_met,70,66,26,4,0.014069138982652706,134,0.0
8847,126.57891470243935,37.02222083976843,-52.5,-57.5,criteria_met,69,65,25,4,0.013434874241140005,175,0.0
8848,126.5789708915846,37.02222083976843,-47.5,-57.5,criteria_met,68,65,26,5,0.014253985653084788,135,0.0
8849,126.57902708072986,37.02222083976843,-42.5,-57.5,criteria_met,67,64,25,5,0.013547594979410599,176,0.0
8850,126.57908326987511,37.02222083976843,-37.5,-57.5,criteria_met,60,57,24,5,0.013601701782513445,136,0.0
8851,126.57913945902038,37.02222083976843,-32.5,-57.5,criteria_met,59,58,25,5,0.013369805063411046,177,0.0
8852,126.57919564816564,37.02222083976843,-27.5,-57.5,criteria_met,53,52,21,6,0.013049762858998228,137,0.0
8853,126.57925183731089,37.02222083976843,-22.5,-57.5,criteria_met,49,48,21,5,0.014093787546260499,137,0.0
8854,126.57930802645615,37.02222083976843,-17.5,-57.5,criteria_met,40,40,17,5,0.01627295383857263,137,0.0
8855,126.5793642156014,37.02222083976843,-12.5,-57.5,criteria_met,35,35,15,5,0.01640654159841218,178,0.0
8856,126.57942040474667,37.02222083976843,-7.5,-57.5,criteria_met,38,38,16,3,0.01478656162247302,138,0.0
8857,126.57947659389193,37.02222083976843,-2.5,-57.5,criteria_met,38,38,16,4,0.0175356410388866,138,0.0
8858,126.57953278303718,37.02222083976843,2.5,-57.5,criteria_met,38,38,17,4,0.014797646240925506,141,0.0
8859,126.57958897218244,37.02222083976843,7.5,-57.5,criteria_met,40,40,17,4,0.014436397336058976,142,0.0
8860,126.5796451613277,37.02222083976843,12.5,-57.5,criteria_met,30,30,13,4,0.019287630212456903,141,0.0
8861,126.57970135047296,37.02222083976843,17.5,-57.5,criteria_met,27,27,11,4,0.021882447691695152,141,0.0
8862,126.57975753961821,37.02222083976843,22.5,-57.5,criteria_met,23,23,10,4,0.024681592885013155,141,0.0
8863,126.57981372876347,37.02222083976843,27.5,-57.5,criteria_met,26,26,12,4,0.027054235996327135,108,0.0
8864,126.57986991790872,37.02222083976843,32.5,-57.5,criteria_met,25,25,12,4,0.030870839236700497,141,0.0
8865,126.57992610705399,37.02222083976843,37.5,-57.5,criteria_met,42,42,18,4,0.03133308614040086,109,0.0
8866,126.57998229619925,37.02222083976843,42.5,-57.5,criteria_met,45,45,17,4,0.03585691551633204,109,0.0
8867,126.5800384853445,37.02222083976843,47.5,-57.5,criteria_met,70,70,25,3,0.034798904418584665,73,0.0
8868,126.58009467448976,37.02222083976843,52.5,-57.5,criteria_met,80,80,29,3,0.03730154113910018,73,0.0
8869,126.58015086363503,37.02222083976843,57.5,-57.5,criteria_met,81,81,30,3,0.04003772806361283,73,0.0
8870,126.58020705278028,37.02222083976843,62.5,-57.5,criteria_met,67,64,26,3,0.04303497288780234,73,0.0
8871,126.58026324192554,37.02222083976843,67.5,-57.5,criteria_met,26,22,12,3,0.04621877022109917,69,0.0
8872,126.58031943107079,37.02222083976843,72.5,-57.5,criteria_met,16,12,7,3,0.0454572688409772,70,0.0
8873,126.58037562021605,37.02222083976843,77.5,-57.5,criteria_met,16,10,5,2,0.044351131192536496,71,0.0
8874,126.58043180936131,37.02222083976843,82.5,-57.5,criteria_met,11,8,4,2,0.04856473953472396,71,0.0
8875,126.58048799850657,37.02222083976843,87.5,-57.5,criteria_met,11,7,3,2,0.05047850274586966,74,0.0
8876,126.58054418765182,37.02222083976843,92.5,-57.5,criteria_met,10,5,3,2,0.057804437093550085,71,0.0
8877,126.58060037679708,37.02222083976843,97.5,-57.5,criteria_met,7,4,2,1,0.06283268061172187,71,0.0
8878,126.58065656594235,37.02222083976843,102.5,-57.5,criteria_met,6,3,2,1,0.0725775453076656,72,0.0
8879,126.5807127550876,37.02222083976843,107.5,-57.5,needs_revisit,3,2,1,1,0.07922236517146558,72,0.4
8880,126.58076894423286,37.02222083976843,112.5,-57.5,needs_revisit,3,2,1,1,0.08623317049678349,72,0.4
8881,126.58082513337811,37.02222083976843,117.5,-57.5,needs_revisit,1,1,1,1,0.09360938763611894,72,0.4
8882,126.58088132252337,37.02222083976843,122.5,-57.5,poor_quality,1,0,0,0,0.10135025110621484,-1,0.8
8883,126.58093751166864,37.02222083976843,127.5,-57.5,poor_quality,1,0,0,0,0.10945492849325299,-1,0.8
8884,126.58099370081389,37.02222083976843,132.5,-57.5,poor_quality,1,0,0,0,0.11792259322020941,-1,0.8
8885,126.58104988995915,37.02222083976843,137.5,-57.5,unobserved,0,0,0,0,,-1,1.0
8886,126.5811060791044,37.02222083976843,142.5,-57.5,unobserved,0,0,0,0,,-1,1.0
8887,126.58116226824966,37.02222083976843,147.5,-57.5,unobserved,0,0,0,0,,-1,1.0
8888,126.58121845739493,37.02222083976843,152.5,-57.5,unobserved,0,0,0,0,,-1,1.0
8966,126.57750997380789,37.0222658937153,-177.5,-52.5,unobserved,0,0,0,0,,-1,1.0
8967,126.57756616295315,37.0222658937153,-172.5,-52.5,poor_quality,6,0,0,0,0.15287059650798748,-1,0.8
8968,126.57762235209842,37.0222658937153,-167.5,-52.5,poor_quality,8,0,0,0,0.14261413568835973,-1,0.8
8969,126.57767854124367,37.0222658937153,-162.5,-52.5,poor_quality,10,0,0,0,0.13271793514811858,-1,0.8
8970,126.57773473038893,37.0222658937153,-157.5,-52.5,poor_quality,12,0,0,0,0.12318190604562054,-1,0.8
8971,126.57779091953418,37.0222658937153,-152.5,-52.5,needs_revisit,16,1,1,1,0.09739867402401697,165,0.4
8972,126.57784710867945,37.0222658937153,-147.5,-52.5,needs_revisit,25,1,1,1,0.09132118996706515,165,0.4
8973,126.5779032978247,37.0222658937153,-142.5,-52.5,criteria_met,29,4,2,1,0.08546025969278134,165,0.0
8974,126.57795948696996,37.0222658937153,-137.5,-52.5,criteria_met,33,8,4,1,0.07981651350343617,165,0.0
8975,126.57801567611521,37.0222658937153,-132.5,-52.5,criteria_met,44,11,6,1,0.07439073089192105,165,0.0
8976,126.57807186526047,37.0222658937153,-127.5,-52.5,criteria_met,47,18,7,1,0.069183899777967,165,0.0
8977,126.57812805440574,37.0222658937153,-122.5,-52.5,criteria_met,54,25,11,1,0.06419730635479985,165,0.0
8978,126.578184243551,37.0222658937153,-117.5,-52.5,criteria_met,58,35,15,1,0.047635794249710525,166,0.0
8979,126.57824043269625,37.0222658937153,-112.5,-52.5,criteria_met,62,42,16,1,0.04473407612084746,166,0.0
8980,126.5782966218415,37.0222658937153,-107.5,-52.5,criteria_met,66,53,21,1,0.035772694856855934,167,0.0
8981,126.57835281098676,37.0222658937153,-102.5,-52.5,criteria_met,70,59,22,1,0.026251838954092364,168,0.0
8982,126.57840900013203,37.0222658937153,-97.5,-52.5,criteria_met,73,64,23,1,0.024222995403400057,168,0.0
8983,126.57846518927728,37.0222658937153,-92.5,-52.5,criteria_met,76,73,26,2,0.022293526134255927,168,0.0
8984,126.57852137842254,37.0222658937153,-87.5,-52.5,criteria_met,77,75,27,2,0.020463244965480975,168,0.0
8985,126.57857756756779,37.0222658937153,-82.5,-52.5,criteria_met,77,75,28,2,0.01873178805624175,168,0.0
8986,126.57863375671306,37.0222658937153,-77.5,-52.5,criteria_met,79,78,30,2,0.017098589188517792,168,0.0
8987,126.57868994585832,37.0222658937153,-72.5,-52.5,criteria_met,74,72,28,2,0.015562948745012661,168,0.0
8988,126.57874613500357,37.0222658937153,-67.5,-52.5,criteria_met,71,70,28,2,0.014278880853220594,168,0.0
8989,126.57880232414882,37.0222658937153,-62.5,-52.5,criteria_met,74,70,29,4,0.01392577107715746,174,0.0
8990,126.57885851329408,37.0222658937153,-57.5,-52.5,criteria_met,70,67,26,4,0.014465617578341642,168,0.0
8991,126.57891470243935,37.0222658937153,-52.5,-52.5,criteria_met,69,65,25,5,0.013859595769477996,134,0.0
8992,126.5789708915846,37.0222658937153,-47.5,-52.5,criteria_met,66,63,24,5,0.013235048754128956,135,0.0
8993,126.57902708072986,37.0222658937153,-42.5,-52.5,criteria_met,65,62,24,5,0.013808158723977842,176,0.0
8994,126.57908326987511,37.0222658937153,-37.5,-52.5,criteria_met,61,59,26,5,0.014717176649405727,206,0.0
8995,126.57913945902038,37.0222658937153,-32.5,-52.5,criteria_met,64,63,27,5,0.013399405845935837,177,0.0
8996,126.57919564816564,37.0222658937153,-27.5,-52.5,criteria_met,61,60,25,5,0.01430541171476372,206,0.0
8997,126.57925183731089,37.0222658937153,-22.5,-52.5,criteria_met,53,53,22,5,0.013932215545641814,137,0.0
8998,126.57930802645615,37.0222658937153,-17.5,-52.5,criteria_met,45,45,17,5,0.015829793711267963,137,0.0
8999,126.5793642156014,37.0222658937153,-12.5,-52.5,criteria_met,44,44,17,6,0.013090256828756098,142,0.0
9000,126.57942040474667,37.0222658937153,-7.5,-52.5,criteria_met,44,44,19,5,0.013444175517340583,142,0.0
9001,126.57947659389193,37.0222658937153,-2.5,-52.5,criteria_met,44,44,19,4,0.014099956224844156,141,0.0
9002,126.57953278303718,37.0222658937153,2.5,-52.5,criteria_met,44,44,19,5,0.013714922718618421,143,0.0
9003,126.57958897218244,37.0222658937153,7.5,-52.5,criteria_met,40,40,17,4,0.014467933275223785,143,0.0
9004,126.5796451613277,37.0222658937153,12.5,-52.5,criteria_met,31,31,14,4,0.017453337458285756,142,0.0
9005,126.57970135047296,37.0222658937153,17.5,-52.5,criteria_met,29,29,12,4,0.019629775278911386,108,0.0
9006,126.57975753961821,37.0222658937153,22.5,-52.5,criteria_met,27,27,12,4,0.019371991914212752,109,0.0
9007,126.57981372876347,37.0222658937153,27.5,-52.5,criteria_met,30,30,14,4,0.02269580561456362,109,0.0
9008,126.57986991790872,37.0222658937153,32.5,-52.5,criteria_met,47,47,19,4,0.026411032106977428,109,0.0
9009,126.57992610705399,37.0222658937153,37.5,-52.5,criteria_met,51,51,21,4,0.030533081833218435,109,0.0
9010,126.57998229619925,37.0222658937153,42.5,-52.5,criteria_met,79,79,29,4,0.03506585738022816,109,0.0
9011,126.5800384853445,37.0222658937153,47.5,-52.5,criteria_met,88,88,31,3,0.03122182991173779,73,0.0
9012,126.58009467448976,37.0222658937153,52.5,-52.5,criteria_met,89,89,32,3,0.03358710819401471,73,0.0
9013,126.58015086363503,37.0222658937153,57.5,-52.5,criteria_met,84,84,31,3,0.03619712357827923,73,0.0
9014,126.58020705278028,37.0222658937153,62.5,-52.5,criteria_met,73,70,29,3,0.03908301273420178,73,0.0
9015,126.58026324192554,37.0222658937153,67.5,-52.5,criteria_met,30,26,15,3,0.039568781589374755,70,0.0
9016,126.58031943107079,37.0222658937153,72.5,-52.5,criteria_met,20,16,8,3,0.03795946256491394,72,0.0
9017,126.58037562021605,37.0222658937153,77.5,-52.5,criteria_met,17,12,6,2,0.04236392958156746,71,0.0
9018,126.58043180936131,37.0222658937153,82.5,-52.5,criteria_met,13,10,4,2,0.04385671214082485,74,0.0
9019,126.58048799850657,37.0222658937153,87.5,-52.5,criteria_met,11,8,4,2,0.050990508263032,71,0.0
9020,126.58054418765182,37.0222658937153,92.5,-52.5,criteria_met,10,5,3,1,0.05571881018639004,71,0.0
9021,126.58060037679708,37.0222658937153,97.5,-52.5,criteria_met,7,4,2,1,0.06072293236293826,71,0.0
9022,126.58065656594235,37.0222658937153,102.5,-52.5,needs_revisit,5,2,1,1,0.06986502539197394,72,0.4
9023,126.5807127550876,37.0222658937153,107.5,-52.5,needs_revisit,3,2,1,1,0.07647471900672115,72,0.4
9024,126.58076894423286,37.0222658937153,112.5,-52.5,needs_revisit,3,2,1,1,0.08345279773747229,72,0.4
9025,126.58082513337811,37.0222658937153,117.5,-52.5,needs_revisit,2,2,1,1,0.09055365215038035,73,0.4
9026,126.58088132252337,37.0222658937153,122.5,-52.5,needs_revisit,1,1,1,1,0.09850851763787047,72,0.4
9027,126.58093751166864,37.0222658937153,127.5,-52.5,poor_quality,1,0,0,0,0.10658353443196608,-1,0.8
9028,126.58099370081389,37.0222658937153,132.5,-52.5,poor_quality,1,0,0,0,0.11502178118177224,-1,0.8
9029,126.58104988995915,37.0222658937153,137.5,-52.5,unobserved,0,0,0,0,,-1,1.0
9030,126.5811060791044,37.0222658937153,142.5,-52.5,unobserved,0,0,0,0,,-1,1.0
9031,126.58116226824966,37.0222658937153,147.5,-52.5,unobserved,0,0,0,0,,-1,1.0
9032,126.58121845739493,37.0222658937153,152.5,-52.5,unobserved,0,0,0,0,,-1,1.0
9110,126.57750997380789,37.02231094766217,-177.5,-47.5,poor_quality,2,0,0,0,0.16821434843292493,-1,0.8
9111,126.57756616295315,37.02231094766217,-172.5,-47.5,poor_quality,6,0,0,0,0.1494791817319932,-1,0.8
9112,126.57762235209842,37.02231094766217,-167.5,-47.5,poor_quality,8,0,0,0,0.13932464930739724,-1,0.8
9113,126.57767854124367,37.02231094766217,-162.5,-47.5,poor_quality,10,0,0,0,0.12953055127763194,-1,0.8
9114,126.57773473038893,37.02231094766217,-157.5,-47.5,poor_quality,13,0,0,0,0.12009681585817819,-1,0.8
9115,126.57779091953418,37.02231094766217,-152.5,-47.5,poor_quality,18,0,0,0,0.11102336254709184,-1,0.8
9116,126.57784710867945,37.02231094766217,-147.5,-47.5,poor_quality,26,0,0,0,0.10231010088677418,-1,0.8
9117,126.5779032978247,37.02231094766217,-142.5,-47.5,criteria_met,28,4,2,1,0.08014567350815192,165,0.0
9118,126.57795948696996,37.02231094766217,-137.5,-47.5,criteria_met,33,9,4,1,0.07464336938140284,165,0.0
9119,126.57801567611521,37.02231094766217,-132.5,-47.5,criteria_met,43,13,7,2,0.06935612584475288,165,0.0
9120,126.57807186526047,37.02231094766217,-127.5,-47.5,criteria_met,47,17,8,2,0.06428440236844152,165,0.0
9121,126.57812805440574,37.02231094766217,-122.5,-47.5,criteria_met,52,26,10,2,0.05942879772584672,165,0.0
9122,126.578184243551,37.02231094766217,-117.5,-47.5,criteria_met,56,33,14,2,0.054790125449456224,165,0.0
9123,126.57824043269625,37.02231094766217,-112.5,-47.5,criteria_met,63,44,17,2,0.040970824401562966,166,0.0
9124,126.5782966218415,37.02231094766217,-107.5,-47.5,criteria_met,65,52,21,2,0.03827069615114392,166,0.0
9125,126.57835281098676,37.02231094766217,-102.5,-47.5,criteria_met,67,60,22,2,0.03001301391983711,167,0.0
9126,126.57840900013203,37.02231094766217,-97.5,-47.5,criteria_met,73,66,25,2,0.021554510926135164,168,0.0
9127,126.57846518927728,37.02231094766217,-92.5,-47.5,criteria_met,75,72,27,2,0.019751217865570766,168,0.0
9128,126.57852137842254,37.02231094766217,-87.5,-47.5,criteria_met,78,77,29,3,0.01805094711002973,168,0.0
9129,126.57857756756779,37.02231094766217,-82.5,-47.5,criteria_met,80,78,28,3,0.0164582740602404,168,0.0
9130,126.57863375671306,37.02231094766217,-77.5,-47.5,criteria_met,80,79,32,3,0.014986351515833444,168,0.0
9131,126.57868994585832,37.02231094766217,-72.5,-47.5,criteria_met,76,75,29,3,0.014888110575273717,231,0.0
9132,126.57874613500357,37.02231094766217,-67.5,-47.5,criteria_met,72,71,28,3,0.015995185087750843,229,0.0
9133,126.57880232414882,37.02231094766217,-62.5,-47.5,criteria_met,74,70,27,4,0.014587236730337523,174,0.0
9134,126.57885851329408,37.02231094766217,-57.5,-47.5,criteria_met,69,66,26,4,0.01526276980997071,99,0.0
9135,126.57891470243935,37.02231094766217,-52.5,-47.5,criteria_met,70,66,26,6,0.013057536767546165,134,0.0
9136,126.5789708915846,37.02231094766217,-47.5,-47.5,criteria_met,67,64,26,5,0.014024268913750306,134,0.0
9137,126.57902708072986,37.02231094766217,-42.5,-47.5,criteria_met,66,63,26,6,0.013741072285285035,135,0.0
9138,126.57908326987511,37.02231094766217,-37.5,-47.5,criteria_met,65,63,26,5,0.014276471802728691,206,0.0
9139,126.57913945902038,37.02231094766217,-32.5,-47.5,criteria_met,65,64,26,6,0.0137680308286714,136,0.0
9140,126.57919564816564,37.02231094766217,-27.5,-47.5,criteria_met,61,59,24,5,0.013909969232310946,206,0.0
9141,126.57925183731089,37.02231094766217,-22.5,-47.5,criteria_met,55,55,23,7,0.013732230391459602,206,0.0
9142,126.57930802645615,37.02231094766217,-17.5,-47.5,criteria_met,53,53,21,6,0.012948198705151345,182,0.0
9143,126.5793642156014,37.02231094766217,-12.5,-47.5,criteria_met,52,52,22,6,0.01338735934499325,182,0.0
9144,126.57942040474667,37.02231094766217,-7.5,-47.5,criteria_met,49,49,21,5,0.013903123069716066,182,0.0
9145,126.57947659389193,37.02231094766217,-2.5,-47.5,criteria_met,53,53,23,5,0.014461338735857658,182,0.0
9146,126.57953278303718,37.02231094766217,2.5,-47.5,criteria_met,45,45,20,4,0.015598466336017384,143,0.0
9147,126.57958897218244,37.02231094766217,7.5,-47.5,criteria_met,41,41,18,5,0.016467791015599927,143,0.0
9148,126.5796451613277,37.02231094766217,12.5,-47.5,criteria_met,35,35,16,4,0.0173767344249375,143,0.0
9149,126.57970135047296,37.02231094766217,17.5,-47.5,criteria_met,31,31,13,4,0.018948148079029076,108,0.0
9150,126.57975753961821,37.02231094766217,22.5,-47.5,criteria_met,31,31,14,4,0.018692886592169708,109,0.0
9151,126.57981372876347,37.02231094766217,27.5,-47.5,criteria_met,54,54,22,4,0.01892426502567491,110,0.0
9152,126.57986991790872,37.02231094766217,32.5,-47.5,criteria_met,67,67,26,4,0.021974730097913616,110,0.0
9153,126.57992610705399,37.02231094766217,37.5,-47.5,criteria_met,86,86,31,4,0.025353130069762236,110,0.0
9154,126.57998229619925,37.02231094766217,42.5,-47.5,criteria_met,91,91,33,4,0.025846692172256987,73,0.0
9155,126.5800384853445,37.02231094766217,47.5,-47.5,criteria_met,93,93,33,3,0.0278578955319749,73,0.0
9156,126.58009467448976,37.02231094766217,52.5,-47.5,criteria_met,92,92,33,3,0.030081955192397158,73,0.0
9157,126.58015086363503,37.02231094766217,57.5,-47.5,criteria_met,87,87,32,3,0.03075964215852642,70,0.0
9158,126.58020705278028,37.02231094766217,62.5,-47.5,criteria_met,81,78,32,3,0.029723809485556172,71,0.0
9159,126.58026324192554,37.02231094766217,67.5,-47.5,criteria_met,43,39,22,3,0.03173196616879261,72,0.0
9160,126.58031943107079,37.02231094766217,72.5,-47.5,criteria_met,21,17,9,3,0.03570021711364071,72,0.0
9161,126.58037562021605,37.02231094766217,77.5,-47.5,criteria_met,17,12,6,2,0.03772865160574988,74,0.0
9162,126.58043180936131,37.02231094766217,82.5,-47.5,criteria_met,12,9,4,2,0.044615125668679444,71,0.0
9163,126.58048799850657,37.02231094766217,87.5,-47.5,criteria_met,11,8,4,1,0.049042298339569856,71,0.0
9164,126.58054418765182,37.02231094766217,92.5,-47.5,criteria_met,10,5,3,1,0.05374994147645294,71,0.0
9165,126.58060037679708,37.02231094766217,97.5,-47.5,criteria_met,8,4,2,1,0.05873576693326172,71,0.0
9166,126.58065656594235,37.02231094766217,102.5,-47.5,needs_revisit,5,2,1,1,0.06731808752665176,72,0.4
9167,126.5807127550876,37.02231094766217,107.5,-47.5,needs_revisit,3,2,1,1,0.07389923772609057,72,0.4
9168,126.58076894423286,37.02231094766217,112.5,-47.5,needs_revisit,3,2,1,1,0.08007021626401543,73,0.4
9169,126.58082513337811,37.02231094766217,117.5,-47.5,needs_revisit,2,2,1,1,0.08610355620860863,73,0.4
9170,126.58088132252337,37.02231094766217,122.5,-47.5,needs_revisit,1,1,1,1,0.09585216789124884,72,0.4
9171,126.58093751166864,37.02231094766217,127.5,-47.5,poor_quality,1,0,0,0,0.10390029549115927,-1,0.8
9172,126.58099370081389,37.02231094766217,132.5,-47.5,poor_quality,1,0,0,0,0.11231131383502405,-1,0.8
9173,126.58104988995915,37.02231094766217,137.5,-47.5,poor_quality,1,0,0,0,0.12108414865884766,-1,0.8
9174,126.5811060791044,37.02231094766217,142.5,-47.5,unobserved,0,0,0,0,,-1,1.0
9175,126.58116226824966,37.02231094766217,147.5,-47.5,unobserved,0,0,0,0,,-1,1.0
9176,126.58121845739493,37.02231094766217,152.5,-47.5,unobserved,0,0,0,0,,-1,1.0
9254,126.57750997380789,37.02235600160905,-177.5,-42.5,poor_quality,2,0,0,0,0.16791792629780863,-1,0.8
9255,126.57756616295315,37.02235600160905,-172.5,-42.5,poor_quality,6,0,0,0,0.14630867363904784,-1,0.8
9256,126.57762235209842,37.02235600160905,-167.5,-42.5,poor_quality,8,0,0,0,0.13625796012381233,-1,0.8
9257,126.57767854124367,37.02235600160905,-162.5,-42.5,poor_quality,10,0,0,0,0.1265680569950491,-1,0.8
9258,126.57773473038893,37.02235600160905,-157.5,-42.5,poor_quality,13,0,0,0,0.11723894454823026,-1,0.8
9259,126.57779091953418,37.02235600160905,-152.5,-42.5,poor_quality,21,0,0,0,0.10827060512028897,-1,0.8
9260,126.57784710867945,37.02235600160905,-147.5,-42.5,needs_revisit,24,1,1,1,0.0996630249622528,231,0.4
9261,126.5779032978247,37.02235600160905,-142.5,-42.5,criteria_met,28,3,2,2,0.09141619714773541,231,0.0
9262,126.57795948696996,37.02235600160905,-137.5,-42.5,criteria_met,35,8,4,2,0.08353012611792017,231,0.0
9263,126.57801567611521,37.02235600160905,-132.5,-42.5,criteria_met,42,13,7,2,0.06462921519560967,165,0.0
9264,126.57807186526047,37.02235600160905,-127.5,-42.5,criteria_met,45,18,8,2,0.0597023375739683,165,0.0
9265,126.57812805440574,37.02235600160905,-122.5,-42.5,criteria_met,48,23,10,2,0.05498866549148052,165,0.0
9266,126.578184243551,37.02235600160905,-117.5,-42.5,criteria_met,54,33,14,2,0.050488347203019375,165,0.0
9267,126.57824043269625,37.02235600160905,-112.5,-42.5,criteria_met,59,44,18,2,0.04620160676760051,165,0.0
9268,126.5782966218415,37.02235600160905,-107.5,-42.5,criteria_met,61,51,20,2,0.03486352649122241,166,0.0
9269,126.57835281098676,37.02235600160905,-102.5,-42.5,criteria_met,64,58,23,2,0.03236753250570604,166,0.0
9270,126.57840900013203,37.02235600160905,-97.5,-42.5,criteria_met,71,64,24,2,0.024848477416856234,167,0.0
9271,126.57846518927728,37.02235600160905,-92.5,-42.5,criteria_met,73,70,27,2,0.022893214801801502,167,0.0
9272,126.57852137842254,37.02235600160905,-87.5,-42.5,criteria_met,77,76,29,2,0.02103657489682327,167,0.0
9273,126.57857756756779,37.02235600160905,-82.5,-42.5,criteria_met,80,78,28,3,0.019278300881318045,167,0.0
9274,126.57863375671306,37.02235600160905,-77.5,-42.5,criteria_met,80,79,30,3,0.017306054952091948,231,0.0
9275,126.57868994585832,37.02235600160905,-72.5,-42.5,criteria_met,78,77,31,3,0.016054778423274803,167,0.0
9276,126.57874613500357,37.02235600160905,-67.5,-42.5,criteria_met,80,76,30,4,0.013937042806302959,174,0.0
9277,126.57880232414882,37.02235600160905,-62.5,-42.5,criteria_met,77,73,29,4,0.014158524340391708,167,0.0
9278,126.57885851329408,37.02235600160905,-57.5,-42.5,criteria_met,72,69,27,5,0.014266550768864936,167,0.0
9279,126.57891470243935,37.02235600160905,-52.5,-42.5,criteria_met,70,66,28,5,0.01437539975773305,167,0.0
9280,126.5789708915846,37.02235600160905,-47.5,-42.5,criteria_met,66,63,27,7,0.013725969861076083,134,0.0
9281,126.57902708072986,37.02235600160905,-42.5,-42.5,criteria_met,67,64,27,8,0.01356760561931993,135,0.0
9282,126.57908326987511,37.02235600160905,-37.5,-42.5,criteria_met,68,65,28,7,0.0138281006041635,198,0.0
9283,126.57913945902038,37.02235600160905,-32.5,-42.5,criteria_met,67,65,29,7,0.013564140402413404,136,0.0
9284,126.57919564816564,37.02235600160905,-27.5,-42.5,criteria_met,67,67,28,8,0.013555643388318321,206,0.0
9285,126.57925183731089,37.02235600160905,-22.5,-42.5,criteria_met,59,57,24,6,0.01338233045275036,206,0.0
9286,126.57930802645615,37.02235600160905,-17.5,-42.5,criteria_met,60,60,24,7,0.013638871570957991,181,0.0
9287,126.5793642156014,37.02235600160905,-12.5,-42.5,criteria_met,60,60,24,6,0.014750700203151803,181,0.0
9288,126.57942040474667,37.02235600160905,-7.5,-42.5,criteria_met,56,55,22,5,0.014900217773186146,182,0.0
9289,126.57947659389193,37.02235600160905,-2.5,-42.5,criteria_met,57,57,24,5,0.01632215873009048,182,0.0
9290,126.57953278303718,37.02235600160905,2.5,-42.5,criteria_met,53,52,22,6,0.014220866689822498,144,0.0
9291,126.57958897218244,37.02235600160905,7.5,-42.5,criteria_met,46,46,19,4,0.015075145330299604,144,0.0
9292,126.5796451613277,37.02235600160905,12.5,-42.5,criteria_met,37,37,17,5,0.015986952684239473,144,0.0
9293,126.57970135047296,37.02235600160905,17.5,-42.5,criteria_met,38,38,18,4,0.018295258860318596,108,0.0
9294,126.57975753961821,37.02235600160905,22.5,-42.5,criteria_met,61,61,23,4,0.01629723865992337,110,0.0
9295,126.57981372876347,37.02235600160905,27.5,-42.5,criteria_met,83,83,31,4,0.019046406184441155,110,0.0
9296,126.57986991790872,37.02235600160905,32.5,-42.5,criteria_met,89,89,32,4,0.02214877276782787,110,0.0
9297,126.57992610705399,37.02235600160905,37.5,-42.5,criteria_met,93,93,33,4,0.02431463253010491,75,0.0
9298,126.57998229619925,37.02235600160905,42.5,-42.5,criteria_met,94,94,33,4,0.021617279203232385,75,0.0
9299,126.5800384853445,37.02235600160905,47.5,-42.5,criteria_met,94,94,34,3,0.02470895608650433,73,0.0
9300,126.58009467448976,37.02235600160905,52.5,-42.5,criteria_met,94,94,34,3,0.02607618656038899,70,0.0
9301,126.58015086363503,37.02235600160905,57.5,-42.5,criteria_met,88,88,32,3,0.0250803818899814,71,0.0
9302,126.58020705278028,37.02235600160905,62.5,-42.5,criteria_met,84,82,31,3,0.026142399662730416,72,0.0
9303,126.58026324192554,37.02235600160905,67.5,-42.5,criteria_met,48,45,23,3,0.029662839810961225,72,0.0
9304,126.58031943107079,37.02235600160905,72.5,-42.5,criteria_met,25,21,10,3,0.03209447617519685,74,0.0
9305,126.58037562021605,37.02235600160905,77.5,-42.5,criteria_met,17,13,7,2,0.032996355588757645,74,0.0
9306,126.58043180936131,37.02235600160905,82.5,-42.5,criteria_met,12,9,4,1,0.04247802122510011,72,0.0
9307,126.58048799850657,37.02235600160905,87.5,-42.5,criteria_met,11,8,4,1,0.04721356614847249,71,0.0
9308,126.58054418765182,37.02235600160905,92.5,-42.5,criteria_met,10,5,3,1,0.05190734196372294,71,0.0
9309,126.58060037679708,37.02235600160905,97.5,-42.5,needs_revisit,8,3,1,1,0.05688030658750624,71,0.4
9310,126.58065656594235,37.02235600160905,102.5,-42.5,needs_revisit,6,3,1,1,0.06212929824650903,71,0.4
9311,126.5807127550876,37.02235600160905,107.5,-42.5,needs_revisit,3,2,1,1,0.07025605167770434,73,0.4
9312,126.58076894423286,37.02235600160905,112.5,-42.5,needs_revisit,3,2,1,1,0.07595048841160587,73,0.4
9313,126.58082513337811,37.02235600160905,117.5,-42.5,needs_revisit,2,2,1,1,0.08190981916007634,73,0.4
9314,126.58088132252337,37.02235600160905,122.5,-42.5,needs_revisit,2,2,1,1,0.08813209123934476,73,0.4
9315,126.58093751166864,37.02235600160905,127.5,-42.5,poor_quality,1,0,0,0,0.10141270269894449,-1,0.8
9316,126.58099370081389,37.02235600160905,132.5,-42.5,poor_quality,1,0,0,0,0.10979786441178006,-1,0.8
9317,126.58104988995915,37.02235600160905,137.5,-42.5,poor_quality,1,0,0,0,0.11854401609016985,-1,0.8
9318,126.5811060791044,37.02235600160905,142.5,-42.5,unobserved,0,0,0,0,,-1,1.0
9319,126.58116226824966,37.02235600160905,147.5,-42.5,unobserved,0,0,0,0,,-1,1.0
9320,126.58121845739493,37.02235600160905,152.5,-42.5,unobserved,0,0,0,0,,-1,1.0
9398,126.57750997380789,37.02240105555592,-177.5,-37.5,poor_quality,3,0,0,0,0.16782966809823344,-1,0.8
9399,126.57756616295315,37.02240105555592,-172.5,-37.5,poor_quality,6,0,0,0,0.1433480143334783,-1,0.8
9400,126.57762235209842,37.02240105555592,-167.5,-37.5,poor_quality,8,0,0,0,0.13340247583821868,-1,0.8
9401,126.57767854124367,37.02240105555592,-162.5,-37.5,poor_quality,10,0,0,0,0.12381826268617649,-1,0.8
9402,126.57773473038893,37.02240105555592,-157.5,-37.5,poor_quality,16,0,0,0,0.11459542975608814,-1,0.8
9403,126.57779091953418,37.02240105555592,-152.5,-37.5,poor_quality,21,0,0,0,0.10573404972321275,-1,0.8
9404,126.57784710867945,37.02240105555592,-147.5,-37.5,needs_revisit,23,1,1,1,0.09723421944712242,231,0.4
9405,126.5779032978247,37.02240105555592,-142.5,-37.5,criteria_met,26,5,2,2,0.08909606906412022,231,0.0
9406,126.57795948696996,37.02240105555592,-137.5,-37.5,criteria_met,36,9,4,2,0.08131977515072276,231,0.0
9407,126.57801567611521,37.02240105555592,-132.5,-37.5,criteria_met,38,12,7,2,0.07390558014713851,231,0.0
9408,126.57807186526047,37.02240105555592,-127.5,-37.5,criteria_met,39,16,8,2,0.06685382163857519,231,0.0
9409,126.57812805440574,37.02240105555592,-122.5,-37.5,criteria_met,44,24,10,2,0.05085702818979511,165,0.0
9410,126.578184243551,37.02240105555592,-117.5,-37.5,criteria_met,51,32,14,2,0.04650725688012317,165,0.0
9411,126.57824043269625,37.02240105555592,-112.5,-37.5,criteria_met,53,40,15,2,0.040536718810622825,233,0.0
9412,126.5782966218415,37.02240105555592,-107.5,-37.5,criteria_met,57,49,20,2,0.03644376887409735,233,0.0
9413,126.57835281098676,37.02240105555592,-102.5,-37.5,criteria_met,61,55,21,2,0.029323010412400197,166,0.0
9414,126.57840900013203,37.02240105555592,-97.5,-37.5,criteria_met,63,58,23,2,0.027037287646430774,166,0.0
9415,126.57846518927728,37.02240105555592,-92.5,-37.5,criteria_met,70,67,26,2,0.020296013737298866,167,0.0
9416,126.57852137842254,37.02240105555592,-87.5,-37.5,criteria_met,73,72,26,2,0.01856966159442741,167,0.0
9417,126.57857756756779,37.02240105555592,-82.5,-37.5,criteria_met,77,76,28,2,0.016948411190841152,167,0.0
9418,126.57863375671306,37.02240105555592,-77.5,-37.5,criteria_met,81,80,31,3,0.01544096425648399,167,0.0
9419,126.57868994585832,37.02240105555592,-72.5,-37.5,criteria_met,80,79,30,3,0.014643843576310468,232,0.0
9420,126.57874613500357,37.02240105555592,-67.5,-37.5,criteria_met,78,74,29,4,0.014613187590339501,174,0.0
9421,126.57880232414882,37.02240105555592,-62.5,-37.5,criteria_met,76,72,28,4,0.01501176610938154,166,0.0
9422,126.57885851329408,37.02240105555592,-57.5,-37.5,criteria_met,74,71,28,5,0.014856539434467292,175,0.0
9423,126.57891470243935,37.02240105555592,-52.5,-37.5,criteria_met,73,70,29,6,0.014421111998613435,204,0.0
9424,126.5789708915846,37.02240105555592,-47.5,-37.5,criteria_met,73,70,31,8,0.013421565173381915,134,0.0
9425,126.57902708072986,37.02240105555592,-42.5,-37.5,criteria_met,70,67,28,8,0.013397513569830691,135,0.0
9426,126.57908326987511,37.02240105555592,-37.5,-37.5,criteria_met,72,71,32,7,0.013609520062824529,206,0.0
9427,126.57913945902038,37.02240105555592,-32.5,-37.5,criteria_met,71,70,29,8,0.01342370727223775,206,0.0
9428,126.57919564816564,37.02240105555592,-27.5,-37.5,criteria_met,75,75,30,7,0.013244193092179947,206,0.0
9429,126.57925183731089,37.02240105555592,-22.5,-37.5,criteria_met,64,63,27,7,0.013314554645317785,183,0.0
9430,126.57930802645615,37.02240105555592,-17.5,-37.5,criteria_met,66,66,27,7,0.013642732776838883,183,0.0
9431,126.5793642156014,37.02240105555592,-12.5,-37.5,criteria_met,65,65,28,7,0.013559785495436152,106,0.0
9432,126.57942040474667,37.02240105555592,-7.5,-37.5,criteria_met,63,63,25,5,0.014616164892554075,183,0.0
9433,126.57947659389193,37.02240105555592,-2.5,-37.5,criteria_met,64,63,23,6,0.01514972160540368,183,0.0
9434,126.57953278303718,37.02240105555592,2.5,-37.5,criteria_met,56,56,23,6,0.015025897071327194,107,0.0
9435,126.57958897218244,37.02240105555592,7.5,-37.5,criteria_met,46,46,18,6,0.0173608516422515,107,0.0
9436,126.5796451613277,37.02240105555592,12.5,-37.5,criteria_met,51,51,22,5,0.015040835258603261,108,0.0
9437,126.57970135047296,37.02240105555592,17.5,-37.5,criteria_met,69,69,28,5,0.01768276527865743,108,0.0
9438,126.57975753961821,37.02240105555592,22.5,-37.5,criteria_met,95,95,35,4,0.016398879021195068,110,0.0
9439,126.57981372876347,37.02240105555592,27.5,-37.5,criteria_met,96,96,36,4,0.019203291382263867,110,0.0
9440,126.57986991790872,37.02240105555592,32.5,-37.5,criteria_met,95,95,35,4,0.022391649459085085,110,0.0
9441,126.57992610705399,37.02240105555592,37.5,-37.5,criteria_met,94,94,33,4,0.021543200813055847,75,0.0
9442,126.57998229619925,37.02240105555592,42.5,-37.5,criteria_met,94,94,34,4,0.020084286259254062,73,0.0
9443,126.5800384853445,37.02240105555592,47.5,-37.5,criteria_met,95,95,34,3,0.021778802181747815,73,0.0
9444,126.58009467448976,37.02240105555592,52.5,-37.5,criteria_met,95,95,34,3,0.020921126081283686,71,0.0
9445,126.58015086363503,37.02240105555592,57.5,-37.5,criteria_met,90,90,32,3,0.021209449551583597,72,0.0
9446,126.58020705278028,37.02240105555592,62.5,-37.5,criteria_met,85,84,31,3,0.024268681764392574,72,0.0
9447,126.58026324192554,37.02240105555592,67.5,-37.5,criteria_met,51,48,24,3,0.02695550791633306,74,0.0
9448,126.58031943107079,37.02240105555592,72.5,-37.5,criteria_met,25,21,11,3,0.027780791623710773,74,0.0
9449,126.58037562021605,37.02240105555592,77.5,-37.5,criteria_met,19,15,8,1,0.03574422549693622,72,0.0
9450,126.58043180936131,37.02240105555592,82.5,-37.5,criteria_met,13,9,4,1,0.04037274042562817,72,0.0
9451,126.58048799850657,37.02240105555592,87.5,-37.5,criteria_met,11,8,4,1,0.045396714670333294,72,0.0
9452,126.58054418765182,37.02240105555592,92.5,-37.5,criteria_met,10,6,4,1,0.050202099746307634,71,0.0
9453,126.58060037679708,37.02240105555592,97.5,-37.5,needs_revisit,8,3,1,1,0.05516675822611616,71,0.4
9454,126.58065656594235,37.02240105555592,102.5,-37.5,needs_revisit,6,3,1,1,0.060406314623088646,71,0.4
9455,126.5807127550876,37.02240105555592,107.5,-37.5,needs_revisit,4,2,1,1,0.06647096383076542,73,0.4
9456,126.58076894423286,37.02240105555592,112.5,-37.5,needs_revisit,3,2,1,1,0.0720907096073788,73,0.4
9457,126.58082513337811,37.02240105555592,117.5,-37.5,needs_revisit,2,2,1,1,0.07797174619397557,73,0.4
9458,126.58088132252337,37.02240105555592,122.5,-37.5,needs_revisit,2,2,1,1,0.08411268600288026,73,0.4
9459,126.58093751166864,37.02240105555592,127.5,-37.5,needs_revisit,2,2,1,1,0.09051252118227587,73,0.4
9460,126.58099370081389,37.02240105555592,132.5,-37.5,poor_quality,1,0,0,0,0.10748765640074434,-1,0.8
9461,126.58104988995915,37.02240105555592,137.5,-37.5,poor_quality,1,0,0,0,0.11620729100250501,-1,0.8
9462,126.5811060791044,37.02240105555592,142.5,-37.5,unobserved,0,0,0,0,,-1,1.0
9463,126.58116226824966,37.02240105555592,147.5,-37.5,unobserved,0,0,0,0,,-1,1.0
9464,126.58121845739493,37.02240105555592,152.5,-37.5,unobserved,0,0,0,0,,-1,1.0
9542,126.57750997380789,37.02244610950279,-177.5,-32.5,poor_quality,3,0,0,0,0.16795586923974448,-1,0.8
9543,126.57756616295315,37.02244610950279,-172.5,-32.5,poor_quality,6,0,0,0,0.14058513312653595,-1,0.8
9544,126.57762235209842,37.02244610950279,-167.5,-32.5,poor_quality,8,0,0,0,0.1307454908111299,-1,0.8
9545,126.57767854124367,37.02244610950279,-162.5,-32.5,poor_quality,8,0,0,0,0.12126774864442887,-1,0.8
9546,126.57773473038893,37.02244610950279,-157.5,-32.5,poor_quality,17,0,0,0,0.11215204237959123,-1,0.8
9547,126.57779091953418,37.02244610950279,-152.5,-32.5,poor_quality,22,0,0,0,0.1033985416302711,-1,0.8
9548,126.57784710867945,37.02244610950279,-147.5,-32.5,needs_revisit,23,2,1,1,0.09500746040588223,231,0.4
9549,126.5779032978247,37.02244610950279,-142.5,-32.5,criteria_met,25,5,2,2,0.08697907165151483,231,0.0
9550,126.57795948696996,37.02244610950279,-137.5,-32.5,criteria_met,35,9,4,2,0.0793137276151476,231,0.0
9551,126.57801567611521,37.02244610950279,-132.5,-32.5,criteria_met,37,11,6,2,0.07201188883779429,231,0.0
9552,126.57807186526047,37.02244610950279,-127.5,-32.5,criteria_met,39,16,7,2,0.06507416612971509,231,0.0
9553,126.57812805440574,37.02244610950279,-122.5,-32.5,criteria_met,43,25,11,2,0.053008047816747755,233,0.0
9554,126.578184243551,37.02244610950279,-117.5,-32.5,criteria_met,46,32,13,2,0.04827976556332485,233,0.0
9555,126.57824043269625,37.02244610950279,-112.5,-32.5,criteria_met,49,38,15,2,0.03884322432400476,165,0.0
9556,126.5782966218415,37.02244610950279,-107.5,-32.5,criteria_met,52,44,17,2,0.035076191317180996,165,0.0
9557,126.57835281098676,37.02244610950279,-102.5,-32.5,criteria_met,55,50,19,2,0.03151944755290551,165,0.0
9558,126.57840900013203,37.02244610950279,-97.5,-32.5,criteria_met,62,57,21,2,0.0243615727314217,166,0.0
9559,126.57846518927728,37.02244610950279,-92.5,-32.5,criteria_met,65,63,23,2,0.022299154707531608,166,0.0
9560,126.57852137842254,37.02244610950279,-87.5,-32.5,criteria_met,70,69,26,2,0.019687143098042485,235,0.0
9561,126.57857756756779,37.02244610950279,-82.5,-32.5,criteria_met,72,71,27,2,0.01814022905150098,235,0.0
9562,126.57863375671306,37.02244610950279,-77.5,-32.5,criteria_met,77,76,28,2,0.016682537182874806,235,0.0
9563,126.57868994585832,37.02244610950279,-72.5,-32.5,criteria_met,75,74,27,3,0.015178526372430614,166,0.0
9564,126.57874613500357,37.02244610950279,-67.5,-32.5,criteria_met,77,73,28,3,0.013785395622854742,166,0.0
9565,126.57880232414882,37.02244610950279,-62.5,-32.5,criteria_met,78,74,28,5,0.013900923092450586,234,0.0
9566,126.57885851329408,37.02244610950279,-57.5,-32.5,criteria_met,76,73,30,6,0.013501359004140071,234,0.0
9567,126.57891470243935,37.02244610950279,-52.5,-32.5,criteria_met,76,73,30,6,0.013590489533287392,234,0.0
9568,126.5789708915846,37.02244610950279,-47.5,-32.5,criteria_met,73,70,27,7,0.013930156233405884,206,0.0
9569,126.57902708072986,37.02244610950279,-42.5,-32.5,criteria_met,76,73,30,9,0.013498644947910836,101,0.0
9570,126.57908326987511,37.02244610950279,-37.5,-32.5,criteria_met,78,77,31,8,0.013376927639524768,206,0.0
9571,126.57913945902038,37.02244610950279,-32.5,-32.5,criteria_met,76,76,31,8,0.013165609884238687,206,0.0
9572,126.57919564816564,37.02244610950279,-27.5,-32.5,criteria_met,74,74,30,7,0.01297021626931867,206,0.0
9573,126.57925183731089,37.02244610950279,-22.5,-32.5,criteria_met,69,69,28,7,0.013160247422604592,105,0.0
9574,126.57930802645615,37.02244610950279,-17.5,-32.5,criteria_met,68,68,26,7,0.014773249778245838,105,0.0
9575,126.5793642156014,37.02244610950279,-12.5,-32.5,criteria_met,67,67,26,7,0.013235366110523759,106,0.0
9576,126.57942040474667,37.02244610950279,-7.5,-32.5,criteria_met,67,67,24,6,0.01334445613255056,146,0.0
9577,126.57947659389193,37.02244610950279,-2.5,-32.5,criteria_met,66,66,25,6,0.013924434588491028,146,0.0
9578,126.57953278303718,37.02244610950279,2.5,-32.5,criteria_met,60,60,22,6,0.014540282697414211,107,0.0
9579,126.57958897218244,37.02244610950279,7.5,-32.5,criteria_met,64,64,26,6,0.015504712175212789,146,0.0
9580,126.5796451613277,37.02244610950279,12.5,-32.5,criteria_met,92,92,36,6,0.014492481491452465,108,0.0
9581,126.57970135047296,37.02244610950279,17.5,-32.5,criteria_met,103,103,38,5,0.017146852303410152,108,0.0
9582,126.57975753961821,37.02244610950279,22.5,-32.5,criteria_met,105,105,40,5,0.016524058961127883,110,0.0
9583,126.57981372876347,37.02244610950279,27.5,-32.5,criteria_met,102,102,38,4,0.01784886930706439,68,0.0
9584,126.57986991790872,37.02244610950279,32.5,-32.5,criteria_met,99,99,37,4,0.017009597988206143,78,0.0
9585,126.57992610705399,37.02244610950279,37.5,-32.5,criteria_met,94,94,34,4,0.01897811340115973,75,0.0
9586,126.57998229619925,37.02244610950279,42.5,-32.5,criteria_met,95,95,34,4,0.017555601502752944,73,0.0
9587,126.5800384853445,37.02244610950279,47.5,-32.5,criteria_met,96,96,34,3,0.0172713113733723,71,0.0
9588,126.58009467448976,37.02244610950279,52.5,-32.5,criteria_met,95,95,34,3,0.01953054967736507,71,0.0
9589,126.58015086363503,37.02244610950279,57.5,-32.5,criteria_met,92,91,32,3,0.01954759532313302,72,0.0
9590,126.58020705278028,37.02244610950279,62.5,-32.5,criteria_met,86,85,31,3,0.02231682309314967,74,0.0
9591,126.58026324192554,37.02244610950279,67.5,-32.5,criteria_met,58,55,27,3,0.023073086067004766,74,0.0
9592,126.58031943107079,37.02244610950279,72.5,-32.5,criteria_met,28,24,13,2,0.023885092531772022,74,0.0
9593,126.58037562021605,37.02244610950279,77.5,-32.5,criteria_met,19,15,8,1,0.03382105615709367,72,0.0
9594,126.58043180936131,37.02244610950279,82.5,-32.5,criteria_met,15,12,7,1,0.038438779936487436,72,0.0
9595,126.58048799850657,37.02244610950279,87.5,-32.5,criteria_met,11,8,4,1,0.04340641674083648,73,0.0
9596,126.58054418765182,37.02244610950279,92.5,-32.5,criteria_met,10,6,4,1,0.047894690415734506,73,0.0
9597,126.58060037679708,37.02244610950279,97.5,-32.5,needs_revisit,8,3,1,1,0.05265056626765691,73,0.4
9598,126.58065656594235,37.02244610950279,102.5,-32.5,needs_revisit,6,3,1,1,0.057669926600300604,73,0.4
9599,126.5807127550876,37.02244610950279,107.5,-32.5,needs_revisit,4,2,1,1,0.06295013488591984,73,0.4
9600,126.58076894423286,37.02244610950279,112.5,-32.5,needs_revisit,3,2,1,1,0.06848946714792871,73,0.4
9601,126.58082513337811,37.02244610950279,117.5,-32.5,needs_revisit,2,2,1,1,0.07428677558515258,73,0.4
9602,126.58088132252337,37.02244610950279,122.5,-32.5,needs_revisit,2,2,1,1,0.08034128459597313,73,0.4
9603,126.58093751166864,37.02244610950279,127.5,-32.5,needs_revisit,2,2,1,1,0.08665246397032157,73,0.4
9604,126.58099370081389,37.02244610950279,132.5,-32.5,poor_quality,1,0,0,0,0.10538615839392813,-1,0.8
9605,126.58104988995915,37.02244610950279,137.5,-32.5,poor_quality,1,0,0,0,0.11407860990208969,-1,0.8
9606,126.5811060791044,37.02244610950279,142.5,-32.5,unobserved,0,0,0,0,,-1,1.0
9607,126.58116226824966,37.02244610950279,147.5,-32.5,unobserved,0,0,0,0,,-1,1.0
9608,126.58121845739493,37.02244610950279,152.5,-32.5,unobserved,0,0,0,0,,-1,1.0
9686,126.57750997380789,37.022491163449665,-177.5,-27.5,poor_quality,3,0,0,0,0.1659797454421643,-1,0.8
9687,126.57756616295315,37.022491163449665,-172.5,-27.5,poor_quality,5,0,0,0,0.13800709299265196,-1,0.8
9688,126.57762235209842,37.022491163449665,-167.5,-27.5,poor_quality,6,0,0,0,0.12827335938093143,-1,0.8
9689,126.57767854124367,37.022491163449665,-162.5,-27.5,poor_quality,6,0,0,0,0.11890207223232553,-1,0.8
9690,126.57773473038893,37.022491163449665,-157.5,-27.5,poor_quality,16,0,0,0,0.10989343693929648,-1,0.8
9691,126.57779091953418,37.022491163449665,-152.5,-27.5,poor_quality,20,0,0,0,0.10124770436360693,-1,0.8
9692,126.57784710867945,37.022491163449665,-147.5,-27.5,needs_revisit,21,1,1,1,0.09296518351397033,231,0.4
9693,126.5779032978247,37.022491163449665,-142.5,-27.5,criteria_met,22,3,2,2,0.08504625848697674,231,0.0
9694,126.57795948696996,37.022491163449665,-137.5,-27.5,criteria_met,32,7,4,2,0.07749141132872439,231,0.0
9695,126.57801567611521,37.022491163449665,-132.5,-27.5,criteria_met,36,11,6,2,0.06731652699906669,233,0.0
9696,126.57807186526047,37.022491163449665,-127.5,-27.5,criteria_met,38,15,7,2,0.061961305663514266,233,0.0
9697,126.57812805440574,37.022491163449665,-122.5,-27.5,criteria_met,42,23,10,2,0.05684197812120531,233,0.0
9698,126.578184243551,37.022491163449665,-117.5,-27.5,criteria_met,43,30,12,2,0.050927979329498996,231,0.0
9699,126.57824043269625,37.022491163449665,-112.5,-27.5,criteria_met,45,34,14,2,0.04520715576775403,231,0.0
9700,126.5782966218415,37.022491163449665,-107.5,-27.5,criteria_met,47,38,15,2,0.039858221748392354,231,0.0
9701,126.57835281098676,37.022491163449665,-102.5,-27.5,criteria_met,49,44,16,2,0.028614470630202844,165,0.0
9702,126.57840900013203,37.022491163449665,-97.5,-27.5,criteria_met,54,49,19,2,0.02544667827207286,165,0.0
9703,126.57846518927728,37.022491163449665,-92.5,-27.5,criteria_met,58,55,21,2,0.019992645271105922,166,0.0
9704,126.57852137842254,37.022491163449665,-87.5,-27.5,criteria_met,64,63,24,2,0.01817720443092491,166,0.0
9705,126.57857756756779,37.022491163449665,-82.5,-27.5,criteria_met,66,65,24,2,0.017765373706636573,236,0.0
9706,126.57863375671306,37.022491163449665,-77.5,-27.5,criteria_met,70,69,26,2,0.015444642763347937,164,0.0
9707,126.57868994585832,37.022491163449665,-72.5,-27.5,criteria_met,69,68,26,3,0.016166427692799,207,0.0
9708,126.57874613500357,37.022491163449665,-67.5,-27.5,criteria_met,75,71,26,4,0.015721657071982847,207,0.0
9709,126.57880232414882,37.022491163449665,-62.5,-27.5,criteria_met,76,72,27,4,0.014731741214157552,235,0.0
9710,126.57885851329408,37.022491163449665,-57.5,-27.5,criteria_met,74,71,30,6,0.014387174384908781,235,0.0
9711,126.57891470243935,37.022491163449665,-52.5,-27.5,criteria_met,77,74,31,6,0.014152678573364922,128,0.0
9712,126.5789708915846,37.022491163449665,-47.5,-27.5,criteria_met,75,72,29,7,0.013047863115925843,102,0.0
9713,126.57902708072986,37.022491163449665,-42.5,-27.5,criteria_met,84,81,35,8,0.013483645394384288,269,0.0
9714,126.57908326987511,37.022491163449665,-37.5,-27.5,criteria_met,80,79,33,8,0.013502799113807286,269,0.0
9715,126.57913945902038,37.022491163449665,-32.5,-27.5,criteria_met,78,78,35,8,0.013095347296317093,104,0.0
9716,126.57919564816564,37.022491163449665,-27.5,-27.5,criteria_met,78,78,34,8,0.013277631548146632,207,0.0
9717,126.57925183731089,37.022491163449665,-22.5,-27.5,criteria_met,69,69,30,8,0.013263671721022809,105,0.0
9718,126.57930802645615,37.022491163449665,-17.5,-27.5,criteria_met,65,65,27,7,0.01408575940010239,184,0.0
9719,126.5793642156014,37.022491163449665,-12.5,-27.5,criteria_met,66,66,26,7,0.013240674903804876,106,0.0
9720,126.57942040474667,37.022491163449665,-7.5,-27.5,criteria_met,66,66,26,5,0.013506990264726465,147,0.0
9721,126.57947659389193,37.022491163449665,-2.5,-27.5,criteria_met,65,65,25,6,0.014164892580237107,147,0.0
9722,126.57953278303718,37.022491163449665,2.5,-27.5,criteria_met,69,69,27,6,0.014103468580128344,107,0.0
9723,126.57958897218244,37.022491163449665,7.5,-27.5,criteria_met,106,106,40,6,0.01596787583727011,147,0.0
9724,126.5796451613277,37.022491163449665,12.5,-27.5,criteria_met,110,110,42,6,0.013999187079076526,108,0.0
9725,126.57970135047296,37.022491163449665,17.5,-27.5,criteria_met,106,106,41,6,0.01417596771052722,110,0.0
9726,126.57975753961821,37.022491163449665,22.5,-27.5,criteria_met,105,105,39,5,0.016462258104394053,109,0.0
9727,126.57981372876347,37.022491163449665,27.5,-27.5,criteria_met,99,99,36,5,0.0166667959342455,68,0.0
9728,126.57986991790872,37.022491163449665,32.5,-27.5,criteria_met,96,96,36,4,0.01593552073414501,69,0.0
9729,126.57992610705399,37.022491163449665,37.5,-27.5,criteria_met,93,93,34,4,0.017949124788503995,69,0.0
9730,126.57998229619925,37.022491163449665,42.5,-27.5,criteria_met,94,94,34,4,0.016902590080015854,70,0.0
9731,126.5800384853445,37.022491163449665,47.5,-27.5,criteria_met,96,96,34,3,0.01605588042949961,71,0.0
9732,126.58009467448976,37.022491163449665,52.5,-27.5,criteria_met,95,95,34,3,0.017567640807639923,74,0.0
9733,126.58015086363503,37.022491163449665,57.5,-27.5,criteria_met,93,92,32,3,0.017975628516647517,72,0.0
9734,126.58020705278028,37.022491163449665,62.5,-27.5,criteria_met,85,84,31,3,0.018892781677464707,74,0.0
9735,126.58026324192554,37.022491163449665,67.5,-27.5,criteria_met,62,59,27,2,0.01962761526510667,74,0.0
9736,126.58031943107079,37.022491163449665,72.5,-27.5,criteria_met,27,23,12,2,0.027867551021865992,72,0.0
9737,126.58037562021605,37.022491163449665,77.5,-27.5,criteria_met,18,14,7,2,0.032077955505338575,72,0.0
9738,126.58043180936131,37.022491163449665,82.5,-27.5,criteria_met,15,11,6,2,0.03629150054757194,73,0.0
9739,126.58048799850657,37.022491163449665,87.5,-27.5,criteria_met,10,7,4,1,0.04045048930544388,73,0.0
9740,126.58054418765182,37.022491163449665,92.5,-27.5,criteria_met,9,5,3,1,0.044872878036827,73,0.0
9741,126.58060037679708,37.022491163449665,97.5,-27.5,needs_revisit,7,3,1,1,0.04955497149777214,73,0.4
9742,126.58065656594235,37.022491163449665,102.5,-27.5,needs_revisit,7,3,1,1,0.054494695711781505,73,0.4
9743,126.5807127550876,37.022491163449665,107.5,-27.5,needs_revisit,4,2,1,1,0.05969085657385248,73,0.4
9744,126.58076894423286,37.022491163449665,112.5,-27.5,needs_revisit,3,2,1,1,0.06514275834680816,73,0.4
9745,126.58082513337811,37.022491163449665,117.5,-27.5,needs_revisit,2,2,1,1,0.07084999721826309,73,0.4
9746,126.58088132252337,37.022491163449665,122.5,-27.5,needs_revisit,2,2,1,1,0.0768123447349735,73,0.4
9747,126.58093751166864,37.022491163449665,127.5,-27.5,needs_revisit,2,2,1,1,0.08302967962651057,73,0.4
9748,126.58099370081389,37.022491163449665,132.5,-27.5,needs_revisit,2,1,1,1,0.08950194676859918,73,0.4
9749,126.58104988995915,37.022491163449665,137.5,-27.5,poor_quality,1,0,0,0,0.11216155291127711,-1,0.8
9750,126.5811060791044,37.022491163449665,142.5,-27.5,unobserved,0,0,0,0,,-1,1.0
9751,126.58116226824966,37.022491163449665,147.5,-27.5,unobserved,0,0,0,0,,-1,1.0
9752,126.58121845739493,37.022491163449665,152.5,-27.5,unobserved,0,0,0,0,,-1,1.0
9830,126.57750997380789,37.022536217396535,-177.5,-22.5,poor_quality,3,0,0,0,0.16396177272387724,-1,0.8
9831,126.57756616295315,37.022536217396535,-172.5,-22.5,poor_quality,5,0,0,0,0.13560025577320486,-1,0.8
9832,126.57762235209842,37.022536217396535,-167.5,-22.5,poor_quality,6,0,0,0,0.12597169086660914,-1,0.8
9833,126.57767854124367,37.022536217396535,-162.5,-22.5,poor_quality,6,0,0,0,0.11670600013234322,-1,0.8
9834,126.57773473038893,37.022536217396535,-157.5,-22.5,poor_quality,17,0,0,0,0.10780343091259934,-1,0.8
9835,126.57779091953418,37.022536217396535,-152.5,-22.5,needs_revisit,19,1,1,1,0.09926427926359833,231,0.4
9836,126.57784710867945,37.022536217396535,-147.5,-22.5,needs_revisit,19,1,1,1,0.09108890169464733,231,0.4
9837,126.5779032978247,37.022536217396535,-142.5,-22.5,criteria_met,20,4,2,1,0.08327773010086767,231,0.0
9838,126.57795948696996,37.022536217396535,-137.5,-22.5,criteria_met,31,6,2,1,0.07583129073842527,231,0.0
9839,126.57801567611521,37.022536217396535,-132.5,-22.5,criteria_met,32,10,6,2,0.06875022819444981,231,0.0
9840,126.57807186526047,37.022536217396535,-127.5,-22.5,criteria_met,33,10,6,2,0.06622465302699679,233,0.0
9841,126.57812805440574,37.022536217396535,-122.5,-22.5,criteria_met,36,17,7,2,0.0609582045120619,233,0.0
9842,126.578184243551,37.022536217396535,-117.5,-22.5,criteria_met,37,25,11,2,0.05506826568504209,164,0.0
9843,126.57824043269625,37.022536217396535,-112.5,-22.5,criteria_met,41,30,14,2,0.048624880807230875,164,0.0
9844,126.5782966218415,37.022536217396535,-107.5,-22.5,criteria_met,45,36,15,2,0.04258714017430467,164,0.0
9845,126.57835281098676,37.022536217396535,-102.5,-22.5,criteria_met,47,42,16,2,0.03368304745697574,234,0.0
9846,126.57840900013203,37.022536217396535,-97.5,-22.5,criteria_met,49,44,18,2,0.028839893810848775,235,0.0
9847,126.57846518927728,37.022536217396535,-92.5,-22.5,criteria_met,51,48,19,2,0.02352065198592028,236,0.0
9848,126.57852137842254,37.022536217396535,-87.5,-22.5,criteria_met,56,55,20,2,0.021776029933021947,236,0.0
9849,126.57857756756779,37.022536217396535,-82.5,-22.5,criteria_met,60,59,22,2,0.017494848803524785,162,0.0
9850,126.57863375671306,37.022536217396535,-77.5,-22.5,criteria_met,66,65,24,3,0.01521012804485903,163,0.0
9851,126.57868994585832,37.022536217396535,-72.5,-22.5,criteria_met,70,67,25,3,0.015968686624190792,207,0.0
9852,126.57874613500357,37.022536217396535,-67.5,-22.5,criteria_met,74,70,25,3,0.014046944172538886,161,0.0
9853,126.57880232414882,37.022536217396535,-62.5,-22.5,criteria_met,70,66,26,4,0.01432539659948864,236,0.0
9854,126.57885851329408,37.022536217396535,-57.5,-22.5,criteria_met,70,67,28,6,0.014176424684143048,236,0.0
9855,126.57891470243935,37.022536217396535,-52.5,-22.5,criteria_met,72,69,29,6,0.014332399625981509,207,0.0
9856,126.5789708915846,37.022536217396535,-47.5,-22.5,criteria_met,74,71,30,7,0.013502777821402214,102,0.0
9857,126.57902708072986,37.022536217396535,-42.5,-22.5,criteria_met,77,74,32,9,0.013726416991703648,207,0.0
9858,126.57908326987511,37.022536217396535,-37.5,-22.5,criteria_met,74,74,31,7,0.01343413028032638,276,0.0
9859,126.57913945902038,37.022536217396535,-32.5,-22.5,criteria_met,73,73,33,7,0.013292330303458038,207,0.0
9860,126.57919564816564,37.022536217396535,-27.5,-22.5,criteria_met,71,71,32,8,0.01310016768096234,207,0.0
9861,126.57925183731089,37.022536217396535,-22.5,-22.5,criteria_met,71,71,31,8,0.01350549058322146,224,0.0
9862,126.57930802645615,37.022536217396535,-17.5,-22.5,criteria_met,64,64,27,7,0.014549741552753424,219,0.0
9863,126.5793642156014,37.022536217396535,-12.5,-22.5,criteria_met,65,65,26,7,0.013814798454722846,106,0.0
9864,126.57942040474667,37.022536217396535,-7.5,-22.5,criteria_met,68,68,27,5,0.013401925700923306,149,0.0
9865,126.57947659389193,37.022536217396535,-2.5,-22.5,criteria_met,66,66,25,5,0.013950815266084316,149,0.0
9866,126.57953278303718,37.022536217396535,2.5,-22.5,criteria_met,63,63,26,6,0.014779577626628742,149,0.0
9867,126.57958897218244,37.022536217396535,7.5,-22.5,criteria_met,108,108,40,5,0.015680566938081772,149,0.0
9868,126.5796451613277,37.022536217396535,12.5,-22.5,criteria_met,112,112,44,6,0.013035278466732619,112,0.0
9869,126.57970135047296,37.022536217396535,17.5,-22.5,criteria_met,109,109,42,5,0.013684898387690495,112,0.0
9870,126.57975753961821,37.022536217396535,22.5,-22.5,criteria_met,109,109,42,6,0.01443519148747654,112,0.0
9871,126.57981372876347,37.022536217396535,27.5,-22.5,criteria_met,104,104,39,4,0.015247054159838874,112,0.0
9872,126.57986991790872,37.022536217396535,32.5,-22.5,criteria_met,97,97,36,5,0.014856057089650725,69,0.0
9873,126.57992610705399,37.022536217396535,37.5,-22.5,criteria_met,93,93,35,4,0.015422892676215837,74,0.0
9874,126.57998229619925,37.022536217396535,42.5,-22.5,criteria_met,92,92,34,4,0.014283254468922346,74,0.0
9875,126.5800384853445,37.022536217396535,47.5,-22.5,criteria_met,90,90,32,3,0.014918151769974375,71,0.0
9876,126.58009467448976,37.022536217396535,52.5,-22.5,criteria_met,92,92,33,3,0.015742215191973028,73,0.0
9877,126.58015086363503,37.022536217396535,57.5,-22.5,criteria_met,91,90,32,3,0.016495005060859266,72,0.0
9878,126.58020705278028,37.022536217396535,62.5,-22.5,criteria_met,83,82,31,2,0.0192216218632037,72,0.0
9879,126.58026324192554,37.022536217396535,67.5,-22.5,criteria_met,68,66,28,2,0.02251259667620462,72,0.0
9880,126.58031943107079,37.022536217396535,72.5,-22.5,criteria_met,28,24,13,2,0.026307181500588958,73,0.0
9881,126.58037562021605,37.022536217396535,77.5,-22.5,criteria_met,18,14,7,2,0.02987696403751016,73,0.0
9882,126.58043180936131,37.022536217396535,82.5,-22.5,criteria_met,14,10,5,2,0.033708079987515405,73,0.0
9883,126.58048799850657,37.022536217396535,87.5,-22.5,criteria_met,10,7,4,2,0.037795739258494984,73,0.0
9884,126.58054418765182,37.022536217396535,92.5,-22.5,criteria_met,9,5,3,1,0.04213799744510898,73,0.0
9885,126.58060037679708,37.022536217396535,97.5,-22.5,criteria_met,8,4,2,1,0.046734063657085975,73,0.0
9886,126.58065656594235,37.022536217396535,102.5,-22.5,needs_revisit,6,3,1,1,0.05158365961776023,73,0.4
9887,126.5807127550876,37.022536217396535,107.5,-22.5,needs_revisit,4,2,1,1,0.056686746663539754,73,0.4
9888,126.58076894423286,37.022536217396535,112.5,-22.5,needs_revisit,3,2,1,1,0.062043399346850915,73,0.4
9889,126.58082513337811,37.022536217396535,117.5,-22.5,needs_revisit,2,2,1,1,0.06765374346876618,73,0.4
9890,126.58088132252337,37.022536217396535,122.5,-22.5,needs_revisit,2,2,1,1,0.07351792460571961,73,0.4
9891,126.58093751166864,37.022536217396535,127.5,-22.5,needs_revisit,2,2,1,1,0.07963609189645372,73,0.4
9892,126.58099370081389,37.022536217396535,132.5,-22.5,needs_revisit,2,1,1,1,0.08600838978392092,73,0.4
9893,126.58104988995915,37.022536217396535,137.5,-22.5,poor_quality,1,0,0,0,0.11045836644500394,-1,0.8
9894,126.5811060791044,37.022536217396535,142.5,-22.5,poor_quality,1,0,0,0,0.11944766604325364,-1,0.8
9895,126.58116226824966,37.022536217396535,147.5,-22.5,unobserved,0,0,0,0,,-1,1.0
9896,126.58121845739493,37.022536217396535,152.5,-22.5,unobserved,0,0,0,0,,-1,1.0
9974,126.57750997380789,37.022581271343405,-177.5,-17.5,poor_quality,3,0,0,0,0.16216837495895534,-1,0.8
9975,126.57756616295315,37.022581271343405,-172.5,-17.5,poor_quality,4,0,0,0,0.150934394638736,-1,0.8
9976,126.57762235209842,37.022581271343405,-167.5,-17.5,poor_quality,5,0,0,0,0.14010544750345458,-1,0.8
9977,126.57767854124367,37.022581271343405,-162.5,-17.5,poor_quality,5,0,0,0,0.12968158841024902,-1,0.8
9978,126.57773473038893,37.022581271343405,-157.5,-17.5,poor_quality,15,0,0,0,0.11966288685618466,-1,0.8
9979,126.57779091953418,37.022581271343405,-152.5,-17.5,poor_quality,18,0,0,0,0.10139385390806166,-1,0.8
9980,126.57784710867945,37.022581271343405,-147.5,-17.5,needs_revisit,18,1,1,1,0.09479385606450225,233,0.4
9981,126.5779032978247,37.022581271343405,-142.5,-17.5,criteria_met,18,3,2,1,0.08843245764704652,233,0.0
9982,126.57795948696996,37.022581271343405,-137.5,-17.5,criteria_met,27,4,2,1,0.0823098871951877,233,0.0
9983,126.57801567611521,37.022581271343405,-132.5,-17.5,criteria_met,30,7,4,1,0.0756510301969994,164,0.0
9984,126.57807186526047,37.022581271343405,-127.5,-17.5,criteria_met,31,10,6,2,0.06806654041856915,164,0.0
9985,126.57812805440574,37.022581271343405,-122.5,-17.5,criteria_met,34,16,7,2,0.060888977060218244,164,0.0
9986,126.578184243551,37.022581271343405,-117.5,-17.5,criteria_met,35,23,10,2,0.05411914424493363,164,0.0
9987,126.57824043269625,37.022581271343405,-112.5,-17.5,criteria_met,37,27,11,2,0.04775826293666751,164,0.0
9988,126.5782966218415,37.022581271343405,-107.5,-17.5,criteria_met,40,32,13,2,0.041808265283155,164,0.0
9989,126.57835281098676,37.022581271343405,-102.5,-17.5,criteria_met,44,39,16,2,0.03425027114318221,235,0.0
9990,126.57840900013203,37.022581271343405,-97.5,-17.5,criteria_met,45,41,17,2,0.028305007141871296,236,0.0
9991,126.57846518927728,37.022581271343405,-92.5,-17.5,criteria_met,50,47,19,2,0.021525630950408405,237,0.0
9992,126.57852137842254,37.022581271343405,-87.5,-17.5,criteria_met,52,51,19,2,0.01989663428710089,237,0.0
9993,126.57857756756779,37.022581271343405,-82.5,-17.5,criteria_met,57,56,20,3,0.01810496656772816,162,0.0
9994,126.57863375671306,37.022581271343405,-77.5,-17.5,criteria_met,60,59,23,3,0.015906763515240806,163,0.0
9995,126.57868994585832,37.022581271343405,-72.5,-17.5,criteria_met,64,61,24,3,0.015525848362823957,237,0.0
9996,126.57874613500357,37.022581271343405,-67.5,-17.5,criteria_met,65,63,24,3,0.014274189699127247,237,0.0
9997,126.57880232414882,37.022581271343405,-62.5,-17.5,criteria_met,65,61,26,3,0.015214427631808526,208,0.0
9998,126.57885851329408,37.022581271343405,-57.5,-17.5,criteria_met,69,66,27,6,0.014598688676453184,244,0.0
9999,126.57891470243935,37.022581271343405,-52.5,-17.5,criteria_met,65,62,27,6,0.014389797204741516,208,0.0
10000,126.5789708915846,37.022581271343405,-47.5,-17.5,criteria_met,69,66,30,8,0.013472290499587697,127,0.0
10001,126.57902708072986,37.022581271343405,-42.5,-17.5,criteria_met,75,72,30,7,0.013512646932145777,216,0.0
10002,126.57908326987511,37.022581271343405,-37.5,-17.5,criteria_met,68,68,29,7,0.013190926546267955,276,0.0
10003,126.57913945902038,37.022581271343405,-32.5,-17.5,criteria_met,68,68,29,7,0.013406530301542229,208,0.0
10004,126.57919564816564,37.022581271343405,-27.5,-17.5,criteria_met,67,67,29,7,0.013220206108626259,208,0.0
10005,126.57925183731089,37.022581271343405,-22.5,-17.5,criteria_met,69,69,27,8,0.014390071834158174,291,0.0
10006,126.57930802645615,37.022581271343405,-17.5,-17.5,criteria_met,68,68,27,7,0.012322651292630288,292,0.0
10007,126.5793642156014,37.022581271343405,-12.5,-17.5,criteria_met,62,62,25,7,0.010902136208699948,292,0.0
10008,126.57942040474667,37.022581271343405,-7.5,-17.5,criteria_met,62,62,26,6,0.010318842424608477,292,0.0
10009,126.57947659389193,37.022581271343405,-2.5,-17.5,criteria_met,62,62,24,6,0.01046239903521991,291,0.0
10010,126.57953278303718,37.022581271343405,2.5,-17.5,criteria_met,58,58,24,5,0.013958601725613308,112,0.0
10011,126.57958897218244,37.022581271343405,7.5,-17.5,criteria_met,109,109,43,5,0.013822366366187258,112,0.0
10012,126.5796451613277,37.022581271343405,12.5,-17.5,criteria_met,114,113,44,5,0.013812129971631063,111,0.0
10013,126.57970135047296,37.022581271343405,17.5,-17.5,criteria_met,112,111,43,5,0.015126230068929127,111,0.0
10014,126.57975753961821,37.022581271343405,22.5,-17.5,criteria_met,112,111,43,5,0.014538211900846127,67,0.0
10015,126.57981372876347,37.022581271343405,27.5,-17.5,criteria_met,105,105,40,5,0.014508386625133351,68,0.0
10016,126.57986991790872,37.022581271343405,32.5,-17.5,criteria_met,97,97,36,4,0.01545062900220315,78,0.0
10017,126.57992610705399,37.022581271343405,37.5,-17.5,criteria_met,91,91,34,3,0.015615916245636905,69,0.0
10018,126.57998229619925,37.022581271343405,42.5,-17.5,criteria_met,89,89,32,3,0.014656725964412823,70,0.0
10019,126.5800384853445,37.022581271343405,47.5,-17.5,criteria_met,88,88,32,2,0.016687932479581107,70,0.0
10020,126.58009467448976,37.022581271343405,52.5,-17.5,criteria_met,90,90,33,3,0.013721605079721918,73,0.0
10021,126.58015086363503,37.022581271343405,57.5,-17.5,criteria_met,87,85,30,2,0.015111410411506106,72,0.0
10022,126.58020705278028,37.022581271343405,62.5,-17.5,criteria_met,82,81,30,2,0.01776540010454774,72,0.0
10023,126.58026324192554,37.022581271343405,67.5,-17.5,criteria_met,68,66,28,2,0.020961820857929612,73,0.0
10024,126.58031943107079,37.022581271343405,72.5,-17.5,criteria_met,29,25,13,2,0.02420692106546846,73,0.0
10025,126.58037562021605,37.022581271343405,77.5,-17.5,criteria_met,18,14,7,2,0.027700753877236712,73,0.0
10026,126.58043180936131,37.022581271343405,82.5,-17.5,criteria_met,14,10,5,2,0.03144408000783202,73,0.0
10027,126.58048799850657,37.022581271343405,87.5,-17.5,criteria_met,9,6,4,2,0.035437670553578236,73,0.0
10028,126.58054418765182,37.022581271343405,92.5,-17.5,criteria_met,9,5,3,1,0.03968221357518303,73,0.0
10029,126.58060037679708,37.022581271343405,97.5,-17.5,criteria_met,8,4,2,1,0.04417830460457327,73,0.0
10030,126.58065656594235,37.022581271343405,102.5,-17.5,needs_revisit,6,3,1,1,0.04892645465959293,73,0.4
10031,126.5807127550876,37.022581271343405,107.5,-17.5,needs_revisit,4,2,1,1,0.05392710155883997,73,0.4
10032,126.58076894423286,37.022581271343405,112.5,-17.5,needs_revisit,2,2,1,1,0.05918062086811859,73,0.4
10033,126.58082513337811,37.022581271343405,117.5,-17.5,needs_revisit,2,2,1,1,0.06468733554088428,73,0.4
10034,126.58088132252337,37.022581271343405,122.5,-17.5,needs_revisit,2,2,1,1,0.07044752412404333,73,0.4
10035,126.58093751166864,37.022581271343405,127.5,-17.5,needs_revisit,2,2,1,1,0.07646142764662124,73,0.4
10036,126.58099370081389,37.022581271343405,132.5,-17.5,needs_revisit,2,1,1,1,0.08272925537167608,73,0.4
10037,126.58104988995915,37.022581271343405,137.5,-17.5,needs_revisit,2,1,1,1,0.08925118959246182,73,0.4
10038,126.5811060791044,37.022581271343405,142.5,-17.5,poor_quality,1,0,0,0,0.11792506040266539,-1,0.8
10039,126.58116226824966,37.022581271343405,147.5,-17.5,unobserved,0,0,0,0,,-1,1.0
10040,126.58121845739493,37.022581271343405,152.5,-17.5,unobserved,0,0,0,0,,-1,1.0
10118,126.57750997380789,37.02262632529028,-177.5,-12.5,poor_quality,3,0,0,0,0.16059172982546338,-1,0.8
10119,126.57756616295315,37.02262632529028,-172.5,-12.5,poor_quality,4,0,0,0,0.1494246692721993,-1,0.8
10120,126.57762235209842,37.02262632529028,-167.5,-12.5,poor_quality,5,0,0,0,0.13866317570633377,-1,0.8
10121,126.57767854124367,37.02262632529028,-162.5,-12.5,poor_quality,6,0,0,0,0.12114851126170881,-1,0.8
10122,126.57773473038893,37.02262632529028,-157.5,-12.5,poor_quality,13,0,0,0,0.11392757711650052,-1,0.8
10123,126.57779091953418,37.02262632529028,-152.5,-12.5,poor_quality,18,0,0,0,0.10694637763662355,-1,0.8
10124,126.57784710867945,37.02262632529028,-147.5,-12.5,needs_revisit,18,1,1,1,0.09967612223003683,164,0.4
10125,126.5779032978247,37.02262632529028,-142.5,-12.5,criteria_met,17,3,2,1,0.090945306886036,164,0.0
10126,126.57795948696996,37.02262632529028,-137.5,-12.5,criteria_met,24,4,2,1,0.08262161666445626,164,0.0
10127,126.57801567611521,37.02262632529028,-132.5,-12.5,criteria_met,28,6,3,1,0.07470563650754553,164,0.0
10128,126.57807186526047,37.02262632529028,-127.5,-12.5,criteria_met,28,9,5,2,0.06719815546167593,164,0.0
10129,126.57812805440574,37.02262632529028,-122.5,-12.5,criteria_met,32,13,6,2,0.060100260735619776,164,0.0
10130,126.578184243551,37.02262632529028,-117.5,-12.5,criteria_met,32,20,9,2,0.05341348662308132,164,0.0
10131,126.57824043269625,37.02262632529028,-112.5,-12.5,criteria_met,33,24,10,2,0.04714005717996599,164,0.0
10132,126.5782966218415,37.02262632529028,-107.5,-12.5,criteria_met,37,28,12,2,0.041283293174335246,164,0.0
10133,126.57835281098676,37.02262632529028,-102.5,-12.5,criteria_met,41,36,15,2,0.033638307066608156,236,0.0
10134,126.57840900013203,37.02262632529028,-97.5,-12.5,criteria_met,43,39,15,2,0.03084323552042366,164,0.0
10135,126.57846518927728,37.02262632529028,-92.5,-12.5,criteria_met,45,41,16,2,0.024288923450751787,237,0.0
10136,126.57852137842254,37.02262632529028,-87.5,-12.5,criteria_met,50,49,18,3,0.022183184410508032,164,0.0
10137,126.57857756756779,37.02262632529028,-82.5,-12.5,criteria_met,52,51,18,3,0.018578351716674324,164,0.0
10138,126.57863375671306,37.02262632529028,-77.5,-12.5,criteria_met,55,55,22,3,0.016366581307414144,208,0.0
10139,126.57868994585832,37.02262632529028,-72.5,-12.5,criteria_met,60,57,21,3,0.01591877387698114,208,0.0
10140,126.57874613500357,37.02262632529028,-67.5,-12.5,criteria_met,58,56,21,3,0.015481817105607467,208,0.0
10141,126.57880232414882,37.02262632529028,-62.5,-12.5,criteria_met,63,59,24,3,0.015058649576409622,208,0.0
10142,126.57885851329408,37.02262632529028,-57.5,-12.5,criteria_met,64,61,25,5,0.013787157737533353,244,0.0
10143,126.57891470243935,37.02262632529028,-52.5,-12.5,criteria_met,63,60,26,7,0.013847735023889146,245,0.0
10144,126.5789708915846,37.02262632529028,-47.5,-12.5,criteria_met,65,62,28,6,0.013959165359105347,208,0.0
10145,126.57902708072986,37.02262632529028,-42.5,-12.5,criteria_met,68,65,29,8,0.013689448335487294,208,0.0
10146,126.57908326987511,37.02262632529028,-37.5,-12.5,criteria_met,70,70,28,6,0.012987403515691776,276,0.0
10147,126.57913945902038,37.02262632529028,-32.5,-12.5,criteria_met,67,67,28,7,0.013250429576071936,208,0.0
10148,126.57919564816564,37.02262632529028,-27.5,-12.5,criteria_met,66,66,26,7,0.013052663097912707,208,0.0
10149,126.57925183731089,37.02262632529028,-22.5,-12.5,criteria_met,64,64,25,7,0.010683206182726127,292,0.0
10150,126.57930802645615,37.02262632529028,-17.5,-12.5,criteria_met,64,64,27,8,0.008307171798132635,292,0.0
10151,126.5793642156014,37.02262632529028,-12.5,-12.5,criteria_met,57,57,24,7,0.0070165151714736826,292,0.0
10152,126.57942040474667,37.02262632529028,-7.5,-12.5,criteria_met,53,53,21,5,0.013797125815707719,118,0.0
10153,126.57947659389193,37.02262632529028,-2.5,-12.5,criteria_met,60,60,25,6,0.013620915436542149,117,0.0
10154,126.57953278303718,37.02262632529028,2.5,-12.5,criteria_met,59,58,24,5,0.015286574953999378,111,0.0
10155,126.57958897218244,37.02262632529028,7.5,-12.5,criteria_met,110,108,42,5,0.014700640647208166,3,0.0
10156,126.5796451613277,37.02262632529028,12.5,-12.5,criteria_met,114,112,42,5,0.013978226515704252,63,0.0
10157,126.57970135047296,37.02262632529028,17.5,-12.5,criteria_met,112,109,43,5,0.014152222961014664,65,0.0
10158,126.57975753961821,37.02262632529028,22.5,-12.5,criteria_met,112,110,42,5,0.014950283147790745,66,0.0
10159,126.57981372876347,37.02262632529028,27.5,-12.5,criteria_met,107,107,41,5,0.013575688785410272,68,0.0
10160,126.57986991790872,37.02262632529028,32.5,-12.5,criteria_met,97,97,37,4,0.014966062137508484,78,0.0
10161,126.57992610705399,37.02262632529028,37.5,-12.5,criteria_met,91,91,33,2,0.014550656434902297,69,0.0
10162,126.57998229619925,37.02262632529028,42.5,-12.5,criteria_met,89,89,32,2,0.013694739179009305,70,0.0
10163,126.5800384853445,37.02262632529028,47.5,-12.5,criteria_met,87,87,32,2,0.015558851575869656,70,0.0
10164,126.58009467448976,37.02262632529028,52.5,-12.5,criteria_met,87,86,31,2,0.01460831584552828,71,0.0
10165,126.58015086363503,37.02262632529028,57.5,-12.5,criteria_met,86,84,30,2,0.013892678268213781,72,0.0
10166,126.58020705278028,37.02262632529028,62.5,-12.5,criteria_met,82,81,30,2,0.016576351822596862,73,0.0
10167,126.58026324192554,37.02262632529028,67.5,-12.5,criteria_met,72,69,27,2,0.019391168821992842,72,0.0
10168,126.58031943107079,37.02262632529028,72.5,-12.5,criteria_met,32,28,14,2,0.022493863433564777,73,0.0
10169,126.58037562021605,37.02262632529028,77.5,-12.5,criteria_met,17,14,7,2,0.025859623767444922,73,0.0
10170,126.58043180936131,37.02262632529028,82.5,-12.5,criteria_met,13,10,5,2,0.02948174495735668,73,0.0
10171,126.58048799850657,37.02262632529028,87.5,-12.5,criteria_met,10,7,4,2,0.03335802961144554,73,0.0
10172,126.58054418765182,37.02262632529028,92.5,-12.5,criteria_met,9,5,3,1,0.0374877442875081,73,0.0
10173,126.58060037679708,37.02262632529028,97.5,-12.5,criteria_met,7,4,2,1,0.04187070953262266,73,0.0
10174,126.58065656594235,37.02262632529028,102.5,-12.5,needs_revisit,6,3,1,1,0.04650697157565557,73,0.4
10175,126.5807127550876,37.02262632529028,107.5,-12.5,needs_revisit,4,2,1,1,0.051396668493193604,73,0.4
10176,126.58076894423286,37.02262632529028,112.5,-12.5,needs_revisit,2,2,1,1,0.05653997130790381,73,0.4
10177,126.58082513337811,37.02262632529028,117.5,-12.5,needs_revisit,2,2,1,1,0.061937057017533596,73,0.4
10178,126.58088132252337,37.02262632529028,122.5,-12.5,needs_revisit,2,2,1,1,0.06758809623384712,73,0.4
10179,126.58093751166864,37.02262632529028,127.5,-12.5,needs_revisit,2,2,1,1,0.07349324783365954,73,0.4
10180,126.58099370081389,37.02262632529028,132.5,-12.5,needs_revisit,2,2,1,1,0.07965265706667828,73,0.4
10181,126.58104988995915,37.02262632529028,137.5,-12.5,needs_revisit,2,1,1,1,0.08606645537441453,73,0.4
10182,126.5811060791044,37.02262632529028,142.5,-12.5,needs_revisit,2,1,1,1,0.09273476103326111,73,0.4
10183,126.58116226824966,37.02262632529028,147.5,-12.5,unobserved,0,0,0,0,,-1,1.0
10184,126.58121845739493,37.02262632529028,152.5,-12.5,unobserved,0,0,0,0,,-1,1.0
10262,126.57750997380789,37.02267137923715,-177.5,-7.5,poor_quality,3,0,0,0,0.15922295022204586,-1,0.8
10263,126.57756616295315,37.02267137923715,-172.5,-7.5,poor_quality,3,0,0,0,0.14812326761120528,-1,0.8
10264,126.57762235209842,37.02267137923715,-167.5,-7.5,poor_quality,6,0,0,0,0.13486679264058005,-1,0.8
10265,126.57767854124367,37.02267137923715,-162.5,-7.5,poor_quality,6,0,0,0,0.1271425502901612,-1,0.8
10266,126.57773473038893,37.02267137923715,-157.5,-7.5,poor_quality,12,0,0,0,0.11726200172463996,-1,0.8
10267,126.57779091953418,37.02267137923715,-152.5,-7.5,poor_quality,17,0,0,0,0.10778841203446085,-1,0.8
10268,126.57784710867945,37.02267137923715,-147.5,-7.5,needs_revisit,17,1,1,1,0.09872219216660405,164,0.4
10269,126.5779032978247,37.02267137923715,-142.5,-7.5,criteria_met,17,3,2,1,0.09006386019908219,164,0.0
10270,126.57795948696996,37.02267137923715,-137.5,-7.5,criteria_met,22,4,2,1,0.08181407740982574,164,0.0
10271,126.57801567611521,37.02267137923715,-132.5,-7.5,criteria_met,29,7,4,1,0.0739736992543553,164,0.0
10272,126.57807186526047,37.02267137923715,-127.5,-7.5,criteria_met,29,10,6,2,0.06654384845245818,164,0.0
10273,126.57812805440574,37.02267137923715,-122.5,-7.5,criteria_met,32,13,6,2,0.05952602116564198,164,0.0
10274,126.578184243551,37.02267137923715,-117.5,-7.5,criteria_met,33,20,10,2,0.05292224283111217,164,0.0
10275,126.57824043269625,37.02267137923715,-112.5,-7.5,criteria_met,34,24,10,2,0.04673529765105089,164,0.0
10276,126.5782966218415,37.02267137923715,-107.5,-7.5,criteria_met,38,28,12,2,0.03950758002233325,236,0.0
10277,126.57835281098676,37.02267137923715,-102.5,-7.5,criteria_met,39,34,13,2,0.035628971330452584,164,0.0
10278,126.57840900013203,37.02267137923715,-97.5,-7.5,criteria_met,42,38,14,2,0.029262852211768962,237,0.0
10279,126.57846518927728,37.02267137923715,-92.5,-7.5,criteria_met,45,41,16,3,0.022208478168492068,238,0.0
10280,126.57852137842254,37.02267137923715,-87.5,-7.5,criteria_met,46,45,17,3,0.020533508827992087,238,0.0
10281,126.57857756756779,37.02267137923715,-82.5,-7.5,criteria_met,47,46,18,3,0.018708432492485747,164,0.0
10282,126.57863375671306,37.02267137923715,-77.5,-7.5,criteria_met,50,50,19,3,0.017437746611992787,238,0.0
10283,126.57868994585832,37.02267137923715,-72.5,-7.5,criteria_met,54,51,18,3,0.01601923264286528,238,0.0
10284,126.57874613500357,37.02267137923715,-67.5,-7.5,criteria_met,56,54,21,3,0.014697376566985887,238,0.0
10285,126.57880232414882,37.02267137923715,-62.5,-7.5,criteria_met,58,55,20,3,0.013707271299687775,238,0.0
10286,126.57885851329408,37.02267137923715,-57.5,-7.5,criteria_met,56,53,20,5,0.01318095575259852,244,0.0
10287,126.57891470243935,37.02267137923715,-52.5,-7.5,criteria_met,56,53,21,6,0.013342419054966321,245,0.0
10288,126.5789708915846,37.02267137923715,-47.5,-7.5,criteria_met,58,55,22,5,0.014813892155599528,245,0.0
10289,126.57902708072986,37.02267137923715,-42.5,-7.5,criteria_met,63,60,25,5,0.013328479421962587,215,0.0
10290,126.57908326987511,37.02267137923715,-37.5,-7.5,criteria_met,65,65,27,7,0.012887636278422557,276,0.0
10291,126.57913945902038,37.02267137923715,-32.5,-7.5,criteria_met,61,61,26,6,0.013377021330440917,217,0.0
10292,126.57919564816564,37.02267137923715,-27.5,-7.5,criteria_met,60,60,23,7,0.010201796120858813,292,0.0
10293,126.57925183731089,37.02267137923715,-22.5,-7.5,criteria_met,61,60,23,6,0.013631953071256312,248,0.0
10294,126.57930802645615,37.02267137923715,-17.5,-7.5,criteria_met,61,61,25,7,0.013079363636294384,278,0.0
10295,126.5793642156014,37.02267137923715,-12.5,-7.5,criteria_met,54,54,22,6,0.01445066083270935,278,0.0
10296,126.57942040474667,37.02267137923715,-7.5,-7.5,criteria_met,55,54,22,6,0.014138597369123908,82,0.0
10297,126.57947659389193,37.02267137923715,-2.5,-7.5,criteria_met,59,57,23,6,0.013973489528972222,252,0.0
10298,126.57953278303718,37.02267137923715,2.5,-7.5,criteria_met,59,59,24,6,0.014937155823858446,81,0.0
10299,126.57958897218244,37.02267137923715,7.5,-7.5,criteria_met,101,99,40,6,0.01367459851586349,113,0.0
10300,126.5796451613277,37.02267137923715,12.5,-7.5,criteria_met,112,108,42,5,0.014061568795073883,62,0.0
10301,126.57970135047296,37.02267137923715,17.5,-7.5,criteria_met,112,108,43,4,0.013283324115740592,65,0.0
10302,126.57975753961821,37.02267137923715,22.5,-7.5,criteria_met,111,111,44,4,0.013968287987884782,66,0.0
10303,126.57981372876347,37.02267137923715,27.5,-7.5,criteria_met,106,106,40,4,0.014216170083317223,67,0.0
10304,126.57986991790872,37.02267137923715,32.5,-7.5,criteria_met,99,99,36,4,0.014092218293538803,77,0.0
10305,126.57992610705399,37.02267137923715,37.5,-7.5,criteria_met,93,93,35,3,0.013717109480013435,69,0.0
10306,126.57998229619925,37.02267137923715,42.5,-7.5,criteria_met,87,86,32,2,0.013134010721528509,69,0.0
10307,126.5800384853445,37.02267137923715,47.5,-7.5,criteria_met,86,86,31,2,0.01483097512218697,70,0.0
10308,126.58009467448976,37.02267137923715,52.5,-7.5,criteria_met,86,84,31,2,0.01417990935706434,70,0.0
10309,126.58015086363503,37.02267137923715,57.5,-7.5,criteria_met,83,82,29,2,0.016688704091922028,71,0.0
10310,126.58020705278028,37.02267137923715,62.5,-7.5,criteria_met,82,81,30,2,0.015598228633543341,73,0.0
10311,126.58026324192554,37.02267137923715,67.5,-7.5,criteria_met,73,72,29,2,0.018181041779722993,73,0.0
10312,126.58031943107079,37.02267137923715,72.5,-7.5,criteria_met,35,31,16,2,0.021096707230545804,73,0.0
10313,126.58037562021605,37.02267137923715,77.5,-7.5,criteria_met,17,14,7,2,0.024303126054526558,73,0.0
10314,126.58043180936131,37.02267137923715,82.5,-7.5,criteria_met,13,10,5,2,0.02778191042018651,73,0.0
10315,126.58048799850657,37.02267137923715,87.5,-7.5,criteria_met,9,7,4,2,0.031524627381095786,73,0.0
10316,126.58054418765182,37.02267137923715,92.5,-7.5,criteria_met,8,5,3,2,0.035527119589696794,73,0.0
10317,126.58060037679708,37.02267137923715,97.5,-7.5,criteria_met,7,5,3,2,0.03978721134529184,73,0.0
10318,126.58065656594235,37.02267137923715,102.5,-7.5,needs_revisit,6,3,1,1,0.044303715206092734,73,0.4
10319,126.5807127550876,37.02267137923715,107.5,-7.5,needs_revisit,5,3,1,1,0.04907596720831678,73,0.4
10320,126.58076894423286,37.02267137923715,112.5,-7.5,needs_revisit,2,2,1,1,0.05410359405757552,73,0.4
10321,126.58082513337811,37.02267137923715,117.5,-7.5,needs_revisit,2,2,1,1,0.05938638970286132,73,0.4
10322,126.58088132252337,37.02267137923715,122.5,-7.5,needs_revisit,2,2,1,1,0.06492424679620135,73,0.4
10323,126.58093751166864,37.02267137923715,127.5,-7.5,needs_revisit,2,2,1,1,0.07071711717777053,73,0.4
10324,126.58099370081389,37.02267137923715,132.5,-7.5,needs_revisit,2,2,1,1,0.07676498840204742,73,0.4
10325,126.58104988995915,37.02267137923715,137.5,-7.5,needs_revisit,2,1,1,1,0.08306786946214935,73,0.4
10326,126.5811060791044,37.02267137923715,142.5,-7.5,needs_revisit,2,1,1,1,0.08962578195361948,73,0.4
10327,126.58116226824966,37.02267137923715,147.5,-7.5,unobserved,0,0,0,0,,-1,1.0
10328,126.58121845739493,37.02267137923715,152.5,-7.5,unobserved,0,0,0,0,,-1,1.0
10406,126.57750997380789,37.02271643318402,-177.5,-2.5,poor_quality,2,0,0,0,0.15805221831832497,-1,0.8
10407,126.57756616295315,37.02271643318402,-172.5,-2.5,poor_quality,3,0,0,0,0.14701974741140025,-1,0.8
10408,126.57762235209842,37.02271643318402,-167.5,-2.5,poor_quality,6,0,0,0,0.1363939535323181,-1,0.8
10409,126.57767854124367,37.02271643318402,-162.5,-2.5,poor_quality,6,0,0,0,0.12617512454453084,-1,0.8
10410,126.57773473038893,37.02271643318402,-157.5,-2.5,poor_quality,12,0,0,0,0.11636360772522795,-1,0.8
10411,126.57779091953418,37.02271643318402,-152.5,-2.5,poor_quality,17,0,0,0,0.10695982528519325,-1,0.8
10412,126.57784710867945,37.02271643318402,-147.5,-2.5,needs_revisit,17,1,1,1,0.09796429473566705,164,0.4
10413,126.5779032978247,37.02271643318402,-142.5,-2.5,needs_revisit,17,1,1,1,0.0893776558035081,164,0.4
10414,126.57795948696996,37.02271643318402,-137.5,-2.5,criteria_met,24,3,2,1,0.08120070619835566,164,0.0
10415,126.57801567611521,37.02271643318402,-132.5,-2.5,criteria_met,29,6,4,1,0.07343444928084161,164,0.0
10416,126.57807186526047,37.02271643318402,-127.5,-2.5,criteria_met,30,10,6,2,0.06608015746658713,164,0.0
10417,126.57812805440574,37.02271643318402,-122.5,-2.5,criteria_met,32,12,6,2,0.05913945563682869,164,0.0
10418,126.578184243551,37.02271643318402,-117.5,-2.5,criteria_met,34,19,9,2,0.052614427757267844,164,0.0
10419,126.57824043269625,37.02271643318402,-112.5,-2.5,criteria_met,35,24,11,2,0.046507744230150666,164,0.0
10420,126.5782966218415,37.02271643318402,-107.5,-2.5,criteria_met,36,28,12,2,0.04082278939930443,164,0.0
10421,126.57835281098676,37.02271643318402,-102.5,-2.5,criteria_met,41,35,13,2,0.03479817339727079,237,0.0
10422,126.57840900013203,37.02271643318402,-97.5,-2.5,criteria_met,42,38,15,3,0.026951756613993114,238,0.0
10423,126.57846518927728,37.02271643318402,-92.5,-2.5,criteria_met,44,39,15,3,0.02508332488091831,238,0.0
10424,126.57852137842254,37.02271643318402,-87.5,-2.5,criteria_met,45,43,16,3,0.022385063520928655,164,0.0
10425,126.57857756756779,37.02271643318402,-82.5,-2.5,criteria_met,47,46,19,3,0.021609405786816693,238,0.0
10426,126.57863375671306,37.02271643318402,-77.5,-2.5,criteria_met,48,48,18,3,0.01985740423259698,163,0.0
10427,126.57868994585832,37.02271643318402,-72.5,-2.5,criteria_met,54,51,18,3,0.018508152731959382,238,0.0
10428,126.57874613500357,37.02271643318402,-67.5,-2.5,criteria_met,54,52,19,3,0.017148449243688774,238,0.0
10429,126.57880232414882,37.02271643318402,-62.5,-2.5,criteria_met,54,51,18,3,0.01622531496731829,238,0.0
10430,126.57885851329408,37.02271643318402,-57.5,-2.5,criteria_met,52,49,19,5,0.013043675314076792,244,0.0
10431,126.57891470243935,37.02271643318402,-52.5,-2.5,criteria_met,54,51,20,6,0.013274895663672901,245,0.0
10432,126.5789708915846,37.02271643318402,-47.5,-2.5,criteria_met,59,53,22,5,0.014766604995414084,245,0.0
10433,126.57902708072986,37.02271643318402,-42.5,-2.5,criteria_met,66,63,26,5,0.013567234813424896,215,0.0
10434,126.57908326987511,37.02271643318402,-37.5,-2.5,criteria_met,64,63,25,6,0.013054866637248523,276,0.0
10435,126.57913945902038,37.02271643318402,-32.5,-2.5,criteria_met,64,64,25,5,0.013579293518714099,217,0.0
10436,126.57919564816564,37.02271643318402,-27.5,-2.5,criteria_met,60,58,22,4,0.01363507704260234,277,0.0
10437,126.57925183731089,37.02271643318402,-22.5,-2.5,criteria_met,62,60,25,4,0.013439141785002644,248,0.0
10438,126.57930802645615,37.02271643318402,-17.5,-2.5,criteria_met,64,62,25,4,0.014642147281728489,187,0.0
10439,126.5793642156014,37.02271643318402,-12.5,-2.5,criteria_met,62,61,24,4,0.014913008030014755,278,0.0
10440,126.57942040474667,37.02271643318402,-7.5,-2.5,criteria_met,59,55,23,4,0.013895347665290764,249,0.0
10441,126.57947659389193,37.02271643318402,-2.5,-2.5,criteria_met,62,59,24,4,0.013795754295347719,252,0.0
10442,126.57953278303718,37.02271643318402,2.5,-2.5,criteria_met,57,56,23,4,0.015020446861912753,81,0.0
10443,126.57958897218244,37.02271643318402,7.5,-2.5,criteria_met,66,65,29,5,0.013202723230924298,37,0.0
10444,126.5796451613277,37.02271643318402,12.5,-2.5,criteria_met,113,105,43,4,0.01344377713630569,62,0.0
10445,126.57970135047296,37.02271643318402,17.5,-2.5,criteria_met,111,111,43,4,0.014010974854866342,63,0.0
10446,126.57975753961821,37.02271643318402,22.5,-2.5,criteria_met,109,109,43,4,0.01351767719958668,66,0.0
10447,126.57981372876347,37.02271643318402,27.5,-2.5,criteria_met,108,108,42,4,0.013724384681186422,79,0.0
10448,126.57986991790872,37.02271643318402,32.5,-2.5,criteria_met,102,102,38,4,0.014185202245509829,68,0.0
10449,126.57992610705399,37.02271643318402,37.5,-2.5,criteria_met,93,93,36,4,0.013423220005546086,78,0.0
10450,126.57998229619925,37.02271643318402,42.5,-2.5,criteria_met,88,88,33,2,0.01586719186432103,69,0.0
10451,126.5800384853445,37.02271643318402,47.5,-2.5,criteria_met,86,85,31,2,0.015109455785212668,69,0.0
10452,126.58009467448976,37.02271643318402,52.5,-2.5,criteria_met,87,85,30,2,0.014478506459046253,71,0.0
10453,126.58015086363503,37.02271643318402,57.5,-2.5,criteria_met,83,82,29,2,0.01681666642563379,71,0.0
10454,126.58020705278028,37.02271643318402,62.5,-2.5,criteria_met,82,81,29,2,0.016605071957173152,72,0.0
10455,126.58026324192554,37.02271643318402,67.5,-2.5,criteria_met,77,76,29,2,0.01716452345136052,73,0.0
10456,126.58031943107079,37.02271643318402,72.5,-2.5,criteria_met,44,40,17,2,0.019911727844192147,73,0.0
10457,126.58037562021605,37.02271643318402,77.5,-2.5,criteria_met,17,14,7,2,0.022960081817095163,73,0.0
10458,126.58043180936131,37.02271643318402,82.5,-2.5,criteria_met,12,9,5,2,0.026291611323565948,73,0.0
10459,126.58048799850657,37.02271643318402,87.5,-2.5,criteria_met,9,7,4,2,0.02989562203909108,73,0.0
10460,126.58054418765182,37.02271643318402,92.5,-2.5,criteria_met,8,5,3,2,0.03376581034154247,73,0.0
10461,126.58060037679708,37.02271643318402,97.5,-2.5,criteria_met,7,5,3,2,0.03789838267868661,73,0.0
10462,126.58065656594235,37.02271643318402,102.5,-2.5,needs_revisit,6,3,1,1,0.04229099087266698,73,0.4
10463,126.5807127550876,37.02271643318402,107.5,-2.5,needs_revisit,5,3,1,1,0.04694214069955479,73,0.4
10464,126.58076894423286,37.02271643318402,112.5,-2.5,needs_revisit,2,2,1,1,0.05185085774380644,73,0.4
10465,126.58082513337811,37.02271643318402,117.5,-2.5,needs_revisit,2,2,1,1,0.05701649327039681,73,0.4
10466,126.58088132252337,37.02271643318402,122.5,-2.5,needs_revisit,1,1,1,1,0.08139357758163329,72,0.4
10467,126.58093751166864,37.02271643318402,127.5,-2.5,needs_revisit,1,1,1,1,0.08916252982333162,72,0.4
10468,126.58099370081389,37.02271643318402,132.5,-2.5,needs_revisit,1,1,1,1,0.09728818765496705,72,0.4
10469,126.58104988995915,37.02271643318402,137.5,-2.5,poor_quality,1,0,0,0,0.10577039237369984,-1,0.8
10470,126.5811060791044,37.02271643318402,142.5,-2.5,poor_quality,1,0,0,0,0.1146090234293532,-1,0.8
10471,126.58116226824966,37.02271643318402,147.5,-2.5,unobserved,0,0,0,0,,-1,1.0
10472,126.58121845739493,37.02271643318402,152.5,-2.5,unobserved,0,0,0,0,,-1,1.0
10550,126.57750997380789,37.0227614871309,-177.5,2.5,poor_quality,2,0,0,0,0.15706894022101708,-1,0.8
10551,126.57756616295315,37.0227614871309,-172.5,2.5,poor_quality,3,0,0,0,0.146102840584518,-1,0.8
10552,126.57762235209842,37.0227614871309,-167.5,2.5,poor_quality,6,0,0,0,0.135543823564991,-1,0.8
10553,126.57767854124367,37.0227614871309,-162.5,2.5,poor_quality,6,0,0,0,0.12539221561104422,-1,0.8
10554,126.57773473038893,37.0227614871309,-157.5,2.5,poor_quality,12,0,0,0,0.11564840423255698,-1,0.8
10555,126.57779091953418,37.0227614871309,-152.5,2.5,poor_quality,15,0,0,0,0.1063128517504899,-1,0.8
10556,126.57784710867945,37.0227614871309,-147.5,2.5,needs_revisit,17,1,1,1,0.09738611238940663,164,0.4
10557,126.5779032978247,37.0227614871309,-142.5,2.5,needs_revisit,18,1,1,1,0.08886885337637364,164,0.4
10558,126.57795948696996,37.0227614871309,-137.5,2.5,needs_revisit,24,2,1,1,0.08076188059724537,164,0.4
10559,126.57801567611521,37.0227614871309,-132.5,2.5,criteria_met,27,6,4,1,0.073066168886604,164,0.0
10560,126.57807186526047,37.0227614871309,-127.5,2.5,criteria_met,30,9,5,1,0.06578289573716678,164,0.0
10561,126.57812805440574,37.0227614871309,-122.5,2.5,criteria_met,32,12,5,1,0.05891347416465565,164,0.0
10562,126.578184243551,37.0227614871309,-117.5,2.5,criteria_met,35,18,8,1,0.05245957373928542,164,0.0
10563,126.57824043269625,37.0227614871309,-112.5,2.5,criteria_met,36,24,11,1,0.04642310464987063,164,0.0
10564,126.5782966218415,37.0227614871309,-107.5,2.5,criteria_met,38,31,13,1,0.040806111272151925,164,0.0
10565,126.57835281098676,37.0227614871309,-102.5,2.5,criteria_met,41,35,14,2,0.0322740471553358,238,0.0
10566,126.57840900013203,37.0227614871309,-97.5,2.5,criteria_met,43,39,15,2,0.030225022697739686,238,0.0
10567,126.57846518927728,37.0227614871309,-92.5,2.5,criteria_met,44,39,15,2,0.022148825760229994,239,0.0
10568,126.57852137842254,37.0227614871309,-87.5,2.5,criteria_met,45,43,16,2,0.0203296958830978,239,0.0
10569,126.57857756756779,37.0227614871309,-82.5,2.5,criteria_met,47,46,18,2,0.024544890867619122,162,0.0
10570,126.57863375671306,37.0227614871309,-77.5,2.5,criteria_met,48,48,17,2,0.02073725837749661,162,0.0
10571,126.57868994585832,37.0227614871309,-72.5,2.5,criteria_met,52,49,18,2,0.018243504926529597,163,0.0
10572,126.57874613500357,37.0227614871309,-67.5,2.5,criteria_met,52,50,19,2,0.01955656210131581,125,0.0
10573,126.57880232414882,37.0227614871309,-62.5,2.5,criteria_met,52,49,19,2,0.017712021011728273,88,0.0
10574,126.57885851329408,37.0227614871309,-57.5,2.5,criteria_met,53,50,19,3,0.013189911538794489,89,0.0
10575,126.57891470243935,37.0227614871309,-52.5,2.5,criteria_met,58,52,20,4,0.013612596389045694,242,0.0
10576,126.5789708915846,37.0227614871309,-47.5,2.5,criteria_met,62,54,21,4,0.015278606694297486,245,0.0
10577,126.57902708072986,37.0227614871309,-42.5,2.5,criteria_met,66,62,25,4,0.01368426052887761,213,0.0
10578,126.57908326987511,37.0227614871309,-37.5,2.5,criteria_met,66,65,26,4,0.013523678383386343,276,0.0
10579,126.57913945902038,37.0227614871309,-32.5,2.5,criteria_met,65,64,24,4,0.013506826226545122,274,0.0
10580,126.57919564816564,37.0227614871309,-27.5,2.5,criteria_met,60,58,24,4,0.01409289409322908,277,0.0
10581,126.57925183731089,37.0227614871309,-22.5,2.5,criteria_met,60,57,24,4,0.01391272785258682,248,0.0
10582,126.57930802645615,37.0227614871309,-17.5,2.5,criteria_met,60,58,23,4,0.015849295616727238,248,0.0
10583,126.5793642156014,37.0227614871309,-12.5,2.5,criteria_met,63,63,25,4,0.015045401538971203,119,0.0
10584,126.57942040474667,37.0227614871309,-7.5,2.5,criteria_met,60,59,24,4,0.014673559454935833,249,0.0
10585,126.57947659389193,37.0227614871309,-2.5,2.5,criteria_met,59,59,24,4,0.014606246246110339,251,0.0
10586,126.57953278303718,37.0227614871309,2.5,2.5,criteria_met,59,59,23,4,0.015253972122534857,117,0.0
10587,126.57958897218244,37.0227614871309,7.5,2.5,criteria_met,56,54,23,4,0.013581118163070787,114,0.0
10588,126.5796451613277,37.0227614871309,12.5,2.5,criteria_met,114,79,34,3,0.013520430035585503,62,0.0
10589,126.57970135047296,37.0227614871309,17.5,2.5,criteria_met,112,112,43,3,0.014333113166669981,63,0.0
10590,126.57975753961821,37.0227614871309,22.5,2.5,criteria_met,110,110,43,3,0.01372850346819893,66,0.0
10591,126.57981372876347,37.0227614871309,27.5,2.5,criteria_met,109,109,43,4,0.014197781508687828,67,0.0
10592,126.57986991790872,37.0227614871309,32.5,2.5,criteria_met,105,105,40,3,0.014467793989024777,68,0.0
10593,126.57992610705399,37.0227614871309,37.5,2.5,criteria_met,97,97,36,3,0.014055981146180563,69,0.0
10594,126.57998229619925,37.0227614871309,42.5,2.5,criteria_met,89,89,33,1,0.016131810595001083,69,0.0
10595,126.5800384853445,37.0227614871309,47.5,2.5,criteria_met,87,86,31,1,0.015448035793773084,70,0.0
10596,126.58009467448976,37.0227614871309,52.5,2.5,criteria_met,87,85,30,1,0.01478954405858078,71,0.0
10597,126.58015086363503,37.0227614871309,57.5,2.5,criteria_met,84,83,30,1,0.017105032662218772,71,0.0
10598,126.58020705278028,37.0227614871309,62.5,2.5,criteria_met,82,81,29,1,0.016964695608973845,72,0.0
10599,126.58026324192554,37.0227614871309,67.5,2.5,criteria_met,77,76,28,1,0.020072091104910133,72,0.0
10600,126.58031943107079,37.0227614871309,72.5,2.5,criteria_met,49,46,20,1,0.018850233111447182,73,0.0
10601,126.58037562021605,37.0227614871309,77.5,2.5,criteria_met,19,16,7,1,0.021760949402039736,73,0.0
10602,126.58043180936131,37.0227614871309,82.5,2.5,criteria_met,13,10,6,1,0.03209254609856772,72,0.0
10603,126.58048799850657,37.0227614871309,87.5,2.5,criteria_met,9,5,3,1,0.03690260335389175,72,0.0
10604,126.58054418765182,37.0227614871309,92.5,2.5,criteria_met,7,4,2,1,0.04208899940054089,72,0.0
10605,126.58060037679708,37.0227614871309,97.5,2.5,criteria_met,6,4,2,1,0.04764511493487851,72,0.0
10606,126.58065656594235,37.0227614871309,102.5,2.5,needs_revisit,5,2,1,1,0.052743054800427895,71,0.4
10607,126.5807127550876,37.0227614871309,107.5,2.5,needs_revisit,4,2,1,1,0.05808420516904301,71,0.4
10608,126.58076894423286,37.0227614871309,112.5,2.5,needs_revisit,1,1,1,1,0.0664972153441015,72,0.4
10609,126.58082513337811,37.0227614871309,117.5,2.5,needs_revisit,1,1,1,1,0.07350286919896169,72,0.4
10610,126.58088132252337,37.0227614871309,122.5,2.5,needs_revisit,1,1,1,1,0.08086753369945096,72,0.4
10611,126.58093751166864,37.0227614871309,127.5,2.5,needs_revisit,1,1,1,1,0.08859056607477131,72,0.4
10612,126.58099370081389,37.0227614871309,132.5,2.5,needs_revisit,1,1,1,1,0.09667148747492366,72,0.4
10613,126.58104988995915,37.0227614871309,137.5,2.5,poor_quality,1,0,0,0,0.10510993432901553,-1,0.8
10614,126.5811060791044,37.0227614871309,142.5,2.5,poor_quality,1,0,0,0,0.1139056259079553,-1,0.8
10615,126.58116226824966,37.0227614871309,147.5,2.5,unobserved,0,0,0,0,,-1,1.0
10616,126.58121845739493,37.0227614871309,152.5,2.5,unobserved,0,0,0,0,,-1,1.0
10694,126.57750997380789,37.02280654107777,-177.5,7.5,unobserved,0,0,0,0,,-1,1.0
10695,126.57756616295315,37.02280654107777,-172.5,7.5,poor_quality,3,0,0,0,0.145360648784999,-1,0.8
10696,126.57762235209842,37.02280654107777,-167.5,7.5,poor_quality,4,0,0,0,0.13486666358404129,-1,0.8
10697,126.57767854124367,37.02280654107777,-162.5,7.5,poor_quality,6,0,0,0,0.12478027810537015,-1,0.8
10698,126.57773473038893,37.02280654107777,-157.5,7.5,poor_quality,12,0,0,0,0.11510186520863151,-1,0.8
10699,126.57779091953418,37.02280654107777,-152.5,7.5,poor_quality,14,0,0,0,0.10583185743496933,-1,0.8
10700,126.57784710867945,37.02280654107777,-147.5,7.5,needs_revisit,18,1,1,1,0.09697075611030904,164,0.4
10701,126.5779032978247,37.02280654107777,-142.5,7.5,needs_revisit,18,1,1,1,0.08851914038669882,164,0.4
10702,126.57795948696996,37.02280654107777,-137.5,7.5,needs_revisit,23,2,1,1,0.08047767464559877,164,0.4
10703,126.57801567611521,37.02280654107777,-132.5,7.5,criteria_met,26,6,4,1,0.07284711110472222,164,0.0
10704,126.57807186526047,37.02280654107777,-127.5,7.5,criteria_met,31,9,5,1,0.06562828157508425,164,0.0
10705,126.57812805440574,37.02280654107777,-122.5,7.5,criteria_met,32,12,5,1,0.058822067110070486,164,0.0
10706,126.578184243551,37.02280654107777,-117.5,7.5,criteria_met,36,17,7,1,0.05242932514342921,164,0.0
10707,126.57824043269625,37.02280654107777,-112.5,7.5,criteria_met,37,23,10,1,0.04645073821535279,164,0.0
10708,126.5782966218415,37.02280654107777,-107.5,7.5,criteria_met,38,31,13,2,0.03816102976367793,238,0.0
10709,126.57835281098676,37.02280654107777,-102.5,7.5,criteria_met,41,33,13,2,0.035936334386300894,238,0.0
10710,126.57840900013203,37.02280654107777,-97.5,7.5,criteria_met,43,39,15,2,0.027522775158360546,239,0.0
10711,126.57846518927728,37.02280654107777,-92.5,7.5,criteria_met,45,41,16,2,0.022042259311211072,240,0.0
10712,126.57852137842254,37.02280654107777,-87.5,7.5,criteria_met,46,43,17,2,0.02349842593649895,239,0.0
10713,126.57857756756779,37.02280654107777,-82.5,7.5,criteria_met,46,44,17,2,0.021643100784607093,239,0.0
10714,126.57863375671306,37.02280654107777,-77.5,7.5,criteria_met,48,48,18,2,0.019896036910852257,239,0.0
10715,126.57868994585832,37.02280654107777,-72.5,7.5,criteria_met,49,47,19,2,0.01826650450990667,239,0.0
10716,126.57874613500357,37.02280654107777,-67.5,7.5,criteria_met,52,50,19,2,0.016804855460784834,239,0.0
10717,126.57880232414882,37.02280654107777,-62.5,7.5,criteria_met,54,52,20,2,0.01440130408879848,241,0.0
10718,126.57885851329408,37.02280654107777,-57.5,7.5,criteria_met,57,55,21,3,0.014480985088571631,241,0.0
10719,126.57891470243935,37.02280654107777,-52.5,7.5,criteria_met,59,56,22,3,0.01406011837718688,245,0.0
10720,126.5789708915846,37.02280654107777,-47.5,7.5,criteria_met,67,59,22,4,0.014991118484001685,245,0.0
10721,126.57902708072986,37.02280654107777,-42.5,7.5,criteria_met,65,57,23,4,0.014619215879818188,215,0.0
10722,126.57908326987511,37.02280654107777,-37.5,7.5,criteria_met,67,64,24,4,0.013983523113172728,276,0.0
10723,126.57913945902038,37.02280654107777,-32.5,7.5,criteria_met,65,65,26,4,0.014624647508085398,273,0.0
10724,126.57919564816564,37.02280654107777,-27.5,7.5,criteria_met,61,60,24,4,0.014614510595157445,277,0.0
10725,126.57925183731089,37.02280654107777,-22.5,7.5,criteria_met,61,61,24,4,0.014566638671848622,248,0.0
10726,126.57930802645615,37.02280654107777,-17.5,7.5,criteria_met,62,61,24,4,0.016592922831698616,248,0.0
10727,126.5793642156014,37.02280654107777,-12.5,7.5,criteria_met,61,61,25,4,0.01593044232151953,219,0.0
10728,126.57942040474667,37.02280654107777,-7.5,7.5,criteria_met,59,59,23,4,0.015586313014667856,249,0.0
10729,126.57947659389193,37.02280654107777,-2.5,7.5,criteria_met,57,57,24,4,0.01539782660955664,251,0.0
10730,126.57953278303718,37.02280654107777,2.5,7.5,criteria_met,59,59,24,4,0.01647845707569654,252,0.0
10731,126.57958897218244,37.02280654107777,7.5,7.5,criteria_met,55,53,22,4,0.013868157023016607,57,0.0
10732,126.5796451613277,37.02280654107777,12.5,7.5,criteria_met,110,107,42,3,0.013829295319453039,62,0.0
10733,126.57970135047296,37.02280654107777,17.5,7.5,criteria_met,111,110,44,4,0.014705356109518185,63,0.0
10734,126.57975753961821,37.02280654107777,22.5,7.5,criteria_met,109,109,42,4,0.014906533062387387,65,0.0
10735,126.57981372876347,37.02280654107777,27.5,7.5,criteria_met,109,109,43,4,0.014479365056814283,67,0.0
10736,126.57986991790872,37.02280654107777,32.5,7.5,criteria_met,102,102,38,3,0.014761554610038061,68,0.0
10737,126.57992610705399,37.02280654107777,37.5,7.5,criteria_met,99,99,37,3,0.014335679979172452,69,0.0
10738,126.57998229619925,37.02280654107777,42.5,7.5,criteria_met,94,94,34,1,0.01644251782165163,69,0.0
10739,126.5800384853445,37.02280654107777,47.5,7.5,criteria_met,88,87,32,2,0.01580125863728279,70,0.0
10740,126.58009467448976,37.02280654107777,52.5,7.5,criteria_met,86,84,30,2,0.015109378477727144,71,0.0
10741,126.58015086363503,37.02280654107777,57.5,7.5,criteria_met,83,82,30,1,0.017442249120602233,71,0.0
10742,126.58020705278028,37.02280654107777,62.5,7.5,criteria_met,84,83,30,1,0.0173543055504729,72,0.0
10743,126.58026324192554,37.02280654107777,67.5,7.5,criteria_met,78,77,28,1,0.020442101030467733,72,0.0
10744,126.58031943107079,37.02280654107777,72.5,7.5,criteria_met,56,53,22,1,0.023957914507089898,72,0.0
10745,126.58037562021605,37.02280654107777,77.5,7.5,criteria_met,22,19,9,1,0.027894708660241962,72,0.0
10746,126.58043180936131,37.02280654107777,82.5,7.5,criteria_met,14,11,6,1,0.03223749034932652,72,0.0
10747,126.58048799850657,37.02280654107777,87.5,7.5,criteria_met,9,5,3,1,0.03697259592222295,72,0.0
10748,126.58054418765182,37.02280654107777,92.5,7.5,criteria_met,7,4,2,1,0.042089808397347064,72,0.0
10749,126.58060037679708,37.02280654107777,97.5,7.5,criteria_met,6,4,2,1,0.04752716870144797,71,0.0
10750,126.58065656594235,37.02280654107777,102.5,7.5,needs_revisit,5,2,1,1,0.05256105821442397,71,0.4
10751,126.5807127550876,37.02280654107777,107.5,7.5,needs_revisit,4,2,1,1,0.05786228596806883,71,0.4
10752,126.58076894423286,37.02280654107777,112.5,7.5,needs_revisit,1,1,1,1,0.0662652220103234,72,0.4
10753,126.58082513337811,37.02280654107777,117.5,7.5,needs_revisit,1,1,1,1,0.07322005393055789,72,0.4
10754,126.58088132252337,37.02280654107777,122.5,7.5,needs_revisit,1,1,1,1,0.08053581482189076,72,0.4
10755,126.58093751166864,37.02280654107777,127.5,7.5,needs_revisit,1,1,1,1,0.08821152527499285,72,0.4
10756,126.58099370081389,37.02280654107777,132.5,7.5,needs_revisit,1,1,1,1,0.0962464399274392,72,0.4
10757,126.58104988995915,37.02280654107777,137.5,7.5,poor_quality,1,0,0,0,0.10463998283019704,-1,0.8
10758,126.5811060791044,37.02280654107777,142.5,7.5,poor_quality,1,0,0,0,0.1133917026907621,-1,0.8
10759,126.58116226824966,37.02280654107777,147.5,7.5,poor_quality,1,0,0,0,0.12250124135784736,-1,0.8
10760,126.58121845739493,37.02280654107777,152.5,7.5,unobserved,0,0,0,0,,-1,1.0
10838,126.57750997380789,37.02285159502464,-177.5,12.5,unobserved,0,0,0,0,,-1,1.0
10839,126.57756616295315,37.02285159502464,-172.5,12.5,poor_quality,3,0,0,0,0.1447808393846349,-1,0.8
10840,126.57762235209842,37.02285159502464,-167.5,12.5,poor_quality,3,0,0,0,0.13434938201199245,-1,0.8
10841,126.57767854124367,37.02285159502464,-162.5,12.5,poor_quality,6,0,0,0,0.12432538125607225,-1,0.8
10842,126.57773473038893,37.02285159502464,-157.5,12.5,poor_quality,12,0,0,0,0.11470913122446856,-1,0.8
10843,126.57779091953418,37.02285159502464,-152.5,12.5,poor_quality,14,0,0,0,0.10550095560994656,-1,0.8
10844,126.57784710867945,37.02285159502464,-147.5,12.5,needs_revisit,16,1,1,1,0.09670120512605623,164,0.4
10845,126.5779032978247,37.02285159502464,-142.5,12.5,needs_revisit,18,1,1,1,0.08831025014573271,164,0.4
10846,126.57795948696996,37.02285159502464,-137.5,12.5,needs_revisit,21,2,1,1,0.08032846504421891,164,0.4
10847,126.57801567611521,37.02285159502464,-132.5,12.5,criteria_met,26,5,3,1,0.07275619850336561,164,0.0
10848,126.57807186526047,37.02285159502464,-127.5,12.5,criteria_met,30,6,4,1,0.08057681252798529,163,0.0
10849,126.57812805440574,37.02285159502464,-122.5,12.5,criteria_met,32,13,6,1,0.06525543990324273,236,0.0
10850,126.578184243551,37.02285159502464,-117.5,12.5,criteria_met,35,16,7,1,0.06240917376132767,236,0.0
10851,126.57824043269625,37.02285159502464,-112.5,12.5,criteria_met,37,22,10,2,0.05206753027165737,237,0.0
10852,126.5782966218415,37.02285159502464,-107.5,12.5,criteria_met,39,28,12,2,0.04220420988609868,238,0.0
10853,126.57835281098676,37.02285159502464,-102.5,12.5,criteria_met,41,33,13,2,0.033625224162670865,239,0.0
10854,126.57840900013203,37.02285159502464,-97.5,12.5,criteria_met,45,40,15,2,0.027530340094357588,240,0.0
10855,126.57846518927728,37.02285159502464,-92.5,12.5,criteria_met,46,42,17,2,0.025437401536211237,240,0.0
10856,126.57852137842254,37.02285159502464,-87.5,12.5,criteria_met,47,44,17,2,0.023451108340254708,240,0.0
10857,126.57857756756779,37.02285159502464,-82.5,12.5,criteria_met,47,45,17,2,0.021573337802343044,240,0.0
10858,126.57863375671306,37.02285159502464,-77.5,12.5,criteria_met,45,45,17,2,0.019807633669017593,240,0.0
10859,126.57868994585832,37.02285159502464,-72.5,12.5,criteria_met,49,49,18,2,0.016982294928913195,241,0.0
10860,126.57874613500357,37.02285159502464,-67.5,12.5,criteria_met,56,54,21,2,0.016708385754912895,240,0.0
10861,126.57880232414882,37.02285159502464,-62.5,12.5,criteria_met,59,57,21,2,0.016042607429362577,240,0.0
10862,126.57885851329408,37.02285159502464,-57.5,12.5,criteria_met,59,57,23,3,0.016304056983408557,240,0.0
10863,126.57891470243935,37.02285159502464,-52.5,12.5,criteria_met,62,58,26,3,0.014548665690565161,245,0.0
10864,126.5789708915846,37.02285159502464,-47.5,12.5,criteria_met,66,56,24,3,0.016370892984845394,245,0.0
10865,126.57902708072986,37.02285159502464,-42.5,12.5,criteria_met,66,58,24,4,0.0152090952804471,215,0.0
10866,126.57908326987511,37.02285159502464,-37.5,12.5,criteria_met,66,60,23,4,0.014809590638726076,276,0.0
10867,126.57913945902038,37.02285159502464,-32.5,12.5,criteria_met,63,62,25,4,0.01559968149122312,247,0.0
10868,126.57919564816564,37.02285159502464,-27.5,12.5,criteria_met,62,62,25,4,0.015165708654251781,277,0.0
10869,126.57925183731089,37.02285159502464,-22.5,12.5,criteria_met,60,59,24,4,0.01527637194635,248,0.0
10870,126.57930802645615,37.02285159502464,-17.5,12.5,criteria_met,60,60,23,4,0.017378047959683802,248,0.0
10871,126.5793642156014,37.02285159502464,-12.5,12.5,criteria_met,57,57,22,4,0.01665269504056803,278,0.0
10872,126.57942040474667,37.02285159502464,-7.5,12.5,criteria_met,55,55,23,4,0.01655217467619832,249,0.0
10873,126.57947659389193,37.02285159502464,-2.5,12.5,criteria_met,52,52,22,4,0.016229942139895367,251,0.0
10874,126.57953278303718,37.02285159502464,2.5,12.5,criteria_met,52,52,21,4,0.0166611429882463,252,0.0
10875,126.57958897218244,37.02285159502464,7.5,12.5,criteria_met,51,51,22,4,0.014197981463781022,57,0.0
10876,126.5796451613277,37.02285159502464,12.5,12.5,criteria_met,105,105,40,4,0.01485689479797463,12,0.0
10877,126.57970135047296,37.02285159502464,17.5,12.5,criteria_met,109,108,43,4,0.01509135513167652,63,0.0
10878,126.57975753961821,37.02285159502464,22.5,12.5,criteria_met,107,85,37,4,0.015231210735787287,65,0.0
10879,126.57981372876347,37.02285159502464,27.5,12.5,criteria_met,108,80,32,3,0.01477011460173788,67,0.0
10880,126.57986991790872,37.02285159502464,32.5,12.5,criteria_met,101,100,36,3,0.015063168714268358,68,0.0
10881,126.57992610705399,37.02285159502464,37.5,12.5,criteria_met,96,95,35,3,0.016205576762544627,78,0.0
10882,126.57998229619925,37.02285159502464,42.5,12.5,criteria_met,94,94,34,2,0.01677179396993556,69,0.0
10883,126.5800384853445,37.02285159502464,47.5,12.5,criteria_met,90,88,32,2,0.016164581636425635,70,0.0
10884,126.58009467448976,37.02285159502464,52.5,12.5,criteria_met,86,84,31,2,0.018600293048375356,70,0.0
10885,126.58015086363503,37.02285159502464,57.5,12.5,criteria_met,83,82,30,2,0.017802419697419254,71,0.0
10886,126.58020705278028,37.02285159502464,62.5,12.5,criteria_met,84,83,30,2,0.017759038480697625,72,0.0
10887,126.58026324192554,37.02285159502464,67.5,12.5,criteria_met,80,79,29,1,0.02086291548760772,72,0.0
10888,126.58031943107079,37.02285159502464,72.5,12.5,criteria_met,58,55,23,1,0.02435516658151804,72,0.0
10889,126.58037562021605,37.02285159502464,77.5,12.5,criteria_met,24,21,11,1,0.028244813804538492,72,0.0
10890,126.58043180936131,37.02285159502464,82.5,12.5,criteria_met,14,11,6,1,0.032529742629053074,72,0.0
10891,126.58048799850657,37.02285159502464,87.5,12.5,criteria_met,10,6,4,1,0.03720375702116217,72,0.0
10892,126.58054418765182,37.02285159502464,92.5,12.5,criteria_met,7,4,2,1,0.04226024238317399,72,0.0
10893,126.58060037679708,37.02285159502464,97.5,12.5,criteria_met,6,4,2,1,0.04753186736524467,71,0.0
10894,126.58065656594235,37.02285159502464,102.5,12.5,needs_revisit,6,3,1,1,0.05252308230953807,71,0.4
10895,126.5807127550876,37.02285159502464,107.5,12.5,needs_revisit,4,2,1,1,0.05778386513381341,71,0.4
10896,126.58076894423286,37.02285159502464,112.5,12.5,needs_revisit,2,1,1,1,0.06621368812045439,72,0.4
10897,126.58082513337811,37.02285159502464,117.5,12.5,needs_revisit,1,1,1,1,0.0731181832765908,72,0.4
10898,126.58088132252337,37.02285159502464,122.5,12.5,needs_revisit,1,1,1,1,0.08038522500609487,72,0.4
10899,126.58093751166864,37.02285159502464,127.5,12.5,needs_revisit,1,1,1,1,0.08801361260276723,72,0.4
10900,126.58099370081389,37.02285159502464,132.5,12.5,needs_revisit,1,1,1,1,0.09600240712943603,72,0.4
10901,126.58104988995915,37.02285159502464,137.5,12.5,poor_quality,1,0,0,0,0.10435086675806464,-1,0.8
10902,126.5811060791044,37.02285159502464,142.5,12.5,poor_quality,1,0,0,0,0.11305839942468608,-1,0.8
10903,126.58116226824966,37.02285159502464,147.5,12.5,poor_quality,1,0,0,0,0.12212452796711228,-1,0.8
10904,126.58121845739493,37.02285159502464,152.5,12.5,unobserved,0,0,0,0,,-1,1.0
10982,126.57750997380789,37.02289664897152,-177.5,17.5,unobserved,0,0,0,0,,-1,1.0
10983,126.57756616295315,37.02289664897152,-172.5,17.5,poor_quality,2,0,0,0,0.14435083204463567,-1,0.8
10984,126.57762235209842,37.02289664897152,-167.5,17.5,poor_quality,3,0,0,0,0.13397868397020662,-1,0.8
10985,126.57767854124367,37.02289664897152,-162.5,17.5,poor_quality,4,0,0,0,0.1240134538850788,-1,0.8
10986,126.57773473038893,37.02289664897152,-157.5,17.5,poor_quality,12,0,0,0,0.11445528993929789,-1,0.8
10987,126.57779091953418,37.02289664897152,-152.5,17.5,poor_quality,14,0,0,0,0.10530432679977794,-1,0.8
10988,126.57784710867945,37.02289664897152,-147.5,17.5,needs_revisit,14,1,1,1,0.09656066930536725,164,0.4
10989,126.5779032978247,37.02289664897152,-142.5,17.5,poor_quality,17,0,0,0,0.10714901461120144,-1,0.8
10990,126.57795948696996,37.02289664897152,-137.5,17.5,needs_revisit,16,1,1,1,0.099188910613756,163,0.4
10991,126.57801567611521,37.02289664897152,-132.5,17.5,criteria_met,24,3,3,1,0.0900922172178234,234,0.0
10992,126.57807186526047,37.02289664897152,-127.5,17.5,criteria_met,29,6,3,1,0.08040100549605275,235,0.0
10993,126.57812805440574,37.02289664897152,-122.5,17.5,criteria_met,31,11,6,1,0.07053235576710472,236,0.0
10994,126.578184243551,37.02289664897152,-117.5,17.5,criteria_met,34,16,7,2,0.05958816387787151,237,0.0
10995,126.57824043269625,37.02289664897152,-112.5,17.5,criteria_met,36,20,8,2,0.049021031306836306,238,0.0
10996,126.5782966218415,37.02289664897152,-107.5,17.5,criteria_met,39,26,11,2,0.04044189174729297,239,0.0
10997,126.57835281098676,37.02289664897152,-102.5,17.5,criteria_met,40,31,13,2,0.03377913864668529,240,0.0
10998,126.57840900013203,37.02289664897152,-97.5,17.5,criteria_met,43,37,14,2,0.0314494363291646,240,0.0
10999,126.57846518927728,37.02289664897152,-92.5,17.5,criteria_met,44,39,16,2,0.029234559523201142,240,0.0
11000,126.57852137842254,37.02289664897152,-87.5,17.5,criteria_met,43,39,16,2,0.027140131774630878,240,0.0
11001,126.57857756756779,37.02289664897152,-82.5,17.5,criteria_met,44,42,17,2,0.019919262199860708,241,0.0
11002,126.57863375671306,37.02289664897152,-77.5,17.5,criteria_met,47,47,18,2,0.01990920924737209,241,0.0
11003,126.57868994585832,37.02289664897152,-72.5,17.5,criteria_met,49,49,19,2,0.019940456502389837,241,0.0
11004,126.57874613500357,37.02289664897152,-67.5,17.5,criteria_met,54,52,20,2,0.02006009344993733,241,0.0
11005,126.57880232414882,37.02289664897152,-62.5,17.5,criteria_met,56,54,21,2,0.01983574978573741,240,0.0
11006,126.57885851329408,37.02289664897152,-57.5,17.5,criteria_met,60,58,24,3,0.018226803162516476,213,0.0
11007,126.57891470243935,37.02289664897152,-52.5,17.5,criteria_met,62,60,26,3,0.01506304688501725,245,0.0
11008,126.5789708915846,37.02289664897152,-47.5,17.5,criteria_met,63,59,24,3,0.016945025551584513,245,0.0
11009,126.57902708072986,37.02289664897152,-42.5,17.5,criteria_met,63,60,24,3,0.0160395634018572,246,0.0
11010,126.57908326987511,37.02289664897152,-37.5,17.5,criteria_met,63,58,21,4,0.015527185373839925,276,0.0
11011,126.57913945902038,37.02289664897152,-32.5,17.5,criteria_met,59,58,24,4,0.016281052416784018,247,0.0
11012,126.57919564816564,37.02289664897152,-27.5,17.5,criteria_met,59,59,25,4,0.015739566172918287,277,0.0
11013,126.57925183731089,37.02289664897152,-22.5,17.5,criteria_met,59,58,24,4,0.01602415376681541,248,0.0
11014,126.57930802645615,37.02289664897152,-17.5,17.5,criteria_met,57,57,22,4,0.018197461165580523,248,0.0
11015,126.5793642156014,37.02289664897152,-12.5,17.5,criteria_met,57,57,22,4,0.017273745915667982,278,0.0
11016,126.57942040474667,37.02289664897152,-7.5,17.5,criteria_met,53,53,22,4,0.01756676771824198,249,0.0
11017,126.57947659389193,37.02289664897152,-2.5,17.5,criteria_met,50,50,20,4,0.0170998772388057,251,0.0
11018,126.57953278303718,37.02289664897152,2.5,17.5,criteria_met,48,48,19,4,0.016851250850332906,252,0.0
11019,126.57958897218244,37.02289664897152,7.5,17.5,criteria_met,49,49,20,4,0.014545669666889272,57,0.0
11020,126.5796451613277,37.02289664897152,12.5,17.5,criteria_met,94,94,38,4,0.01536875460527657,15,0.0
11021,126.57970135047296,37.02289664897152,17.5,17.5,criteria_met,100,99,39,4,0.015488846600866144,63,0.0
11022,126.57975753961821,37.02289664897152,22.5,17.5,criteria_met,100,91,39,3,0.015563438921848288,63,0.0
11023,126.57981372876347,37.02289664897152,27.5,17.5,criteria_met,99,68,29,3,0.01687028180815982,64,0.0
11024,126.57986991790872,37.02289664897152,32.5,17.5,criteria_met,100,94,37,3,0.015370871771642616,68,0.0
11025,126.57992610705399,37.02289664897152,37.5,17.5,criteria_met,95,94,35,3,0.01727880622020513,78,0.0
11026,126.57998229619925,37.02289664897152,42.5,17.5,criteria_met,94,93,34,2,0.017112016680612803,69,0.0
11027,126.5800384853445,37.02289664897152,47.5,17.5,criteria_met,91,89,33,2,0.01955795879286178,69,0.0
11028,126.58009467448976,37.02289664897152,52.5,17.5,criteria_met,87,85,31,2,0.01900100967471856,70,0.0
11029,126.58015086363503,37.02289664897152,57.5,17.5,criteria_met,82,81,30,2,0.02174614498547572,70,0.0
11030,126.58020705278028,37.02289664897152,62.5,17.5,criteria_met,83,82,30,2,0.02085389386340431,71,0.0
11031,126.58026324192554,37.02289664897152,67.5,17.5,criteria_met,80,78,29,1,0.023818452644654552,71,0.0
11032,126.58031943107079,37.02289664897152,72.5,17.5,criteria_met,61,58,24,1,0.024809538481418706,72,0.0
11033,126.58037562021605,37.02289664897152,77.5,17.5,criteria_met,29,26,13,1,0.02867996042907028,72,0.0
11034,126.58043180936131,37.02289664897152,82.5,17.5,criteria_met,14,10,6,1,0.03293009061854949,72,0.0
11035,126.58048799850657,37.02289664897152,87.5,17.5,criteria_met,10,6,4,1,0.037560489939394204,72,0.0
11036,126.58054418765182,37.02289664897152,92.5,17.5,criteria_met,7,4,2,1,0.042568986006720815,72,0.0
11037,126.58060037679708,37.02289664897152,97.5,17.5,criteria_met,6,4,2,1,0.04766336178365473,71,0.0
11038,126.58065656594235,37.02289664897152,102.5,17.5,needs_revisit,5,3,1,1,0.05261410638376108,71,0.4
11039,126.5807127550876,37.02289664897152,107.5,17.5,needs_revisit,4,2,1,1,0.05783586880758664,71,0.4
11040,126.58076894423286,37.02289664897152,112.5,17.5,needs_revisit,2,1,1,1,0.06632440229590159,72,0.4
11041,126.58082513337811,37.02289664897152,117.5,17.5,needs_revisit,1,1,1,1,0.073181117361176,72,0.4
11042,126.58088132252337,37.02289664897152,122.5,17.5,needs_revisit,1,1,1,1,0.08040134961836906,72,0.4
11043,126.58093751166864,37.02289664897152,127.5,17.5,needs_revisit,1,1,1,1,0.0879838583209746,72,0.4
11044,126.58099370081389,37.02289664897152,132.5,17.5,needs_revisit,1,1,1,1,0.0959276378448493,72,0.4
11045,126.58104988995915,37.02289664897152,137.5,17.5,poor_quality,1,0,0,0,0.10423187014205264,-1,0.8
11046,126.5811060791044,37.02289664897152,142.5,17.5,poor_quality,1,0,0,0,0.11289588638403446,-1,0.8
11047,126.58116226824966,37.02289664897152,147.5,17.5,poor_quality,1,0,0,0,0.12191913657478703,-1,0.8
11048,126.58121845739493,37.02289664897152,152.5,17.5,unobserved,0,0,0,0,,-1,1.0
11126,126.57750997380789,37.02294170291839,-177.5,22.5,unobserved,0,0,0,0,,-1,1.0
11127,126.57756616295315,37.02294170291839,-172.5,22.5,unobserved,0,0,0,0,,-1,1.0
11128,126.57762235209842,37.02294170291839,-167.5,22.5,poor_quality,3,0,0,0,0.13374126130110361,-1,0.8
11129,126.57767854124367,37.02294170291839,-162.5,22.5,poor_quality,3,0,0,0,0.15008136023964772,-1,0.8
11130,126.57773473038893,37.02294170291839,-157.5,22.5,poor_quality,9,0,0,0,0.13660439660952928,-1,0.8
11131,126.57779091953418,37.02294170291839,-152.5,22.5,poor_quality,11,0,0,0,0.12699319011749577,-1,0.8
11132,126.57784710867945,37.02294170291839,-147.5,22.5,poor_quality,12,0,0,0,0.11774122044602263,-1,0.8
11133,126.5779032978247,37.02294170291839,-142.5,22.5,poor_quality,14,0,0,0,0.10884873279704313,-1,0.8
11134,126.57795948696996,37.02294170291839,-137.5,22.5,poor_quality,16,0,0,0,0.10013147752050504,-1,0.8
11135,126.57801567611521,37.02294170291839,-132.5,22.5,criteria_met,23,3,2,1,0.08965014369007948,235,0.0
11136,126.57807186526047,37.02294170291839,-127.5,22.5,criteria_met,26,6,2,1,0.07916672369969434,236,0.0
11137,126.57812805440574,37.02294170291839,-122.5,22.5,criteria_met,31,9,5,1,0.0676377997257589,237,0.0
11138,126.578184243551,37.02294170291839,-117.5,22.5,criteria_met,33,15,7,2,0.05638222506189536,238,0.0
11139,126.57824043269625,37.02294170291839,-112.5,22.5,criteria_met,38,20,9,2,0.04796283814415278,239,0.0
11140,126.5782966218415,37.02294170291839,-107.5,22.5,criteria_met,39,24,10,2,0.04077393754072857,240,0.0
11141,126.57835281098676,37.02294170291839,-102.5,22.5,criteria_met,39,27,11,2,0.03821465354680306,240,0.0
11142,126.57840900013203,37.02294170291839,-97.5,22.5,criteria_met,40,32,14,2,0.035777899367278244,240,0.0
11143,126.57846518927728,37.02294170291839,-92.5,22.5,criteria_met,40,34,14,2,0.033471211081150844,240,0.0
11144,126.57852137842254,37.02294170291839,-87.5,22.5,criteria_met,42,37,15,2,0.03130635847135414,240,0.0
11145,126.57857756756779,37.02294170291839,-82.5,22.5,criteria_met,43,40,17,2,0.023151043922638732,241,0.0
11146,126.57863375671306,37.02294170291839,-77.5,22.5,criteria_met,45,44,19,2,0.02318759320054281,241,0.0
11147,126.57868994585832,37.02294170291839,-72.5,22.5,criteria_met,47,47,19,2,0.023299894233441358,241,0.0
11148,126.57874613500357,37.02294170291839,-67.5,22.5,criteria_met,53,52,20,2,0.02354216923026668,241,0.0
11149,126.57880232414882,37.02294170291839,-62.5,22.5,criteria_met,57,56,23,2,0.020030607958545946,213,0.0
11150,126.57885851329408,37.02294170291839,-57.5,22.5,criteria_met,61,59,24,3,0.017639864701154646,242,0.0
11151,126.57891470243935,37.02294170291839,-52.5,22.5,criteria_met,62,61,25,3,0.018792286219665225,87,0.0
11152,126.5789708915846,37.02294170291839,-47.5,22.5,criteria_met,60,58,24,3,0.018584802994467454,214,0.0
11153,126.57902708072986,37.02294170291839,-42.5,22.5,criteria_met,59,57,23,3,0.017443391130478915,86,0.0
11154,126.57908326987511,37.02294170291839,-37.5,22.5,criteria_met,57,55,22,3,0.018363140519110522,85,0.0
11155,126.57913945902038,37.02294170291839,-32.5,22.5,criteria_met,54,54,22,4,0.017835966201015588,276,0.0
11156,126.57919564816564,37.02294170291839,-27.5,22.5,criteria_met,57,57,24,4,0.0191463743278403,247,0.0
11157,126.57925183731089,37.02294170291839,-22.5,22.5,criteria_met,56,56,23,4,0.02087542751793871,83,0.0
11158,126.57930802645615,37.02294170291839,-17.5,22.5,criteria_met,53,53,23,4,0.019048986048065833,248,0.0
11159,126.5793642156014,37.02294170291839,-12.5,22.5,criteria_met,54,54,22,4,0.021544947361655374,248,0.0
11160,126.57942040474667,37.02294170291839,-7.5,22.5,criteria_met,52,52,22,4,0.018628388002178912,249,0.0
11161,126.57947659389193,37.02294170291839,-2.5,22.5,criteria_met,49,49,21,4,0.018006271801192526,251,0.0
11162,126.57953278303718,37.02294170291839,2.5,22.5,criteria_met,45,45,19,4,0.020671759004208236,251,0.0
11163,126.57958897218244,37.02294170291839,7.5,22.5,criteria_met,42,42,18,4,0.023649724615268087,251,0.0
11164,126.5796451613277,37.02294170291839,12.5,22.5,criteria_met,69,69,29,4,0.016595628979257517,4,0.0
11165,126.57970135047296,37.02294170291839,17.5,22.5,criteria_met,89,88,35,3,0.016557535249341216,61,0.0
11166,126.57975753961821,37.02294170291839,22.5,22.5,criteria_met,93,91,36,3,0.018135704637462276,63,0.0
11167,126.57981372876347,37.02294170291839,27.5,22.5,criteria_met,89,85,33,3,0.018556282692855287,64,0.0
11168,126.57986991790872,37.02294170291839,32.5,22.5,criteria_met,90,85,34,2,0.01976456577609834,66,0.0
11169,126.57992610705399,37.02294170291839,37.5,22.5,criteria_met,86,85,33,2,0.02254302665967869,66,0.0
11170,126.57998229619925,37.02294170291839,42.5,22.5,criteria_met,90,88,32,2,0.02300565546656533,67,0.0
11171,126.5800384853445,37.02294170291839,47.5,22.5,criteria_met,90,88,32,2,0.02320472293535333,68,0.0
11172,126.58009467448976,37.02294170291839,52.5,22.5,criteria_met,87,85,32,2,0.026224216899546196,68,0.0
11173,126.58015086363503,37.02294170291839,57.5,22.5,criteria_met,82,81,30,1,0.025628564603075048,69,0.0
11174,126.58020705278028,37.02294170291839,62.5,22.5,criteria_met,81,80,29,1,0.028872220142741187,69,0.0
11175,126.58026324192554,37.02294170291839,67.5,22.5,criteria_met,80,78,29,1,0.028518537622889462,70,0.0
11176,126.58031943107079,37.02294170291839,72.5,22.5,criteria_met,62,59,25,1,0.032108203921561426,70,0.0
11177,126.58037562021605,37.02294170291839,77.5,22.5,criteria_met,32,29,15,1,0.031002272596620833,71,0.0
11178,126.58043180936131,37.02294170291839,82.5,22.5,criteria_met,14,9,5,1,0.034810083785560386,71,0.0
11179,126.58048799850657,37.02294170291839,87.5,22.5,criteria_met,10,6,4,1,0.03801376201692856,72,0.0
11180,126.58054418765182,37.02294170291839,92.5,22.5,criteria_met,8,5,3,1,0.042988693605602375,72,0.0
11181,126.58060037679708,37.02294170291839,97.5,22.5,criteria_met,6,4,2,1,0.047904573595784435,71,0.0
11182,126.58065656594235,37.02294170291839,102.5,22.5,needs_revisit,5,3,1,1,0.05281898609263844,71,0.4
11183,126.5807127550876,37.02294170291839,107.5,22.5,needs_revisit,4,2,1,1,0.05800483241341439,71,0.4
11184,126.58076894423286,37.02294170291839,112.5,22.5,needs_revisit,2,1,1,1,0.06657897942198772,72,0.4
11185,126.58082513337811,37.02294170291839,117.5,22.5,needs_revisit,1,1,1,1,0.07339227255041766,72,0.4
11186,126.58088132252337,37.02294170291839,122.5,22.5,needs_revisit,1,1,1,1,0.08056917597896218,72,0.4
11187,126.58093751166864,37.02294170291839,127.5,22.5,needs_revisit,1,1,1,1,0.08810861343438732,72,0.4
11188,126.58099370081389,37.02294170291839,132.5,22.5,needs_revisit,1,1,1,1,0.09600966622337886,72,0.4
11189,126.58104988995915,37.02294170291839,137.5,22.5,poor_quality,1,0,0,0,0.10427155554512886,-1,0.8
11190,126.5811060791044,37.02294170291839,142.5,22.5,poor_quality,1,0,0,0,0.1128936229501018,-1,0.8
11191,126.58116226824966,37.02294170291839,147.5,22.5,poor_quality,1,0,0,0,0.12187531177320644,-1,0.8
11192,126.58121845739493,37.02294170291839,152.5,22.5,unobserved,0,0,0,0,,-1,1.0
11270,126.57750997380789,37.02298675686526,-177.5,27.5,unobserved,0,0,0,0,,-1,1.0
11271,126.57756616295315,37.02298675686526,-172.5,27.5,unobserved,0,0,0,0,,-1,1.0
11272,126.57762235209842,37.02298675686526,-167.5,27.5,poor_quality,1,0,0,0,0.16377791809017878,-1,0.8
11273,126.57767854124367,37.02298675686526,-162.5,27.5,poor_quality,2,0,0,0,0.15281010424210795,-1,0.8
11274,126.57773473038893,37.02298675686526,-157.5,27.5,poor_quality,4,0,0,0,0.1422608549160158,-1,0.8
11275,126.57779091953418,37.02298675686526,-152.5,27.5,poor_quality,10,0,0,0,0.13213054010903572,-1,0.8
11276,126.57784710867945,37.02298675686526,-147.5,27.5,poor_quality,11,0,0,0,0.12241953359079992,-1,0.8
11277,126.5779032978247,37.02298675686526,-142.5,27.5,poor_quality,12,0,0,0,0.11071089431767314,-1,0.8
11278,126.57795948696996,37.02298675686526,-137.5,27.5,needs_revisit,15,1,1,1,0.09941323087074817,235,0.4
11279,126.57801567611521,37.02298675686526,-132.5,27.5,criteria_met,22,3,2,1,0.08831164533774938,236,0.0
11280,126.57807186526047,37.02298675686526,-127.5,27.5,criteria_met,26,6,3,1,0.07621511498875644,237,0.0
11281,126.57812805440574,37.02298675686526,-122.5,27.5,criteria_met,32,9,4,2,0.06428494768974767,238,0.0
11282,126.578184243551,37.02298675686526,-117.5,27.5,criteria_met,35,15,8,2,0.05618153344596183,239,0.0
11283,126.57824043269625,37.02298675686526,-112.5,27.5,criteria_met,37,19,9,2,0.0485045225251262,240,0.0
11284,126.5782966218415,37.02298675686526,-107.5,27.5,criteria_met,39,22,9,2,0.04571801166398,240,0.0
11285,126.57835281098676,37.02298675686526,-102.5,27.5,criteria_met,38,26,11,2,0.04306005646007462,240,0.0
11286,126.57840900013203,37.02298675686526,-97.5,27.5,criteria_met,37,25,11,2,0.040538752832018514,240,0.0
11287,126.57846518927728,37.02298675686526,-92.5,27.5,criteria_met,41,34,14,2,0.03816559989870085,240,0.0
11288,126.57852137842254,37.02298675686526,-87.5,27.5,criteria_met,41,34,15,2,0.03595764050844043,240,0.0
11289,126.57857756756779,37.02298675686526,-82.5,27.5,criteria_met,44,38,17,2,0.02672868445524071,241,0.0
11290,126.57863375671306,37.02298675686526,-77.5,27.5,criteria_met,44,43,19,2,0.026829109194650654,241,0.0
11291,126.57868994585832,37.02298675686526,-72.5,27.5,criteria_met,50,50,20,2,0.02703199603277515,241,0.0
11292,126.57874613500357,37.02298675686526,-67.5,27.5,criteria_met,52,50,20,2,0.027388044921693024,241,0.0
11293,126.57880232414882,37.02298675686526,-62.5,27.5,criteria_met,56,55,22,2,0.024167043328879832,89,0.0
11294,126.57885851329408,37.02298675686526,-57.5,27.5,criteria_met,59,57,23,3,0.02058730755333349,88,0.0
11295,126.57891470243935,37.02298675686526,-52.5,27.5,criteria_met,58,57,23,3,0.02011724651220791,87,0.0
11296,126.5789708915846,37.02298675686526,-47.5,27.5,criteria_met,55,54,23,3,0.021612584474644106,86,0.0
11297,126.57902708072986,37.02298675686526,-42.5,27.5,criteria_met,52,50,20,3,0.022798934296945513,85,0.0
11298,126.57908326987511,37.02298675686526,-37.5,27.5,criteria_met,51,49,19,3,0.022035109870451285,275,0.0
11299,126.57913945902038,37.02298675686526,-32.5,27.5,criteria_met,49,48,22,3,0.024239492248146657,275,0.0
11300,126.57919564816564,37.02298675686526,-27.5,27.5,criteria_met,50,50,22,4,0.024326229288583866,246,0.0
11301,126.57925183731089,37.02298675686526,-22.5,27.5,criteria_met,48,48,20,4,0.0223250935481187,276,0.0
11302,126.57930802645615,37.02298675686526,-17.5,27.5,criteria_met,48,48,21,4,0.024391102106419704,276,0.0
11303,126.5793642156014,37.02298675686526,-12.5,27.5,criteria_met,49,49,20,4,0.02247641781966897,248,0.0
11304,126.57942040474667,37.02298675686526,-7.5,27.5,criteria_met,49,49,21,4,0.025272149320693396,248,0.0
11305,126.57947659389193,37.02298675686526,-2.5,27.5,criteria_met,46,46,20,4,0.02270693096595038,249,0.0
11306,126.57953278303718,37.02298675686526,2.5,27.5,criteria_met,38,38,17,4,0.025997890037245844,249,0.0
11307,126.57958897218244,37.02298675686526,7.5,27.5,criteria_met,39,39,17,4,0.024720248261167286,251,0.0
11308,126.5796451613277,37.02298675686526,12.5,27.5,criteria_met,34,34,17,3,0.028057181140680384,251,0.0
11309,126.57970135047296,37.02298675686526,17.5,27.5,criteria_met,30,30,15,3,0.03134187534838147,78,0.0
11310,126.57975753961821,37.02298675686526,22.5,27.5,criteria_met,51,50,24,3,0.022262127452406476,57,0.0
11311,126.57981372876347,37.02298675686526,27.5,27.5,criteria_met,54,54,23,2,0.023815512897808477,58,0.0
11312,126.57986991790872,37.02298675686526,32.5,27.5,criteria_met,64,64,25,2,0.025237326834634612,62,0.0
11313,126.57992610705399,37.02298675686526,37.5,27.5,criteria_met,76,76,29,2,0.026892618182413813,63,0.0
11314,126.57998229619925,37.02298675686526,42.5,27.5,criteria_met,78,76,28,2,0.0299475531483892,64,0.0
11315,126.5800384853445,37.02298675686526,47.5,27.5,criteria_met,83,81,30,2,0.029362090044022602,66,0.0
11316,126.58009467448976,37.02298675686526,52.5,27.5,criteria_met,83,82,31,2,0.03295712896107587,66,0.0
11317,126.58015086363503,37.02298675686526,57.5,27.5,criteria_met,80,79,30,2,0.03340079812571968,67,0.0
11318,126.58020705278028,37.02298675686526,62.5,27.5,criteria_met,78,77,29,1,0.03726638976685924,67,0.0
11319,126.58026324192554,37.02298675686526,67.5,27.5,criteria_met,76,75,27,1,0.03714999128919848,68,0.0
11320,126.58031943107079,37.02298675686526,72.5,27.5,criteria_met,63,60,24,1,0.041166536821724845,68,0.0
11321,126.58037562021605,37.02298675686526,77.5,27.5,criteria_met,31,28,13,1,0.040468340843643744,69,0.0
11322,126.58043180936131,37.02298675686526,82.5,27.5,criteria_met,13,8,5,1,0.04051635947756615,70,0.0
11323,126.58048799850657,37.02298675686526,87.5,27.5,criteria_met,8,4,3,1,0.04490475317529164,70,0.0
11324,126.58054418765182,37.02298675686526,92.5,27.5,criteria_met,7,4,2,1,0.04362799078180006,71,0.0
11325,126.58060037679708,37.02298675686526,97.5,27.5,criteria_met,6,4,2,1,0.048239591297328355,71,0.0
11326,126.58065656594235,37.02298675686526,102.5,27.5,needs_revisit,5,3,1,1,0.05312317753043705,71,0.4
11327,126.5807127550876,37.02298675686526,107.5,27.5,needs_revisit,4,2,1,1,0.058277511892334995,71,0.4
11328,126.58076894423286,37.02298675686526,112.5,27.5,needs_revisit,3,2,1,1,0.06370141148955942,71,0.4
11329,126.58082513337811,37.02298675686526,117.5,27.5,needs_revisit,1,1,1,1,0.07373525767307583,72,0.4
11330,126.58088132252337,37.02298675686526,122.5,27.5,needs_revisit,1,1,1,1,0.08087362851054188,72,0.4
11331,126.58093751166864,37.02298675686526,127.5,27.5,needs_revisit,1,1,1,1,0.08837399658544931,72,0.4
11332,126.58099370081389,37.02298675686526,132.5,27.5,needs_revisit,1,1,1,1,0.09623568430851132,72,0.4
11333,126.58104988995915,37.02298675686526,137.5,27.5,poor_quality,1,0,0,0,0.10445807497444182,-1,0.8
11334,126.5811060791044,37.02298675686526,142.5,27.5,poor_quality,1,0,0,0,0.11304061793887693,-1,0.8
11335,126.58116226824966,37.02298675686526,147.5,27.5,poor_quality,1,0,0,0,0.12198282708491351,-1,0.8
11336,126.58121845739493,37.02298675686526,152.5,27.5,unobserved,0,0,0,0,,-1,1.0
11414,126.57750997380789,37.023031810812135,-177.5,32.5,unobserved,0,0,0,0,,-1,1.0
11415,126.57756616295315,37.023031810812135,-172.5,32.5,unobserved,0,0,0,0,,-1,1.0
11416,126.57762235209842,37.023031810812135,-167.5,32.5,unobserved,0,0,0,0,,-1,1.0
11417,126.57767854124367,37.023031810812135,-162.5,32.5,poor_quality,2,0,0,0,0.15573057663153383,-1,0.8
11418,126.57773473038893,37.023031810812135,-157.5,32.5,poor_quality,3,0,0,0,0.14515894454729264,-1,0.8
11419,126.57779091953418,37.023031810812135,-152.5,32.5,poor_quality,7,0,0,0,0.13500527456123648,-1,0.8
11420,126.57784710867945,37.023031810812135,-147.5,32.5,poor_quality,12,0,0,0,0.1218301840295568,-1,0.8
11421,126.5779032978247,37.023031810812135,-142.5,32.5,poor_quality,12,0,0,0,0.11595203351545955,-1,0.8
11422,126.57795948696996,37.023031810812135,-137.5,32.5,needs_revisit,14,1,1,1,0.09796669735666164,236,0.4
11423,126.57801567611521,37.023031810812135,-132.5,32.5,criteria_met,17,2,2,1,0.09454817642855033,236,0.0
11424,126.57807186526047,37.023031810812135,-127.5,32.5,criteria_met,26,4,2,2,0.08214646701568074,237,0.0
11425,126.57812805440574,37.023031810812135,-122.5,32.5,criteria_met,32,8,3,2,0.06509369971719033,239,0.0
11426,126.578184243551,37.023031810812135,-117.5,32.5,criteria_met,36,14,7,2,0.056964219057946734,240,0.0
11427,126.57824043269625,37.023031810812135,-112.5,32.5,criteria_met,37,18,8,2,0.05395080388448604,240,0.0
11428,126.5782966218415,37.023031810812135,-107.5,32.5,criteria_met,38,20,9,2,0.05107046225267909,240,0.0
11429,126.57835281098676,37.023031810812135,-102.5,32.5,criteria_met,35,21,9,2,0.04833120705538184,240,0.0
11430,126.57840900013203,37.023031810812135,-97.5,32.5,criteria_met,36,22,9,2,0.045743676735432275,240,0.0
11431,126.57846518927728,37.023031810812135,-92.5,32.5,criteria_met,40,29,12,2,0.04332234845132029,240,0.0
11432,126.57852137842254,37.023031810812135,-87.5,32.5,criteria_met,41,33,13,2,0.04108724877136987,240,0.0
11433,126.57857756756779,37.023031810812135,-82.5,32.5,criteria_met,43,36,15,2,0.030649786968935038,241,0.0
11434,126.57863375671306,37.023031810812135,-77.5,32.5,criteria_met,46,41,17,2,0.030822083149046657,241,0.0
11435,126.57868994585832,37.023031810812135,-72.5,32.5,criteria_met,50,46,19,2,0.03111531598811787,241,0.0
11436,126.57874613500357,37.023031810812135,-67.5,32.5,criteria_met,47,46,21,2,0.029519960484403536,89,0.0
11437,126.57880232414882,37.023031810812135,-62.5,32.5,criteria_met,49,48,22,2,0.02587936107264769,88,0.0
11438,126.57885851329408,37.023031810812135,-57.5,32.5,criteria_met,52,50,21,3,0.027837641929512696,213,0.0
11439,126.57891470243935,37.023031810812135,-52.5,32.5,criteria_met,50,49,22,3,0.026395106456839502,86,0.0
11440,126.5789708915846,37.023031810812135,-47.5,32.5,criteria_met,49,48,21,3,0.02656548563377797,242,0.0
11441,126.57902708072986,37.023031810812135,-42.5,32.5,criteria_met,46,44,20,3,0.02979458498182525,242,0.0
11442,126.57908326987511,37.023031810812135,-37.5,32.5,criteria_met,44,42,18,3,0.024452454787438495,275,0.0
11443,126.57913945902038,37.023031810812135,-32.5,32.5,criteria_met,47,46,19,3,0.02679382876983943,275,0.0
11444,126.57919564816564,37.023031810812135,-27.5,32.5,criteria_met,45,45,19,3,0.02937168914223555,275,0.0
11445,126.57925183731089,37.023031810812135,-22.5,32.5,criteria_met,43,43,19,4,0.03222066844640186,275,0.0
11446,126.57930802645615,37.023031810812135,-17.5,32.5,criteria_met,41,41,18,4,0.030892046137176093,246,0.0
11447,126.5793642156014,37.023031810812135,-12.5,32.5,criteria_met,42,42,18,4,0.027582767851406963,276,0.0
11448,126.57942040474667,37.023031810812135,-7.5,32.5,criteria_met,41,41,18,4,0.029979075140138794,276,0.0
11449,126.57947659389193,37.023031810812135,-2.5,32.5,criteria_met,40,40,17,4,0.029358059009196146,248,0.0
11450,126.57953278303718,37.023031810812135,2.5,32.5,criteria_met,35,35,17,4,0.03269162613342495,248,0.0
11451,126.57958897218244,37.023031810812135,7.5,32.5,criteria_met,35,35,16,3,0.031010650255914443,249,0.0
11452,126.5796451613277,37.023031810812135,12.5,32.5,criteria_met,30,30,13,3,0.030710898682346287,250,0.0
11453,126.57970135047296,37.023031810812135,17.5,32.5,criteria_met,26,26,12,3,0.03286180962274794,78,0.0
11454,126.57975753961821,37.023031810812135,22.5,32.5,criteria_met,22,22,12,2,0.035691510441747856,116,0.0
11455,126.57981372876347,37.023031810812135,27.5,32.5,criteria_met,19,19,11,2,0.04119041551262926,251,0.0
11456,126.57986991790872,37.023031810812135,32.5,32.5,criteria_met,21,21,11,2,0.030882525207915578,50,0.0
11457,126.57992610705399,37.023031810812135,37.5,32.5,criteria_met,45,45,18,2,0.03185118976929359,57,0.0
11458,126.57998229619925,37.023031810812135,42.5,32.5,criteria_met,45,45,18,2,0.0341120063288029,60,0.0
11459,126.5800384853445,37.023031810812135,47.5,32.5,criteria_met,57,55,21,2,0.03570231484962192,62,0.0
11460,126.58009467448976,37.023031810812135,52.5,32.5,criteria_met,67,66,24,2,0.03794223095009762,63,0.0
11461,126.58015086363503,37.023031810812135,57.5,32.5,criteria_met,74,73,27,2,0.04194658012556837,63,0.0
11462,126.58020705278028,37.023031810812135,62.5,32.5,criteria_met,75,75,28,2,0.04136101335779933,66,0.0
11463,126.58026324192554,37.023031810812135,67.5,32.5,criteria_met,71,70,26,1,0.04573027885137492,66,0.0
11464,126.58031943107079,37.023031810812135,72.5,32.5,criteria_met,63,60,24,1,0.04608946265706931,67,0.0
11465,126.58037562021605,37.023031810812135,77.5,32.5,criteria_met,34,30,14,1,0.05070366699439984,67,0.0
11466,126.58043180936131,37.023031810812135,82.5,32.5,criteria_met,12,7,5,1,0.050237164436072554,68,0.0
11467,126.58048799850657,37.023031810812135,87.5,32.5,criteria_met,6,2,2,1,0.08319558455831647,64,0.0
11468,126.58054418765182,37.023031810812135,92.5,32.5,criteria_met,5,2,2,1,0.054240841486901364,69,0.0
11469,126.58060037679708,37.023031810812135,97.5,32.5,criteria_met,4,2,2,1,0.054883889850005745,70,0.0
11470,126.58065656594235,37.023031810812135,102.5,32.5,needs_revisit,3,1,1,1,0.060048274297659875,70,0.4
11471,126.5807127550876,37.023031810812135,107.5,32.5,poor_quality,2,0,0,0,0.11617253212379014,-1,0.8
11472,126.58076894423286,37.023031810812135,112.5,32.5,needs_revisit,3,2,1,1,0.06403786493172894,71,0.4
11473,126.58082513337811,37.023031810812135,117.5,32.5,needs_revisit,1,1,1,1,0.07419433286504708,72,0.4
11474,126.58088132252337,37.023031810812135,122.5,32.5,needs_revisit,1,1,1,1,0.0812999851902717,72,0.4
11475,126.58093751166864,37.023031810812135,127.5,32.5,needs_revisit,1,1,1,1,0.08876626240107444,72,0.4
11476,126.58099370081389,37.023031810812135,132.5,32.5,needs_revisit,1,1,1,1,0.09659286319312309,72,0.4
11477,126.58104988995915,37.023031810812135,137.5,32.5,poor_quality,1,0,0,0,0.10477944777016877,-1,0.8
11478,126.5811060791044,37.023031810812135,142.5,32.5,poor_quality,1,0,0,0,0.1133256692270142,-1,0.8
11479,126.58116226824966,37.023031810812135,147.5,32.5,poor_quality,1,0,0,0,0.1222311914313603,-1,0.8
11480,126.58121845739493,37.023031810812135,152.5,32.5,unobserved,0,0,0,0,,-1,1.0
11558,126.57750997380789,37.023076864759005,-177.5,37.5,unobserved,0,0,0,0,,-1,1.0
11559,126.57756616295315,37.023076864759005,-172.5,37.5,unobserved,0,0,0,0,,-1,1.0
11560,126.57762235209842,37.023076864759005,-167.5,37.5,unobserved,0,0,0,0,,-1,1.0
11561,126.57767854124367,37.023076864759005,-162.5,37.5,poor_quality,1,0,0,0,0.15883507792808757,-1,0.8
11562,126.57773473038893,37.023076864759005,-157.5,37.5,poor_quality,2,0,0,0,0.14823748625873556,-1,0.8
11563,126.57779091953418,37.023076864759005,-152.5,37.5,poor_quality,7,0,0,0,0.13805639101282718,-1,0.8
11564,126.57784710867945,37.023076864759005,-147.5,37.5,poor_quality,8,0,0,0,0.12829151235484398,-1,0.8
11565,126.5779032978247,37.023076864759005,-142.5,37.5,poor_quality,13,0,0,0,0.10813159072498349,-1,0.8
11566,126.57795948696996,37.023076864759005,-137.5,37.5,poor_quality,13,0,0,0,0.10453895335485126,-1,0.8
11567,126.57801567611521,37.023076864759005,-132.5,37.5,needs_revisit,15,1,1,1,0.09160295362118451,237,0.4
11568,126.57807186526047,37.023076864759005,-127.5,37.5,criteria_met,25,4,2,2,0.0785444571498009,238,0.0
11569,126.57812805440574,37.023076864759005,-122.5,37.5,criteria_met,29,8,3,2,0.06614867755635008,240,0.0
11570,126.578184243551,37.023076864759005,-117.5,37.5,criteria_met,34,12,6,2,0.06290786874270111,240,0.0
11571,126.57824043269625,37.023076864759005,-112.5,37.5,criteria_met,33,15,7,2,0.059803512357668495,240,0.0
11572,126.5782966218415,37.023076864759005,-107.5,37.5,criteria_met,30,15,6,2,0.05684327492667611,240,0.0
11573,126.57835281098676,37.023076864759005,-102.5,37.5,criteria_met,33,18,8,2,0.05403684774260829,240,0.0
11574,126.57840900013203,37.023076864759005,-97.5,37.5,criteria_met,34,19,8,2,0.05139666494720238,240,0.0
11575,126.57846518927728,37.023076864759005,-92.5,37.5,criteria_met,34,20,9,2,0.0489388202701219,240,0.0
11576,126.57852137842254,37.023076864759005,-87.5,37.5,criteria_met,40,31,14,2,0.03476334916781731,241,0.0
11577,126.57857756756779,37.023076864759005,-82.5,37.5,criteria_met,42,35,16,2,0.03490950002140575,241,0.0
11578,126.57863375671306,37.023076864759005,-77.5,37.5,criteria_met,44,38,18,2,0.03515630596305709,241,0.0
11579,126.57868994585832,37.023076864759005,-72.5,37.5,criteria_met,43,39,18,2,0.035500992722088606,89,0.0
11580,126.57874613500357,37.023076864759005,-67.5,37.5,criteria_met,43,38,18,2,0.035280341569737354,87,0.0
11581,126.57880232414882,37.023076864759005,-62.5,37.5,criteria_met,44,42,19,2,0.035581743906066284,274,0.0
11582,126.57885851329408,37.023076864759005,-57.5,37.5,criteria_met,46,44,19,3,0.03161409385056654,213,0.0
11583,126.57891470243935,37.023076864759005,-52.5,37.5,criteria_met,44,43,20,3,0.03325127924037229,213,0.0
11584,126.5789708915846,37.023076864759005,-47.5,37.5,criteria_met,43,42,20,3,0.0350724043978703,213,0.0
11585,126.57902708072986,37.023076864759005,-42.5,37.5,criteria_met,41,40,18,3,0.03194173597955095,242,0.0
11586,126.57908326987511,37.023076864759005,-37.5,37.5,criteria_met,40,38,16,3,0.035570284614975085,242,0.0
11587,126.57913945902038,37.023076864759005,-32.5,37.5,criteria_met,46,45,18,3,0.029495051198390635,275,0.0
11588,126.57919564816564,37.023076864759005,-27.5,37.5,criteria_met,43,43,19,3,0.032192907411916424,275,0.0
11589,126.57925183731089,37.023076864759005,-22.5,37.5,criteria_met,39,39,18,3,0.03514474460882709,275,0.0
11590,126.57930802645615,37.023076864759005,-17.5,37.5,criteria_met,37,36,16,4,0.03837277764761005,275,0.0
11591,126.5793642156014,37.023076864759005,-12.5,37.5,criteria_met,34,33,14,4,0.04189070295152754,275,0.0
11592,126.57942040474667,37.023076864759005,-7.5,37.5,criteria_met,35,35,16,4,0.04203547058721145,80,0.0
11593,126.57947659389193,37.023076864759005,-2.5,37.5,criteria_met,34,34,16,4,0.03355161268213932,276,0.0
11594,126.57953278303718,37.023076864759005,2.5,37.5,criteria_met,32,32,16,3,0.03991187138625905,247,0.0
11595,126.57958897218244,37.023076864759005,7.5,37.5,criteria_met,29,29,13,3,0.037395065879276684,248,0.0
11596,126.5796451613277,37.023076864759005,12.5,37.5,criteria_met,25,25,12,3,0.04124666223241856,248,0.0
11597,126.57970135047296,37.023076864759005,17.5,37.5,criteria_met,19,19,10,2,0.04094001745208907,249,0.0
11598,126.57975753961821,37.023076864759005,22.5,37.5,criteria_met,20,20,11,2,0.0381668134902134,251,0.0
11599,126.57981372876347,37.023076864759005,27.5,37.5,criteria_met,16,16,9,2,0.042484261904806704,251,0.0
11600,126.57986991790872,37.023076864759005,32.5,37.5,criteria_met,12,11,6,2,0.04710700517082704,251,0.0
11601,126.57992610705399,37.023076864759005,37.5,37.5,criteria_met,12,12,5,2,0.05203597891517738,251,0.0
11602,126.57998229619925,37.023076864759005,42.5,37.5,criteria_met,11,11,5,2,0.05543018774817153,115,0.0
11603,126.5800384853445,37.023076864759005,47.5,37.5,criteria_met,26,26,13,2,0.043388603447251595,0,0.0
11604,126.58009467448976,37.023076864759005,52.5,37.5,criteria_met,42,41,15,2,0.043523319354998195,57,0.0
11605,126.58015086363503,37.023076864759005,57.5,37.5,criteria_met,44,44,16,2,0.0476780670113796,61,0.0
11606,126.58020705278028,37.023076864759005,62.5,37.5,criteria_met,53,53,21,2,0.04827584402561824,62,0.0
11607,126.58026324192554,37.023076864759005,67.5,37.5,criteria_met,57,55,20,2,0.051160172947624455,63,0.0
11608,126.58031943107079,37.023076864759005,72.5,37.5,criteria_met,59,57,23,1,0.06318847879540945,64,0.0
11609,126.58037562021605,37.023076864759005,77.5,37.5,criteria_met,33,29,13,1,0.05566107685527422,66,0.0
11610,126.58043180936131,37.023076864759005,82.5,37.5,criteria_met,11,7,4,1,0.06078370810701651,66,0.0
11611,126.58048799850657,37.023076864759005,87.5,37.5,criteria_met,6,2,2,1,0.08396875038599233,64,0.0
11612,126.58054418765182,37.023076864759005,92.5,37.5,needs_revisit,4,1,1,1,0.09163489908561663,64,0.4
11613,126.58060037679708,37.023076864759005,97.5,37.5,needs_revisit,2,1,1,1,0.09966976474789174,64,0.4
11614,126.58065656594235,37.023076864759005,102.5,37.5,poor_quality,2,0,0,0,0.10807277333830764,-1,0.8
11615,126.5807127550876,37.023076864759005,107.5,37.5,poor_quality,1,0,0,0,0.11684339412722777,-1,0.8
11616,126.58076894423286,37.023076864759005,112.5,37.5,poor_quality,1,0,0,0,0.12598114657585863,-1,0.8
11617,126.58082513337811,37.023076864759005,117.5,37.5,unobserved,0,0,0,0,,-1,1.0
11618,126.58088132252337,37.023076864759005,122.5,37.5,unobserved,0,0,0,0,,-1,1.0
11619,126.58093751166864,37.023076864759005,127.5,37.5,needs_revisit,1,1,1,1,0.08927207990657302,72,0.4
11620,126.58099370081389,37.023076864759005,132.5,37.5,needs_revisit,1,1,1,1,0.09706860999752727,72,0.4
11621,126.58104988995915,37.023076864759005,137.5,37.5,poor_quality,1,0,0,0,0.1052237931004065,-1,0.8
11622,126.5811060791044,37.023076864759005,142.5,37.5,poor_quality,1,0,0,0,0.11373757155387126,-1,0.8
11623,126.58116226824966,37.023076864759005,147.5,37.5,poor_quality,1,0,0,0,0.12260983352793724,-1,0.8
11624,126.58121845739493,37.023076864759005,152.5,37.5,poor_quality,1,0,0,0,0.13184043744255136,-1,0.8
11702,126.57750997380789,37.023121918705876,-177.5,42.5,unobserved,0,0,0,0,,-1,1.0
11703,126.57756616295315,37.023121918705876,-172.5,42.5,unobserved,0,0,0,0,,-1,1.0
11704,126.57762235209842,37.023121918705876,-167.5,42.5,unobserved,0,0,0,0,,-1,1.0
11705,126.57767854124367,37.023121918705876,-162.5,42.5,unobserved,0,0,0,0,,-1,1.0
11706,126.57773473038893,37.023121918705876,-157.5,42.5,poor_quality,2,0,0,0,0.15148843378092114,-1,0.8
11707,126.57779091953418,37.023121918705876,-152.5,42.5,poor_quality,3,0,0,0,0.14127544046387255,-1,0.8
11708,126.57784710867945,37.023121918705876,-147.5,42.5,poor_quality,8,0,0,0,0.1314763108419132,-1,0.8
11709,126.5779032978247,37.023121918705876,-142.5,42.5,poor_quality,10,0,0,0,0.11503874335023964,-1,0.8
11710,126.57795948696996,37.023121918705876,-137.5,42.5,poor_quality,13,0,0,0,0.10158447427330675,-1,0.8
11711,126.57801567611521,37.023121918705876,-132.5,42.5,needs_revisit,14,2,1,1,0.08788585927163066,238,0.4
11712,126.57807186526047,37.023121918705876,-127.5,42.5,criteria_met,20,5,3,2,0.07605501676194713,240,0.0
11713,126.57812805440574,37.023121918705876,-122.5,42.5,criteria_met,25,6,3,2,0.0725860381713981,240,0.0
11714,126.578184243551,37.023121918705876,-117.5,42.5,criteria_met,30,9,4,2,0.06925606538744035,240,0.0
11715,126.57824043269625,37.023121918705876,-112.5,42.5,criteria_met,29,10,5,2,0.06607233063488183,240,0.0
11716,126.5782966218415,37.023121918705876,-107.5,42.5,criteria_met,28,11,6,2,0.06304364764787253,240,0.0
11717,126.57835281098676,37.023121918705876,-102.5,42.5,criteria_met,28,14,7,2,0.06018085525578863,240,0.0
11718,126.57840900013203,37.023121918705876,-97.5,42.5,criteria_met,31,16,8,2,0.057497343414563695,240,0.0
11719,126.57846518927728,37.023121918705876,-92.5,42.5,criteria_met,33,19,9,2,0.05500960006889465,240,0.0
11720,126.57852137842254,37.023121918705876,-87.5,42.5,criteria_met,36,23,10,2,0.039293548638207346,241,0.0
11721,126.57857756756779,37.023121918705876,-82.5,42.5,criteria_met,40,31,13,2,0.039502822157262966,241,0.0
11722,126.57863375671306,37.023121918705876,-77.5,42.5,criteria_met,42,34,16,2,0.03982409272465456,241,0.0
11723,126.57868994585832,37.023121918705876,-72.5,42.5,criteria_met,38,33,14,2,0.04028648756945096,241,0.0
11724,126.57874613500357,37.023121918705876,-67.5,42.5,criteria_met,39,32,15,2,0.04092137994992472,241,0.0
11725,126.57880232414882,37.023121918705876,-62.5,42.5,criteria_met,42,36,16,2,0.04025267263407998,274,0.0
11726,126.57885851329408,37.023121918705876,-57.5,42.5,criteria_met,44,38,17,3,0.035666095834789836,213,0.0
11727,126.57891470243935,37.023121918705876,-52.5,42.5,criteria_met,42,36,17,3,0.037436101139563,213,0.0
11728,126.5789708915846,37.023121918705876,-47.5,42.5,criteria_met,40,35,17,3,0.03938869201264988,213,0.0
11729,126.57902708072986,37.023121918705876,-42.5,42.5,criteria_met,36,31,13,3,0.041558312666048314,213,0.0
11730,126.57908326987511,37.023121918705876,-37.5,42.5,criteria_met,38,34,14,3,0.03790773616266188,242,0.0
11731,126.57913945902038,37.023121918705876,-32.5,42.5,criteria_met,39,35,14,3,0.041928254015654136,242,0.0
11732,126.57919564816564,37.023121918705876,-27.5,42.5,criteria_met,41,39,17,3,0.035160646606395056,275,0.0
11733,126.57925183731089,37.023121918705876,-22.5,42.5,criteria_met,38,37,17,3,0.0382186524347189,275,0.0
11734,126.57930802645615,37.023121918705876,-17.5,42.5,criteria_met,33,33,16,3,0.04153811966487761,275,0.0
11735,126.5793642156014,37.023121918705876,-12.5,42.5,criteria_met,31,31,14,4,0.0451336385218708,275,0.0
11736,126.57942040474667,37.023121918705876,-7.5,42.5,criteria_met,32,32,15,4,0.04887041955828933,273,0.0
11737,126.57947659389193,37.023121918705876,-2.5,42.5,criteria_met,30,28,12,3,0.05000649675116986,273,0.0
11738,126.57953278303718,37.023121918705876,2.5,42.5,criteria_met,29,28,12,3,0.04820096886160472,78,0.0
11739,126.57958897218244,37.023121918705876,7.5,42.5,criteria_met,23,22,11,3,0.050280924085468026,116,0.0
11740,126.5796451613277,37.023121918705876,12.5,42.5,criteria_met,20,19,8,2,0.0485809688973801,116,0.0
11741,126.57970135047296,37.023121918705876,17.5,42.5,criteria_met,18,17,8,2,0.04654880711457922,248,0.0
11742,126.57975753961821,37.023121918705876,22.5,42.5,criteria_met,15,14,7,2,0.045764205469973604,116,0.0
11743,126.57981372876347,37.023121918705876,27.5,42.5,criteria_met,13,13,6,2,0.04816778641971691,250,0.0
11744,126.57986991790872,37.023121918705876,32.5,42.5,criteria_met,10,10,5,2,0.048499159091677894,251,0.0
11745,126.57992610705399,37.023121918705876,37.5,42.5,criteria_met,8,8,4,2,0.05344046033288366,251,0.0
11746,126.57998229619925,37.023121918705876,42.5,42.5,criteria_met,8,8,3,2,0.05868337007588291,251,0.0
11747,126.5800384853445,37.023121918705876,47.5,42.5,criteria_met,9,9,4,2,0.063173231506049,115,0.0
11748,126.58009467448976,37.023121918705876,52.5,42.5,criteria_met,9,9,4,2,0.06512243557976737,115,0.0
11749,126.58015086363503,37.023121918705876,57.5,42.5,criteria_met,13,13,7,2,0.054712231238484045,50,0.0
11750,126.58020705278028,37.023121918705876,62.5,42.5,criteria_met,33,33,14,2,0.05854740835203719,46,0.0
11751,126.58026324192554,37.023121918705876,67.5,42.5,criteria_met,40,38,14,2,0.059330940737945974,60,0.0
11752,126.58031943107079,37.023121918705876,72.5,42.5,criteria_met,39,37,15,2,0.0641338641277978,64,0.0
11753,126.58037562021605,37.023121918705876,77.5,42.5,criteria_met,20,16,9,1,0.07010577921644233,61,0.0
11754,126.58043180936131,37.023121918705876,82.5,42.5,criteria_met,10,7,5,1,0.07758915562922729,64,0.0
11755,126.58048799850657,37.023121918705876,87.5,42.5,criteria_met,5,2,2,1,0.08486802680540462,64,0.0
11756,126.58054418765182,37.023121918705876,92.5,42.5,needs_revisit,4,1,1,1,0.09251447143139037,64,0.4
11757,126.58060037679708,37.023121918705876,97.5,42.5,poor_quality,2,0,0,0,0.10052833351053983,-1,0.8
11758,126.58065656594235,37.023121918705876,102.5,42.5,poor_quality,1,0,0,0,0.1089093719308785,-1,0.8
11759,126.5807127550876,37.023121918705876,107.5,42.5,poor_quality,1,0,0,0,0.11765730554107237,-1,0.8
11760,126.58076894423286,37.023121918705876,112.5,42.5,poor_quality,1,0,0,0,0.12677184092334418,-1,0.8
11761,126.58082513337811,37.023121918705876,117.5,42.5,unobserved,0,0,0,0,,-1,1.0
11762,126.58088132252337,37.023121918705876,122.5,42.5,unobserved,0,0,0,0,,-1,1.0
11763,126.58093751166864,37.023121918705876,127.5,42.5,unobserved,0,0,0,0,,-1,1.0
11764,126.58099370081389,37.023121918705876,132.5,42.5,unobserved,0,0,0,0,,-1,1.0
11765,126.58104988995915,37.023121918705876,137.5,42.5,poor_quality,1,0,0,0,0.10577951235421484,-1,0.8
11766,126.5811060791044,37.023121918705876,142.5,42.5,poor_quality,1,0,0,0,0.11426528685513417,-1,0.8
11767,126.58116226824966,37.023121918705876,147.5,42.5,poor_quality,1,0,0,0,0.12310825846217598,-1,0.8
11768,126.58121845739493,37.023121918705876,152.5,42.5,poor_quality,1,0,0,0,0.13230851744255842,-1,0.8
11846,126.57750997380789,37.02316697265275,-177.5,47.5,unobserved,0,0,0,0,,-1,1.0
11847,126.57756616295315,37.02316697265275,-172.5,47.5,unobserved,0,0,0,0,,-1,1.0
11848,126.57762235209842,37.02316697265275,-167.5,47.5,unobserved,0,0,0,0,,-1,1.0
11849,126.57767854124367,37.02316697265275,-162.5,47.5,unobserved,0,0,0,0,,-1,1.0
11850,126.57773473038893,37.02316697265275,-157.5,47.5,unobserved,0,0,0,0,,-1,1.0
11851,126.57779091953418,37.02316697265275,-152.5,47.5,poor_quality,2,0,0,0,0.14465434623401333,-1,0.8
11852,126.57784710867945,37.02316697265275,-147.5,47.5,poor_quality,7,0,0,0,0.13481571336618595,-1,0.8
11853,126.5779032978247,37.02316697265275,-142.5,47.5,poor_quality,9,0,0,0,0.11209086059046447,-1,0.8
11854,126.57795948696996,37.02316697265275,-137.5,47.5,needs_revisit,11,1,1,1,0.0977635455285661,238,0.4
11855,126.57801567611521,37.02316697265275,-132.5,47.5,needs_revisit,15,3,1,1,0.0866812852065811,240,0.4
11856,126.57807186526047,37.02316697265275,-127.5,47.5,criteria_met,16,4,2,2,0.08298329860356836,240,0.0
11857,126.57812805440574,37.02316697265275,-122.5,47.5,criteria_met,21,4,2,2,0.07942627491554036,240,0.0
11858,126.578184243551,37.02316697265275,-117.5,47.5,criteria_met,22,6,4,2,0.07601700121343691,240,0.0
11859,126.57824043269625,37.02316697265275,-112.5,47.5,criteria_met,25,8,5,2,0.07276352059889446,240,0.0
11860,126.5782966218415,37.02316697265275,-107.5,47.5,criteria_met,27,11,6,2,0.06967541687780988,240,0.0
11861,126.57835281098676,37.02316697265275,-102.5,47.5,criteria_met,27,13,6,2,0.0667641331922938,240,0.0
11862,126.57840900013203,37.02316697265275,-97.5,47.5,criteria_met,30,16,7,2,0.06404328496151994,240,0.0
11863,126.57846518927728,37.02316697265275,-92.5,47.5,criteria_met,31,18,9,2,0.06122976577104341,89,0.0
11864,126.57852137842254,37.02316697265275,-87.5,47.5,criteria_met,35,22,10,2,0.04415138684502436,241,0.0
11865,126.57857756756779,37.02316697265275,-82.5,47.5,criteria_met,39,28,12,2,0.04442543850197748,241,0.0
11866,126.57863375671306,37.02316697265275,-77.5,47.5,criteria_met,35,26,11,2,0.0448199410886677,241,0.0
11867,126.57868994585832,37.02316697265275,-72.5,47.5,criteria_met,35,26,12,2,0.04536077513253171,241,0.0
11868,126.57874613500357,37.02316697265275,-67.5,47.5,criteria_met,36,28,13,2,0.0450604795476991,274,0.0
11869,126.57880232414882,37.02316697265275,-62.5,47.5,criteria_met,40,31,14,2,0.04526003740692253,274,0.0
11870,126.57885851329408,37.02316697265275,-57.5,47.5,criteria_met,36,28,14,3,0.045571657268655565,274,0.0
11871,126.57891470243935,37.02316697265275,-52.5,47.5,criteria_met,36,30,14,3,0.04188950571509856,213,0.0
11872,126.5789708915846,37.02316697265275,-47.5,47.5,criteria_met,32,27,12,3,0.04396943204625247,213,0.0
11873,126.57902708072986,37.02316697265275,-42.5,47.5,criteria_met,32,28,11,3,0.04625991467904964,213,0.0
11874,126.57908326987511,37.02316697265275,-37.5,47.5,criteria_met,34,29,12,3,0.04845322104764254,274,0.0
11875,126.57913945902038,37.02316697265275,-32.5,47.5,criteria_met,35,30,11,3,0.04445348773319424,242,0.0
11876,126.57919564816564,37.02316697265275,-27.5,47.5,criteria_met,35,31,13,3,0.048859849229521,242,0.0
11877,126.57925183731089,37.02316697265275,-22.5,47.5,criteria_met,34,32,13,3,0.04144186861423085,275,0.0
11878,126.57930802645615,37.02316697265275,-17.5,47.5,criteria_met,30,28,12,3,0.044857765606825854,275,0.0
11879,126.5793642156014,37.02316697265275,-12.5,47.5,criteria_met,29,27,12,3,0.0485377838650919,275,0.0
11880,126.57942040474667,37.02316697265275,-7.5,47.5,criteria_met,29,27,11,3,0.05249199757553014,275,0.0
11881,126.57947659389193,37.02316697265275,-2.5,47.5,criteria_met,28,26,11,3,0.054677589629808655,78,0.0
11882,126.57953278303718,37.02316697265275,2.5,47.5,criteria_met,23,22,10,3,0.057206597909250936,273,0.0
11883,126.57958897218244,37.02316697265275,7.5,47.5,criteria_met,22,21,9,3,0.05617853017135945,116,0.0
11884,126.5796451613277,37.02316697265275,12.5,47.5,criteria_met,19,18,7,2,0.05436504193493999,116,0.0
11885,126.57970135047296,37.02316697265275,17.5,47.5,criteria_met,16,15,7,2,0.052754382539157624,116,0.0
11886,126.57975753961821,37.02316697265275,22.5,47.5,criteria_met,11,11,6,2,0.051318663082109243,116,0.0
11887,126.57981372876347,37.02316697265275,27.5,47.5,criteria_met,9,9,5,2,0.056797867688202684,248,0.0
11888,126.57986991790872,37.02316697265275,32.5,47.5,criteria_met,9,9,5,2,0.05970835464892789,249,0.0
11889,126.57992610705399,37.02316697265275,37.5,47.5,criteria_met,7,7,4,2,0.06155676450644931,250,0.0
11890,126.57998229619925,37.02316697265275,42.5,47.5,criteria_met,7,7,3,2,0.060191235571552634,251,0.0
11891,126.5800384853445,37.02316697265275,47.5,47.5,criteria_met,8,8,3,2,0.06574760482785084,251,0.0
11892,126.58009467448976,37.02316697265275,52.5,47.5,criteria_met,7,7,3,2,0.07144366647052913,115,0.0
11893,126.58015086363503,37.02316697265275,57.5,47.5,criteria_met,7,7,4,2,0.07354539893216082,115,0.0
11894,126.58020705278028,37.02316697265275,62.5,47.5,criteria_met,5,5,3,2,0.0757735089044599,115,0.0
11895,126.58026324192554,37.02316697265275,67.5,47.5,criteria_met,5,3,2,2,0.0670026452952235,48,0.0
11896,126.58031943107079,37.02316697265275,72.5,47.5,criteria_met,17,14,7,1,0.07183643020806296,53,0.0
11897,126.58037562021605,37.02316697265275,77.5,47.5,criteria_met,16,12,7,1,0.07678400684117957,1,0.0
11898,126.58043180936131,37.02316697265275,82.5,47.5,criteria_met,8,5,3,1,0.0778881140404842,60,0.0
11899,126.58048799850657,37.02316697265275,87.5,47.5,criteria_met,6,3,3,1,0.08588046786494939,64,0.0
11900,126.58054418765182,37.02316697265275,92.5,47.5,needs_revisit,3,1,1,1,0.09351305991897077,64,0.4
11901,126.58060037679708,37.02316697265275,97.5,47.5,poor_quality,2,0,0,0,0.1015110626614928,-1,0.8
11902,126.58065656594235,37.02316697265275,102.5,47.5,poor_quality,1,0,0,0,0.10987465651358648,-1,0.8
11903,126.5807127550876,37.02316697265275,107.5,47.5,poor_quality,1,0,0,0,0.11860389116737441,-1,0.8
11904,126.58076894423286,37.02316697265275,112.5,47.5,poor_quality,1,0,0,0,0.12769873271692656,-1,0.8
11905,126.58082513337811,37.02316697265275,117.5,47.5,unobserved,0,0,0,0,,-1,1.0
11906,126.58088132252337,37.02316697265275,122.5,47.5,unobserved,0,0,0,0,,-1,1.0
11907,126.58093751166864,37.02316697265275,127.5,47.5,unobserved,0,0,0,0,,-1,1.0
11908,126.58099370081389,37.02316697265275,132.5,47.5,unobserved,0,0,0,0,,-1,1.0
11909,126.58104988995915,37.02316697265275,137.5,47.5,unobserved,0,0,0,0,,-1,1.0
11910,126.5811060791044,37.02316697265275,142.5,47.5,unobserved,0,0,0,0,,-1,1.0
11911,126.58116226824966,37.02316697265275,147.5,47.5,unobserved,0,0,0,0,,-1,1.0
11912,126.58121845739493,37.02316697265275,152.5,47.5,unobserved,0,0,0,0,,-1,1.0
11990,126.57750997380789,37.02321202659962,-177.5,52.5,unobserved,0,0,0,0,,-1,1.0
11991,126.57756616295315,37.02321202659962,-172.5,52.5,unobserved,0,0,0,0,,-1,1.0
11992,126.57762235209842,37.02321202659962,-167.5,52.5,unobserved,0,0,0,0,,-1,1.0
11993,126.57767854124367,37.02321202659962,-162.5,52.5,unobserved,0,0,0,0,,-1,1.0
11994,126.57773473038893,37.02321202659962,-157.5,52.5,unobserved,0,0,0,0,,-1,1.0
11995,126.57779091953418,37.02321202659962,-152.5,52.5,poor_quality,1,0,0,0,0.1481854595812055,-1,0.8
11996,126.57784710867945,37.02321202659962,-147.5,52.5,poor_quality,5,0,0,0,0.12312200464689013,-1,0.8
11997,126.5779032978247,37.02321202659962,-142.5,52.5,poor_quality,10,0,0,0,0.10817722084833271,-1,0.8
11998,126.57795948696996,37.02321202659962,-137.5,52.5,poor_quality,12,0,0,0,0.10358040700978054,-1,0.8
11999,126.57801567611521,37.02321202659962,-132.5,52.5,needs_revisit,13,2,1,1,0.09409832886857342,240,0.4
12000,126.57807186526047,37.02321202659962,-127.5,52.5,needs_revisit,15,3,1,2,0.09031301250614267,240,0.4
12001,126.57812805440574,37.02321202659962,-122.5,52.5,needs_revisit,15,3,1,2,0.08667654437766877,240,0.4
12002,126.578184243551,37.02321202659962,-117.5,52.5,needs_revisit,18,3,1,1,0.08319630232516798,240,0.4
12003,126.57824043269625,37.02321202659962,-112.5,52.5,criteria_met,22,7,4,2,0.07988086775488847,240,0.0
12004,126.5782966218415,37.02321202659962,-107.5,52.5,criteria_met,23,10,5,2,0.07674022721295273,240,0.0
12005,126.57835281098676,37.02321202659962,-102.5,52.5,criteria_met,26,12,5,2,0.07378596107618354,240,0.0
12006,126.57840900013203,37.02321202659962,-97.5,52.5,criteria_met,28,16,7,2,0.0699508335867053,89,0.0
12007,126.57846518927728,37.02321202659962,-92.5,52.5,criteria_met,28,17,8,2,0.06333434358153528,89,0.0
12008,126.57852137842254,37.02321202659962,-87.5,52.5,criteria_met,35,20,10,2,0.04933457597189385,241,0.0
12009,126.57857756756779,37.02321202659962,-82.5,52.5,criteria_met,33,20,9,2,0.049673880690287796,241,0.0
12010,126.57863375671306,37.02321202659962,-77.5,52.5,criteria_met,29,20,9,2,0.05013995408197872,241,0.0
12011,126.57868994585832,37.02321202659962,-72.5,52.5,criteria_met,29,18,9,2,0.05075578071998243,241,0.0
12012,126.57874613500357,37.02321202659962,-67.5,52.5,criteria_met,35,24,11,2,0.050339995040762794,274,0.0
12013,126.57880232414882,37.02321202659962,-62.5,52.5,criteria_met,34,22,12,2,0.05060087092175399,274,0.0
12014,126.57885851329408,37.02321202659962,-57.5,52.5,criteria_met,30,21,11,3,0.050981188221257086,274,0.0
12015,126.57891470243935,37.02321202659962,-52.5,52.5,criteria_met,32,23,12,3,0.0466100644981888,213,0.0
12016,126.5789708915846,37.02321202659962,-47.5,52.5,criteria_met,31,24,11,3,0.04881424538603422,213,0.0
12017,126.57902708072986,37.02321202659962,-42.5,52.5,criteria_met,28,22,9,3,0.05122353120453759,213,0.0
12018,126.57908326987511,37.02321202659962,-37.5,52.5,criteria_met,31,26,11,3,0.05386108577056338,213,0.0
12019,126.57913945902038,37.02321202659962,-32.5,52.5,criteria_met,32,28,12,3,0.05545769206381107,274,0.0
12020,126.57919564816564,37.02321202659962,-27.5,52.5,criteria_met,32,30,13,3,0.05157229173052529,242,0.0
12021,126.57925183731089,37.02321202659962,-22.5,52.5,criteria_met,31,30,13,3,0.044814126472645134,275,0.0
12022,126.57930802645615,37.02321202659962,-17.5,52.5,criteria_met,28,27,12,3,0.048330240831941755,275,0.0
12023,126.5793642156014,37.02321202659962,-12.5,52.5,criteria_met,26,25,11,2,0.0521001253071086,275,0.0
12024,126.57942040474667,37.02321202659962,-7.5,52.5,criteria_met,26,24,10,2,0.0561346277268546,275,0.0
12025,126.57947659389193,37.02321202659962,-2.5,52.5,criteria_met,22,21,9,3,0.06044110352250603,275,0.0
12026,126.57953278303718,37.02321202659962,2.5,52.5,criteria_met,22,21,9,3,0.06356396044485016,273,0.0
12027,126.57958897218244,37.02321202659962,7.5,52.5,criteria_met,21,20,9,3,0.0624110603355135,116,0.0
12028,126.5796451613277,37.02321202659962,12.5,52.5,criteria_met,18,18,8,2,0.06048672182203032,116,0.0
12029,126.57970135047296,37.02321202659962,17.5,52.5,criteria_met,13,12,6,1,0.058763160835528225,116,0.0
12030,126.57975753961821,37.02321202659962,22.5,52.5,criteria_met,10,9,4,1,0.0572155748958705,116,0.0
12031,126.57981372876347,37.02321202659962,27.5,52.5,criteria_met,9,8,3,1,0.05581826420326701,116,0.0
12032,126.57986991790872,37.02321202659962,32.5,52.5,criteria_met,7,7,3,1,0.07118334169750244,115,0.0
12033,126.57992610705399,37.02321202659962,37.5,52.5,criteria_met,7,7,4,2,0.06744972745927517,249,0.0
12034,126.57998229619925,37.02321202659962,42.5,52.5,criteria_met,6,6,3,2,0.06996537861262231,250,0.0
12035,126.5800384853445,37.02321202659962,47.5,52.5,criteria_met,7,7,3,2,0.06735975928649991,251,0.0
12036,126.58009467448976,37.02321202659962,52.5,52.5,criteria_met,6,6,3,2,0.07322927000034328,251,0.0
12037,126.58015086363503,37.02321202659962,57.5,52.5,criteria_met,5,5,3,2,0.0802421710751851,115,0.0
12038,126.58020705278028,37.02321202659962,62.5,52.5,criteria_met,4,3,2,2,0.0824966991579789,115,0.0
12039,126.58026324192554,37.02321202659962,67.5,52.5,needs_revisit,4,2,1,1,0.08487504146262567,115,0.4
12040,126.58031943107079,37.02321202659962,72.5,52.5,needs_revisit,3,1,1,1,0.09648655507879385,114,0.4
12041,126.58037562021605,37.02321202659962,77.5,52.5,needs_revisit,3,1,1,1,0.0996253162827496,114,0.4
12042,126.58043180936131,37.02321202659962,82.5,52.5,needs_revisit,5,1,1,1,0.09044152453760279,7,0.4
12043,126.58048799850657,37.02321202659962,87.5,52.5,needs_revisit,4,1,1,1,0.09779711511075277,7,0.4
12044,126.58054418765182,37.02321202659962,92.5,52.5,needs_revisit,2,1,1,1,0.09461898917797176,64,0.4
12045,126.58060037679708,37.02321202659962,97.5,52.5,poor_quality,1,0,0,0,0.10260675657822174,-1,0.8
12046,126.58065656594235,37.02321202659962,102.5,52.5,poor_quality,1,0,0,0,0.11095793392104454,-1,0.8
12047,126.5807127550876,37.02321202659962,107.5,52.5,poor_quality,1,0,0,0,0.11967296483166752,-1,0.8
12048,126.58076894423286,37.02321202659962,112.5,52.5,poor_quality,1,0,0,0,0.12875213491735535,-1,0.8
12049,126.58082513337811,37.02321202659962,117.5,52.5,unobserved,0,0,0,0,,-1,1.0
12050,126.58088132252337,37.02321202659962,122.5,52.5,unobserved,0,0,0,0,,-1,1.0
12051,126.58093751166864,37.02321202659962,127.5,52.5,unobserved,0,0,0,0,,-1,1.0
12052,126.58099370081389,37.02321202659962,132.5,52.5,unobserved,0,0,0,0,,-1,1.0
12053,126.58104988995915,37.02321202659962,137.5,52.5,unobserved,0,0,0,0,,-1,1.0
12054,126.5811060791044,37.02321202659962,142.5,52.5,unobserved,0,0,0,0,,-1,1.0
12055,126.58116226824966,37.02321202659962,147.5,52.5,unobserved,0,0,0,0,,-1,1.0
12056,126.58121845739493,37.02321202659962,152.5,52.5,unobserved,0,0,0,0,,-1,1.0
12134,126.57750997380789,37.02325708054649,-177.5,57.5,unobserved,0,0,0,0,,-1,1.0
12135,126.57756616295315,37.02325708054649,-172.5,57.5,unobserved,0,0,0,0,,-1,1.0
12136,126.57762235209842,37.02325708054649,-167.5,57.5,unobserved,0,0,0,0,,-1,1.0
12137,126.57767854124367,37.02325708054649,-162.5,57.5,unobserved,0,0,0,0,,-1,1.0
12138,126.57773473038893,37.02325708054649,-157.5,57.5,unobserved,0,0,0,0,,-1,1.0
12139,126.57779091953418,37.02325708054649,-152.5,57.5,unobserved,0,0,0,0,,-1,1.0
12140,126.57784710867945,37.02325708054649,-147.5,57.5,poor_quality,1,0,0,0,0.1419276928116648,-1,0.8
12141,126.5779032978247,37.02325708054649,-142.5,57.5,poor_quality,7,0,0,0,0.11537000392906163,-1,0.8
12142,126.57795948696996,37.02325708054649,-137.5,57.5,poor_quality,11,0,0,0,0.1059302373780437,-1,0.8
12143,126.57801567611521,37.02325708054649,-132.5,57.5,poor_quality,11,0,0,0,0.10191556640811761,-1,0.8
12144,126.57807186526047,37.02325708054649,-127.5,57.5,needs_revisit,11,1,1,1,0.0980505530334502,240,0.4
12145,126.57812805440574,37.02325708054649,-122.5,57.5,needs_revisit,12,1,1,1,0.09434200246398307,240,0.4
12146,126.578184243551,37.02325708054649,-117.5,57.5,needs_revisit,13,3,1,1,0.09079768196865201,240,0.4
12147,126.57824043269625,37.02325708054649,-112.5,57.5,criteria_met,18,4,2,2,0.08742645298855833,240,0.0
12148,126.5782966218415,37.02325708054649,-107.5,57.5,criteria_met,22,8,4,2,0.08423838959453533,240,0.0
12149,126.57835281098676,37.02325708054649,-102.5,57.5,criteria_met,25,12,5,2,0.07927269534403483,89,0.0
12150,126.57840900013203,37.02325708054649,-97.5,57.5,criteria_met,23,13,5,2,0.07220687109431136,89,0.0
12151,126.57846518927728,37.02325708054649,-92.5,57.5,criteria_met,23,13,5,2,0.07359839592456413,87,0.0
12152,126.57852137842254,37.02325708054649,-87.5,57.5,criteria_met,26,14,7,2,0.0548410559167895,241,0.0
12153,126.57857756756779,37.02325708054649,-82.5,57.5,criteria_met,28,13,7,2,0.0552454406572941,241,0.0
12154,126.57863375671306,37.02325708054649,-77.5,57.5,criteria_met,26,15,8,2,0.0557813554192736,241,0.0
12155,126.57868994585832,37.02325708054649,-72.5,57.5,criteria_met,26,17,8,2,0.056469287072370145,241,0.0
12156,126.57874613500357,37.02325708054649,-67.5,57.5,criteria_met,31,18,10,2,0.05594992462040623,274,0.0
12157,126.57880232414882,37.02325708054649,-62.5,57.5,criteria_met,30,18,9,2,0.05627272220633894,274,0.0
12158,126.57885851329408,37.02325708054649,-57.5,57.5,criteria_met,25,15,6,3,0.05672071342980955,274,0.0
12159,126.57891470243935,37.02325708054649,-52.5,57.5,criteria_met,27,15,7,3,0.05159689534939016,213,0.0
12160,126.5789708915846,37.02325708054649,-47.5,57.5,criteria_met,26,14,6,3,0.053922972984235484,213,0.0
12161,126.57902708072986,37.02325708054649,-42.5,57.5,criteria_met,28,18,7,3,0.05644950812603558,213,0.0
12162,126.57908326987511,37.02325708054649,-37.5,57.5,criteria_met,26,19,8,3,0.059197408051008114,213,0.0
12163,126.57913945902038,37.02325708054649,-32.5,57.5,criteria_met,29,22,10,2,0.06153213941448358,274,0.0
12164,126.57919564816564,37.02325708054649,-27.5,57.5,criteria_met,27,20,8,2,0.06312180518043539,274,0.0
12165,126.57925183731089,37.02325708054649,-22.5,57.5,criteria_met,27,21,9,3,0.05925968937342352,242,0.0
12166,126.57930802645615,37.02325708054649,-17.5,57.5,criteria_met,26,23,11,2,0.05195458250855609,275,0.0
12167,126.5793642156014,37.02325708054649,-12.5,57.5,criteria_met,26,23,11,2,0.0558185936365772,275,0.0
12168,126.57942040474667,37.02325708054649,-7.5,57.5,criteria_met,21,19,9,2,0.059938556131564465,275,0.0
12169,126.57947659389193,37.02325708054649,-2.5,57.5,criteria_met,21,19,9,2,0.06432272174087202,275,0.0
12170,126.57953278303718,37.02325708054649,2.5,57.5,criteria_met,20,19,9,3,0.06897674758056174,275,0.0
12171,126.57958897218244,37.02325708054649,7.5,57.5,criteria_met,19,18,9,3,0.06897838217515553,116,0.0
12172,126.5796451613277,37.02325708054649,12.5,57.5,criteria_met,15,14,8,1,0.06694529604339151,116,0.0
12173,126.57970135047296,37.02325708054649,17.5,57.5,criteria_met,12,11,6,1,0.06511108562936925,116,0.0
12174,126.57975753961821,37.02325708054649,22.5,57.5,criteria_met,10,9,4,1,0.06345343215654313,116,0.0
12175,126.57981372876347,37.02325708054649,27.5,57.5,criteria_met,9,7,3,1,0.06194902509161089,116,0.0
12176,126.57986991790872,37.02325708054649,32.5,57.5,criteria_met,7,5,2,1,0.07819122755081993,115,0.0
12177,126.57992610705399,37.02325708054649,37.5,57.5,criteria_met,7,5,2,1,0.07967114668003054,115,0.0
12178,126.57998229619925,37.02325708054649,42.5,57.5,needs_revisit,3,2,1,1,0.08133200776804701,115,0.4
12179,126.5800384853445,37.02325708054649,47.5,57.5,criteria_met,3,3,2,2,0.0822253285157917,249,0.0
12180,126.58009467448976,37.02325708054649,52.5,57.5,criteria_met,5,5,3,2,0.08515290108703236,115,0.0
12181,126.58015086363503,37.02325708054649,57.5,57.5,criteria_met,4,4,2,2,0.08729164433042352,115,0.0
12182,126.58020705278028,37.02325708054649,62.5,57.5,needs_revisit,3,1,1,1,0.0987379454629674,114,0.4
12183,126.58026324192554,37.02325708054649,67.5,57.5,poor_quality,2,0,0,0,0.10164945817960622,-1,0.8
12184,126.58031943107079,37.02325708054649,72.5,57.5,poor_quality,2,0,0,0,0.1047072940967556,-1,0.8
12185,126.58037562021605,37.02325708054649,77.5,57.5,poor_quality,3,0,0,0,0.10790262276250488,-1,0.8
12186,126.58043180936131,37.02325708054649,82.5,57.5,poor_quality,3,0,0,0,0.11122749284372033,-1,0.8
12187,126.58048799850657,37.02325708054649,87.5,57.5,poor_quality,3,0,0,0,0.11467475578545987,-1,0.8
12188,126.58054418765182,37.02325708054649,92.5,57.5,unobserved,0,0,0,0,,-1,1.0
12189,126.58060037679708,37.02325708054649,97.5,57.5,unobserved,0,0,0,0,,-1,1.0
12190,126.58065656594235,37.02325708054649,102.5,57.5,unobserved,0,0,0,0,,-1,1.0
12191,126.5807127550876,37.02325708054649,107.5,57.5,poor_quality,1,0,0,0,0.12085464892500991,-1,0.8
12192,126.58076894423286,37.02325708054649,112.5,57.5,poor_quality,1,0,0,0,0.12992257266649748,-1,0.8
12193,126.58082513337811,37.02325708054649,117.5,57.5,unobserved,0,0,0,0,,-1,1.0
12194,126.58088132252337,37.02325708054649,122.5,57.5,unobserved,0,0,0,0,,-1,1.0
12195,126.58093751166864,37.02325708054649,127.5,57.5,unobserved,0,0,0,0,,-1,1.0
12196,126.58099370081389,37.02325708054649,132.5,57.5,unobserved,0,0,0,0,,-1,1.0
12197,126.58104988995915,37.02325708054649,137.5,57.5,unobserved,0,0,0,0,,-1,1.0
12198,126.5811060791044,37.02325708054649,142.5,57.5,unobserved,0,0,0,0,,-1,1.0
12199,126.58116226824966,37.02325708054649,147.5,57.5,unobserved,0,0,0,0,,-1,1.0
12200,126.58121845739493,37.02325708054649,152.5,57.5,unobserved,0,0,0,0,,-1,1.0
12278,126.57750997380789,37.02330213449337,-177.5,62.5,unobserved,0,0,0,0,,-1,1.0
12279,126.57756616295315,37.02330213449337,-172.5,62.5,unobserved,0,0,0,0,,-1,1.0
12280,126.57762235209842,37.02330213449337,-167.5,62.5,unobserved,0,0,0,0,,-1,1.0
12281,126.57767854124367,37.02330213449337,-162.5,62.5,unobserved,0,0,0,0,,-1,1.0
12282,126.57773473038893,37.02330213449337,-157.5,62.5,unobserved,0,0,0,0,,-1,1.0
12283,126.57779091953418,37.02330213449337,-152.5,62.5,unobserved,0,0,0,0,,-1,1.0
12284,126.57784710867945,37.02330213449337,-147.5,62.5,poor_quality,2,0,0,0,0.12667553518511532,-1,0.8
12285,126.5779032978247,37.02330213449337,-142.5,62.5,poor_quality,6,0,0,0,0.11847840746587299,-1,0.8
12286,126.57795948696996,37.02330213449337,-137.5,62.5,poor_quality,9,0,0,0,0.1142334761921136,-1,0.8
12287,126.57801567611521,37.02330213449337,-132.5,62.5,poor_quality,10,0,0,0,0.11013880559269816,-1,0.8
12288,126.57807186526047,37.02330213449337,-127.5,62.5,poor_quality,9,0,0,0,0.10620070642903416,-1,0.8
12289,126.57812805440574,37.02330213449337,-122.5,62.5,poor_quality,11,0,0,0,0.10242627396528442,-1,0.8
12290,126.578184243551,37.02330213449337,-117.5,62.5,needs_revisit,11,1,1,1,0.098823477117135,240,0.4
12291,126.57824043269625,37.02330213449337,-112.5,62.5,criteria_met,13,2,2,2,0.09540123520281953,240,0.0
12292,126.5782966218415,37.02330213449337,-107.5,62.5,criteria_met,19,6,3,2,0.08919551924871,89,0.0
12293,126.57835281098676,37.02330213449337,-102.5,62.5,criteria_met,21,8,4,2,0.08846172445096985,88,0.0
12294,126.57840900013203,37.02330213449337,-97.5,62.5,criteria_met,21,9,4,2,0.08358659915826308,87,0.0
12295,126.57846518927728,37.02330213449337,-92.5,62.5,criteria_met,21,9,5,2,0.082457799349222,212,0.0
12296,126.57852137842254,37.02330213449337,-87.5,62.5,criteria_met,22,9,5,1,0.06066906660640612,241,0.0
12297,126.57857756756779,37.02330213449337,-82.5,62.5,criteria_met,22,9,5,2,0.06113802421129434,241,0.0
12298,126.57863375671306,37.02330213449337,-77.5,62.5,criteria_met,24,11,6,2,0.06174214136729436,241,0.0
12299,126.57868994585832,37.02330213449337,-72.5,62.5,criteria_met,23,10,6,2,0.062499780205213545,241,0.0
12300,126.57874613500357,37.02330213449337,-67.5,62.5,criteria_met,24,11,6,2,0.06188880060185971,274,0.0
12301,126.57880232414882,37.02330213449337,-62.5,62.5,criteria_met,24,11,6,2,0.06227361575099111,274,0.0
12302,126.57885851329408,37.02330213449337,-57.5,62.5,criteria_met,22,12,6,3,0.06278814662869812,274,0.0
12303,126.57891470243935,37.02330213449337,-52.5,62.5,criteria_met,25,14,6,3,0.05684944210890176,213,0.0
12304,126.5789708915846,37.02330213449337,-47.5,62.5,criteria_met,25,13,5,2,0.05929557148246869,213,0.0
12305,126.57902708072986,37.02330213449337,-42.5,62.5,criteria_met,26,18,7,3,0.06193814965955632,213,0.0
12306,126.57908326987511,37.02330213449337,-37.5,62.5,criteria_met,24,17,6,2,0.06479627538094627,213,0.0
12307,126.57913945902038,37.02330213449337,-32.5,62.5,criteria_met,24,18,7,2,0.0661410737737208,211,0.0
12308,126.57919564816564,37.02330213449337,-27.5,62.5,criteria_met,25,19,7,2,0.06706656975386355,211,0.0
12309,126.57925183731089,37.02330213449337,-22.5,62.5,criteria_met,23,19,8,2,0.0682413721696198,211,0.0
12310,126.57930802645615,37.02330213449337,-17.5,62.5,criteria_met,21,18,8,2,0.06962467777962092,211,0.0
12311,126.5793642156014,37.02330213449337,-12.5,62.5,criteria_met,21,18,9,2,0.05969172152159548,275,0.0
12312,126.57942040474667,37.02330213449337,-7.5,62.5,criteria_met,20,18,9,2,0.06390141807295316,275,0.0
12313,126.57947659389193,37.02330213449337,-2.5,62.5,criteria_met,17,16,8,2,0.06836804810283131,275,0.0
12314,126.57953278303718,37.02330213449337,2.5,62.5,criteria_met,17,15,8,2,0.07309812637870478,275,0.0
12315,126.57958897218244,37.02330213449337,7.5,62.5,criteria_met,16,13,8,2,0.0758804386803894,116,0.0
12316,126.5796451613277,37.02330213449337,12.5,62.5,criteria_met,14,12,7,1,0.07374028685063039,116,0.0
12317,126.57970135047296,37.02330213449337,17.5,62.5,criteria_met,12,9,5,1,0.07179727063479448,116,0.0
12318,126.57975753961821,37.02330213449337,22.5,62.5,criteria_met,10,7,4,1,0.07003110328895609,116,0.0
12319,126.57981372876347,37.02330213449337,27.5,62.5,criteria_met,8,5,3,1,0.06842048478006581,116,0.0
12320,126.57986991790872,37.02330213449337,32.5,62.5,needs_revisit,5,2,1,1,0.08555197756321081,115,0.4
12321,126.57992610705399,37.02330213449337,37.5,62.5,needs_revisit,5,2,1,1,0.08703491270068528,115,0.4
12322,126.57998229619925,37.02330213449337,42.5,62.5,needs_revisit,4,2,1,1,0.08870026776412455,115,0.4
12323,126.5800384853445,37.02330213449337,47.5,62.5,needs_revisit,1,1,1,1,0.09946239709004176,114,0.4
12324,126.58009467448976,37.02330213449337,52.5,62.5,needs_revisit,2,1,1,1,0.09130426698576766,249,0.4
12325,126.58015086363503,37.02330213449337,57.5,62.5,needs_revisit,3,2,1,1,0.09604656088624697,250,0.4
12326,126.58020705278028,37.02330213449337,62.5,62.5,poor_quality,3,0,0,0,0.10401379258477314,-1,0.8
12327,126.58026324192554,37.02330213449337,67.5,62.5,poor_quality,2,0,0,0,0.11023843329138648,-1,0.8
12328,126.58031943107079,37.02330213449337,72.5,62.5,poor_quality,2,0,0,0,0.11334047558793739,-1,0.8
12329,126.58037562021605,37.02330213449337,77.5,62.5,poor_quality,2,0,0,0,0.11658691782425988,-1,0.8
12330,126.58043180936131,37.02330213449337,82.5,62.5,poor_quality,3,0,0,0,0.11996970074874476,-1,0.8
12331,126.58048799850657,37.02330213449337,87.5,62.5,poor_quality,1,0,0,0,0.12348149149823337,-1,0.8
12332,126.58054418765182,37.02330213449337,92.5,62.5,poor_quality,1,0,0,0,0.12711562964156053,-1,0.8
12333,126.58060037679708,37.02330213449337,97.5,62.5,unobserved,0,0,0,0,,-1,1.0
12334,126.58065656594235,37.02330213449337,102.5,62.5,unobserved,0,0,0,0,,-1,1.0
12335,126.5807127550876,37.02330213449337,107.5,62.5,unobserved,0,0,0,0,,-1,1.0
12336,126.58076894423286,37.02330213449337,112.5,62.5,unobserved,0,0,0,0,,-1,1.0
12337,126.58082513337811,37.02330213449337,117.5,62.5,unobserved,0,0,0,0,,-1,1.0
12338,126.58088132252337,37.02330213449337,122.5,62.5,unobserved,0,0,0,0,,-1,1.0
12339,126.58093751166864,37.02330213449337,127.5,62.5,unobserved,0,0,0,0,,-1,1.0
12340,126.58099370081389,37.02330213449337,132.5,62.5,unobserved,0,0,0,0,,-1,1.0
12341,126.58104988995915,37.02330213449337,137.5,62.5,unobserved,0,0,0,0,,-1,1.0
12342,126.5811060791044,37.02330213449337,142.5,62.5,unobserved,0,0,0,0,,-1,1.0
12343,126.58116226824966,37.02330213449337,147.5,62.5,unobserved,0,0,0,0,,-1,1.0
12344,126.58121845739493,37.02330213449337,152.5,62.5,unobserved,0,0,0,0,,-1,1.0
12422,126.57750997380789,37.02334718844024,-177.5,67.5,unobserved,0,0,0,0,,-1,1.0
12423,126.57756616295315,37.02334718844024,-172.5,67.5,unobserved,0,0,0,0,,-1,1.0
12424,126.57762235209842,37.02334718844024,-167.5,67.5,unobserved,0,0,0,0,,-1,1.0
12425,126.57767854124367,37.02334718844024,-162.5,67.5,unobserved,0,0,0,0,,-1,1.0
12426,126.57773473038893,37.02334718844024,-157.5,67.5,unobserved,0,0,0,0,,-1,1.0
12427,126.57779091953418,37.02334718844024,-152.5,67.5,unobserved,0,0,0,0,,-1,1.0
12428,126.57784710867945,37.02334718844024,-147.5,67.5,poor_quality,2,0,0,0,0.1317424033595659,-1,0.8
12429,126.5779032978247,37.02334718844024,-142.5,67.5,poor_quality,3,0,0,0,0.12726643800439222,-1,0.8
12430,126.57795948696996,37.02334718844024,-137.5,67.5,poor_quality,4,0,0,0,0.12294118615878132,-1,0.8
12431,126.57801567611521,37.02334718844024,-132.5,67.5,poor_quality,7,0,0,0,0.11877252920581498,-1,0.8
12432,126.57807186526047,37.02334718844024,-127.5,67.5,poor_quality,8,0,0,0,0.11476699942371683,-1,0.8
12433,126.57812805440574,37.02334718844024,-122.5,67.5,poor_quality,9,0,0,0,0.11093184162199173,-1,0.8
12434,126.578184243551,37.02334718844024,-117.5,67.5,poor_quality,10,0,0,0,0.10727506412054132,-1,0.8
12435,126.57824043269625,37.02334718844024,-112.5,67.5,needs_revisit,13,1,1,1,0.0997194931860422,89,0.4
12436,126.5782966218415,37.02334718844024,-107.5,67.5,needs_revisit,13,1,1,1,0.09991122591914303,88,0.4
12437,126.57835281098676,37.02334718844024,-102.5,67.5,criteria_met,14,2,2,2,0.09730759996485414,86,0.0
12438,126.57840900013203,37.02334718844024,-97.5,67.5,criteria_met,17,3,3,1,0.09301128712938142,212,0.0
12439,126.57846518927728,37.02334718844024,-92.5,67.5,criteria_met,20,5,3,1,0.09187700553537358,212,0.0
12440,126.57852137842254,37.02334718844024,-87.5,67.5,criteria_met,19,6,3,1,0.0668171421424515,241,0.0
12441,126.57857756756779,37.02334718844024,-82.5,67.5,criteria_met,18,6,3,1,0.06735001162965003,241,0.0
12442,126.57863375671306,37.02334718844024,-77.5,67.5,criteria_met,19,7,3,1,0.06802084299873275,241,0.0
12443,126.57868994585832,37.02334718844024,-72.5,67.5,criteria_met,22,7,3,1,0.06884619774051412,241,0.0
12444,126.57874613500357,37.02334718844024,-67.5,67.5,criteria_met,23,9,4,1,0.06815533646709268,274,0.0
12445,126.57880232414882,37.02334718844024,-62.5,67.5,criteria_met,21,9,4,1,0.06860197426223619,274,0.0
12446,126.57885851329408,37.02334718844024,-57.5,67.5,criteria_met,21,8,3,2,0.06918191999967913,274,0.0
12447,126.57891470243935,37.02334718844024,-52.5,67.5,criteria_met,20,11,4,2,0.062367349321833944,213,0.0
12448,126.5789708915846,37.02334718844024,-47.5,67.5,criteria_met,24,12,4,2,0.06493205875286881,213,0.0
12449,126.57902708072986,37.02334718844024,-42.5,67.5,criteria_met,23,14,5,2,0.06768972189229085,213,0.0
12450,126.57908326987511,37.02334718844024,-37.5,67.5,criteria_met,23,14,5,2,0.0706579542718347,213,0.0
12451,126.57913945902038,37.02334718844024,-32.5,67.5,criteria_met,23,14,5,2,0.07385197286728516,213,0.0
12452,126.57919564816564,37.02334718844024,-27.5,67.5,criteria_met,24,15,5,2,0.0763307596244636,274,0.0
12453,126.57925183731089,37.02334718844024,-22.5,67.5,criteria_met,22,13,6,2,0.07693974672926832,210,0.0
12454,126.57930802645615,37.02334718844024,-17.5,67.5,criteria_met,20,14,7,2,0.07826123723683565,210,0.0
12455,126.5793642156014,37.02334718844024,-12.5,67.5,criteria_met,18,14,8,2,0.06371843522511696,275,0.0
12456,126.57942040474667,37.02334718844024,-7.5,67.5,criteria_met,19,15,8,2,0.06802144092069598,275,0.0
12457,126.57947659389193,37.02334718844024,-2.5,67.5,criteria_met,17,13,7,2,0.07257461458924677,275,0.0
12458,126.57953278303718,37.02334718844024,2.5,67.5,criteria_met,15,10,7,2,0.07738508096492196,275,0.0
12459,126.57958897218244,37.02334718844024,7.5,67.5,criteria_met,12,8,5,2,0.08245815632246506,275,0.0
12460,126.5796451613277,37.02334718844024,12.5,67.5,criteria_met,11,7,4,1,0.08087136744975673,116,0.0
12461,126.57970135047296,37.02334718844024,17.5,67.5,criteria_met,10,5,3,1,0.07882107164438062,116,0.0
12462,126.57975753961821,37.02334718844024,22.5,67.5,needs_revisit,8,3,1,1,0.07694772950393203,116,0.4
12463,126.57981372876347,37.02334718844024,27.5,67.5,needs_revisit,5,2,1,1,0.07523174662878013,116,0.4
12464,126.57986991790872,37.02334718844024,32.5,67.5,needs_revisit,4,1,1,1,0.09326425745518226,115,0.4
12465,126.57992610705399,37.02334718844024,37.5,67.5,poor_quality,3,0,0,0,0.10408700564795419,-1,0.8
12466,126.57998229619925,37.02334718844024,42.5,67.5,poor_quality,3,0,0,0,0.10612273289558925,-1,0.8
12467,126.5800384853445,37.02334718844024,47.5,67.5,poor_quality,2,0,0,0,0.10836889152884599,-1,0.8
12468,126.58009467448976,37.02334718844024,52.5,67.5,poor_quality,1,0,0,0,0.11081483624937213,-1,0.8
12469,126.58015086363503,37.02334718844024,57.5,67.5,poor_quality,1,0,0,0,0.11344991192444592,-1,0.8
12470,126.58020705278028,37.02334718844024,62.5,67.5,poor_quality,2,0,0,0,0.1084646830326577,-1,0.8
12471,126.58026324192554,37.02334718844024,67.5,67.5,poor_quality,2,0,0,0,0.11492278589583163,-1,0.8
12472,126.58031943107079,37.02334718844024,72.5,67.5,poor_quality,2,0,0,0,0.12238850875818225,-1,0.8
12473,126.58037562021605,37.02334718844024,77.5,67.5,poor_quality,2,0,0,0,0.12568140524575008,-1,0.8
12474,126.58043180936131,37.02334718844024,82.5,67.5,poor_quality,1,0,0,0,0.12911701283908192,-1,0.8
12475,126.58048799850657,37.02334718844024,87.5,67.5,poor_quality,1,0,0,0,0.13268791289719897,-1,0.8
12476,126.58054418765182,37.02334718844024,92.5,67.5,poor_quality,1,0,0,0,0.13638729750654194,-1,0.8
12477,126.58060037679708,37.02334718844024,97.5,67.5,unobserved,0,0,0,0,,-1,1.0
12478,126.58065656594235,37.02334718844024,102.5,67.5,unobserved,0,0,0,0,,-1,1.0
12479,126.5807127550876,37.02334718844024,107.5,67.5,unobserved,0,0,0,0,,-1,1.0
12480,126.58076894423286,37.02334718844024,112.5,67.5,unobserved,0,0,0,0,,-1,1.0
12481,126.58082513337811,37.02334718844024,117.5,67.5,unobserved,0,0,0,0,,-1,1.0
12482,126.58088132252337,37.02334718844024,122.5,67.5,unobserved,0,0,0,0,,-1,1.0
12483,126.58093751166864,37.02334718844024,127.5,67.5,unobserved,0,0,0,0,,-1,1.0
12484,126.58099370081389,37.02334718844024,132.5,67.5,unobserved,0,0,0,0,,-1,1.0
12485,126.58104988995915,37.02334718844024,137.5,67.5,unobserved,0,0,0,0,,-1,1.0
12486,126.5811060791044,37.02334718844024,142.5,67.5,unobserved,0,0,0,0,,-1,1.0
12487,126.58116226824966,37.02334718844024,147.5,67.5,unobserved,0,0,0,0,,-1,1.0
12488,126.58121845739493,37.02334718844024,152.5,67.5,unobserved,0,0,0,0,,-1,1.0
12566,126.57750997380789,37.02339224238711,-177.5,72.5,unobserved,0,0,0,0,,-1,1.0
12567,126.57756616295315,37.02339224238711,-172.5,72.5,unobserved,0,0,0,0,,-1,1.0
12568,126.57762235209842,37.02339224238711,-167.5,72.5,unobserved,0,0,0,0,,-1,1.0
12569,126.57767854124367,37.02339224238711,-162.5,72.5,unobserved,0,0,0,0,,-1,1.0
12570,126.57773473038893,37.02339224238711,-157.5,72.5,unobserved,0,0,0,0,,-1,1.0
12571,126.57779091953418,37.02339224238711,-152.5,72.5,unobserved,0,0,0,0,,-1,1.0
12572,126.57784710867945,37.02339224238711,-147.5,72.5,poor_quality,1,0,0,0,0.14101424823542902,-1,0.8
12573,126.5779032978247,37.02339224238711,-142.5,72.5,poor_quality,2,0,0,0,0.13645764019546844,-1,0.8
12574,126.57795948696996,37.02339224238711,-137.5,72.5,poor_quality,2,0,0,0,0.1320575931809968,-1,0.8
12575,126.57801567611521,37.02339224238711,-132.5,72.5,poor_quality,4,0,0,0,0.12782016147086836,-1,0.8
12576,126.57807186526047,37.02339224238711,-127.5,72.5,poor_quality,8,0,0,0,0.12375199109468654,-1,0.8
12577,126.57812805440574,37.02339224238711,-122.5,72.5,poor_quality,10,0,0,0,0.11964930533230017,-1,0.8
12578,126.578184243551,37.02339224238711,-117.5,72.5,poor_quality,10,0,0,0,0.11615316710732844,-1,0.8
12579,126.57824043269625,37.02339224238711,-112.5,72.5,poor_quality,12,0,0,0,0.11207440738661782,-1,0.8
12580,126.5782966218415,37.02339224238711,-107.5,72.5,poor_quality,11,0,0,0,0.1093269064747247,-1,0.8
12581,126.57835281098676,37.02339224238711,-102.5,72.5,poor_quality,9,0,0,0,0.1062265324464998,-1,0.8
12582,126.57840900013203,37.02339224238711,-97.5,72.5,poor_quality,12,0,0,0,0.10299049571374919,-1,0.8
12583,126.57846518927728,37.02339224238711,-92.5,72.5,needs_revisit,17,1,1,1,0.07281284976681492,241,0.4
12584,126.57852137842254,37.02339224238711,-87.5,72.5,needs_revisit,16,2,1,1,0.07328407584129139,241,0.4
12585,126.57857756756779,37.02339224238711,-82.5,72.5,criteria_met,16,4,3,1,0.07388014367389738,241,0.0
12586,126.57863375671306,37.02339224238711,-77.5,72.5,criteria_met,16,5,3,1,0.07461636590936946,241,0.0
12587,126.57868994585832,37.02339224238711,-72.5,72.5,criteria_met,16,6,3,1,0.0755077758090377,241,0.0
12588,126.57874613500357,37.02339224238711,-67.5,72.5,criteria_met,17,7,3,1,0.07474843252994323,274,0.0
12589,126.57880232414882,37.02339224238711,-62.5,72.5,criteria_met,17,7,3,1,0.07525654026029174,274,0.0
12590,126.57885851329408,37.02339224238711,-57.5,72.5,criteria_met,18,8,3,2,0.07590084181950033,274,0.0
12591,126.57891470243935,37.02339224238711,-52.5,72.5,criteria_met,18,8,3,2,0.07669666414748957,274,0.0
12592,126.5789708915846,37.02339224238711,-47.5,72.5,criteria_met,21,9,4,2,0.07083248438506315,213,0.0
12593,126.57902708072986,37.02339224238711,-42.5,72.5,criteria_met,21,10,5,2,0.0737044571605803,213,0.0
12594,126.57908326987511,37.02339224238711,-37.5,72.5,criteria_met,22,10,5,2,0.07678268236821395,213,0.0
12595,126.57913945902038,37.02339224238711,-32.5,72.5,criteria_met,24,11,6,2,0.08008149667453754,213,0.0
12596,126.57919564816564,37.02339224238711,-27.5,72.5,criteria_met,21,10,6,2,0.08341511259578928,274,0.0
12597,126.57925183731089,37.02339224238711,-22.5,72.5,criteria_met,17,9,5,2,0.08537366594550497,274,0.0
12598,126.57930802645615,37.02339224238711,-17.5,72.5,criteria_met,17,9,5,2,0.08754814853745974,274,0.0
12599,126.5793642156014,37.02339224238711,-12.5,72.5,criteria_met,17,8,5,2,0.08985771484559793,273,0.0
12600,126.57942040474667,37.02339224238711,-7.5,72.5,criteria_met,16,7,3,2,0.07229726623059371,275,0.0
12601,126.57947659389193,37.02339224238711,-2.5,72.5,criteria_met,16,8,5,2,0.07694049155598698,275,0.0
12602,126.57953278303718,37.02339224238711,2.5,72.5,criteria_met,13,6,4,2,0.08183515132850828,275,0.0
12603,126.57958897218244,37.02339224238711,7.5,72.5,criteria_met,11,5,3,2,0.08698714450515425,275,0.0
12604,126.5796451613277,37.02339224238711,12.5,72.5,criteria_met,9,3,2,1,0.08833831070559643,116,0.0
12605,126.57970135047296,37.02339224238711,17.5,72.5,criteria_met,8,3,2,1,0.08618201227195567,116,0.0
12606,126.57975753961821,37.02339224238711,22.5,72.5,criteria_met,7,3,2,1,0.0842026511194911,116,0.0
12607,126.57981372876347,37.02339224238711,27.5,72.5,needs_revisit,5,1,1,1,0.08238209228440756,116,0.4
12608,126.57986991790872,37.02339224238711,32.5,72.5,poor_quality,3,0,0,0,0.1115694761683845,-1,0.8
12609,126.57992610705399,37.02339224238711,37.5,72.5,poor_quality,3,0,0,0,0.11339509217147246,-1,0.8
12610,126.57998229619925,37.02339224238711,42.5,72.5,poor_quality,2,0,0,0,0.11544236064072202,-1,0.8
12611,126.5800384853445,37.02339224238711,47.5,72.5,poor_quality,2,0,0,0,0.11770221262852293,-1,0.8
12612,126.58009467448976,37.02339224238711,52.5,72.5,poor_quality,1,0,0,0,0.12016505562805056,-1,0.8
12613,126.58015086363503,37.02339224238711,57.5,72.5,poor_quality,1,0,0,0,0.1228211130162043,-1,0.8
12614,126.58020705278028,37.02339224238711,62.5,72.5,poor_quality,1,0,0,0,0.12566069126786675,-1,0.8
12615,126.58026324192554,37.02339224238711,67.5,72.5,poor_quality,1,0,0,0,0.12867437633218914,-1,0.8
12616,126.58031943107079,37.02339224238711,72.5,72.5,poor_quality,2,0,0,0,0.12638893526753203,-1,0.8
12617,126.58037562021605,37.02339224238711,77.5,72.5,poor_quality,2,0,0,0,0.1351885578127517,-1,0.8
12618,126.58043180936131,37.02339224238711,82.5,72.5,poor_quality,1,0,0,0,0.13867257898740645,-1,0.8
12619,126.58048799850657,37.02339224238711,87.5,72.5,poor_quality,1,0,0,0,0.14229781110484607,-1,0.8
12620,126.58054418765182,37.02339224238711,92.5,72.5,unobserved,0,0,0,0,,-1,1.0
12621,126.58060037679708,37.02339224238711,97.5,72.5,unobserved,0,0,0,0,,-1,1.0
12622,126.58065656594235,37.02339224238711,102.5,72.5,unobserved,0,0,0,0,,-1,1.0
12623,126.5807127550876,37.02339224238711,107.5,72.5,unobserved,0,0,0,0,,-1,1.0
12624,126.58076894423286,37.02339224238711,112.5,72.5,unobserved,0,0,0,0,,-1,1.0
12625,126.58082513337811,37.02339224238711,117.5,72.5,unobserved,0,0,0,0,,-1,1.0
12626,126.58088132252337,37.02339224238711,122.5,72.5,unobserved,0,0,0,0,,-1,1.0
12627,126.58093751166864,37.02339224238711,127.5,72.5,unobserved,0,0,0,0,,-1,1.0
12628,126.58099370081389,37.02339224238711,132.5,72.5,unobserved,0,0,0,0,,-1,1.0
12629,126.58104988995915,37.02339224238711,137.5,72.5,unobserved,0,0,0,0,,-1,1.0
12630,126.5811060791044,37.02339224238711,142.5,72.5,unobserved,0,0,0,0,,-1,1.0
12631,126.58116226824966,37.02339224238711,147.5,72.5,unobserved,0,0,0,0,,-1,1.0
12632,126.58121845739493,37.02339224238711,152.5,72.5,unobserved,0,0,0,0,,-1,1.0
12710,126.57750997380789,37.02343729633399,-177.5,77.5,unobserved,0,0,0,0,,-1,1.0
12711,126.57756616295315,37.02343729633399,-172.5,77.5,unobserved,0,0,0,0,,-1,1.0
12712,126.57762235209842,37.02343729633399,-167.5,77.5,unobserved,0,0,0,0,,-1,1.0
12713,126.57767854124367,37.02343729633399,-162.5,77.5,unobserved,0,0,0,0,,-1,1.0
12714,126.57773473038893,37.02343729633399,-157.5,77.5,unobserved,0,0,0,0,,-1,1.0
12715,126.57779091953418,37.02343729633399,-152.5,77.5,unobserved,0,0,0,0,,-1,1.0
12716,126.57784710867945,37.02343729633399,-147.5,77.5,unobserved,0,0,0,0,,-1,1.0
12717,126.5779032978247,37.02343729633399,-142.5,77.5,poor_quality,1,0,0,0,0.14605601761028725,-1,0.8
12718,126.57795948696996,37.02343729633399,-137.5,77.5,poor_quality,2,0,0,0,0.1415860180596869,-1,0.8
12719,126.57801567611521,37.02343729633399,-132.5,77.5,poor_quality,3,0,0,0,0.13728429318578322,-1,0.8
12720,126.57807186526047,37.02343729633399,-127.5,77.5,poor_quality,6,0,0,0,0.13182006676436758,-1,0.8
12721,126.57812805440574,37.02343729633399,-122.5,77.5,poor_quality,7,0,0,0,0.12921286346509736,-1,0.8
12722,126.578184243551,37.02343729633399,-117.5,77.5,poor_quality,9,0,0,0,0.12495119550553124,-1,0.8
12723,126.57824043269625,37.02343729633399,-112.5,77.5,poor_quality,8,0,0,0,0.12190135914401225,-1,0.8
12724,126.5782966218415,37.02343729633399,-107.5,77.5,poor_quality,8,0,0,0,0.11855129910828396,-1,0.8
12725,126.57835281098676,37.02343729633399,-102.5,77.5,poor_quality,7,0,0,0,0.11476951135094854,-1,0.8
12726,126.57840900013203,37.02343729633399,-97.5,77.5,poor_quality,7,0,0,0,0.1125065744223592,-1,0.8
12727,126.57846518927728,37.02343729633399,-92.5,77.5,needs_revisit,13,1,1,1,0.07953810460581195,241,0.4
12728,126.57852137842254,37.02343729633399,-87.5,77.5,needs_revisit,14,1,1,1,0.0800688784781298,241,0.4
12729,126.57857756756779,37.02343729633399,-82.5,77.5,needs_revisit,13,1,1,1,0.08072743381928583,241,0.4
12730,126.57863375671306,37.02343729633399,-77.5,77.5,needs_revisit,14,1,1,1,0.08152788181715338,241,0.4
12731,126.57868994585832,37.02343729633399,-72.5,77.5,needs_revisit,15,1,1,1,0.08248395317172229,241,0.4
12732,126.57874613500357,37.02343729633399,-67.5,77.5,criteria_met,16,2,2,1,0.08166716070243782,274,0.0
12733,126.57880232414882,37.02343729633399,-62.5,77.5,criteria_met,16,4,3,1,0.08223630835752785,274,0.0
12734,126.57885851329408,37.02343729633399,-57.5,77.5,criteria_met,16,6,3,2,0.08294399512917089,274,0.0
12735,126.57891470243935,37.02343729633399,-52.5,77.5,criteria_met,18,6,3,2,0.0838042740459644,274,0.0
12736,126.5789708915846,37.02343729633399,-47.5,77.5,criteria_met,20,7,4,2,0.07699691327886689,213,0.0
12737,126.57902708072986,37.02343729633399,-42.5,77.5,criteria_met,20,7,4,2,0.07998255839042913,213,0.0
12738,126.57908326987511,37.02343729633399,-37.5,77.5,criteria_met,19,7,5,2,0.08317067028280652,213,0.0
12739,126.57913945902038,37.02343729633399,-32.5,77.5,criteria_met,20,7,5,2,0.0865748149296285,213,0.0
12740,126.57919564816564,37.02343729633399,-27.5,77.5,criteria_met,19,7,5,2,0.09020658020899071,213,0.0
12741,126.57925183731089,37.02343729633399,-22.5,77.5,criteria_met,18,6,4,1,0.09282679832571157,274,0.0
12742,126.57930802645615,37.02343729633399,-17.5,77.5,criteria_met,18,5,4,1,0.09504681232589422,274,0.0
12743,126.5793642156014,37.02343729633399,-12.5,77.5,criteria_met,17,3,2,1,0.09747970038662439,274,0.0
12744,126.57942040474667,37.02343729633399,-7.5,77.5,needs_revisit,14,1,1,1,0.09911668130132885,273,0.4
12745,126.57947659389193,37.02343729633399,-2.5,77.5,needs_revisit,13,1,1,1,0.08146414636509214,275,0.4
12746,126.57953278303718,37.02343729633399,2.5,77.5,criteria_met,14,2,2,1,0.08644634894606133,275,0.0
12747,126.57958897218244,37.02343729633399,7.5,77.5,criteria_met,10,3,3,2,0.0916807744096568,275,0.0
12748,126.5796451613277,37.02343729633399,12.5,77.5,needs_revisit,8,1,1,1,0.09614095677476538,116,0.4
12749,126.57970135047296,37.02343729633399,17.5,77.5,needs_revisit,6,1,1,1,0.09387973473559051,116,0.4
12750,126.57975753961821,37.02343729633399,22.5,77.5,needs_revisit,5,1,1,1,0.09179535539113816,116,0.4
12751,126.57981372876347,37.02343729633399,27.5,77.5,needs_revisit,5,1,1,1,0.08987094316536723,116,0.4
12752,126.57986991790872,37.02343729633399,32.5,77.5,poor_quality,4,0,0,0,0.12129059495897139,-1,0.8
12753,126.57992610705399,37.02343729633399,37.5,77.5,poor_quality,2,0,0,0,0.12312792820449837,-1,0.8
12754,126.57998229619925,37.02343729633399,42.5,77.5,poor_quality,1,0,0,0,0.12518753631396337,-1,0.8
12755,126.5800384853445,37.02343729633399,47.5,77.5,poor_quality,1,0,0,0,0.127461383349901,-1,0.8
12756,126.58009467448976,37.02343729633399,52.5,77.5,poor_quality,1,0,0,0,0.12994082697548148,-1,0.8
12757,126.58015086363503,37.02343729633399,57.5,77.5,poor_quality,1,0,0,0,0.13261691684841057,-1,0.8
12758,126.58020705278028,37.02343729633399,62.5,77.5,poor_quality,1,0,0,0,0.13548064133234156,-1,0.8
12759,126.58026324192554,37.02343729633399,67.5,77.5,poor_quality,1,0,0,0,0.138523119873545,-1,0.8
12760,126.58031943107079,37.02343729633399,72.5,77.5,poor_quality,1,0,0,0,0.14173574419661367,-1,0.8
12761,126.58037562021605,37.02343729633399,77.5,77.5,poor_quality,1,0,0,0,0.14511027488484632,-1,0.8
12762,126.58043180936131,37.02343729633399,82.5,77.5,poor_quality,1,0,0,0,0.1486389013514681,-1,0.8
12763,126.58048799850657,37.02343729633399,87.5,77.5,unobserved,0,0,0,0,,-1,1.0
12764,126.58054418765182,37.02343729633399,92.5,77.5,unobserved,0,0,0,0,,-1,1.0
12765,126.58060037679708,37.02343729633399,97.5,77.5,unobserved,0,0,0,0,,-1,1.0
12766,126.58065656594235,37.02343729633399,102.5,77.5,unobserved,0,0,0,0,,-1,1.0
12767,126.5807127550876,37.02343729633399,107.5,77.5,unobserved,0,0,0,0,,-1,1.0
12768,126.58076894423286,37.02343729633399,112.5,77.5,unobserved,0,0,0,0,,-1,1.0
12769,126.58082513337811,37.02343729633399,117.5,77.5,unobserved,0,0,0,0,,-1,1.0
12770,126.58088132252337,37.02343729633399,122.5,77.5,unobserved,0,0,0,0,,-1,1.0
12771,126.58093751166864,37.02343729633399,127.5,77.5,unobserved,0,0,0,0,,-1,1.0
12772,126.58099370081389,37.02343729633399,132.5,77.5,unobserved,0,0,0,0,,-1,1.0
12773,126.58104988995915,37.02343729633399,137.5,77.5,unobserved,0,0,0,0,,-1,1.0
12774,126.5811060791044,37.02343729633399,142.5,77.5,unobserved,0,0,0,0,,-1,1.0
12775,126.58116226824966,37.02343729633399,147.5,77.5,unobserved,0,0,0,0,,-1,1.0
12776,126.58121845739493,37.02343729633399,152.5,77.5,unobserved,0,0,0,0,,-1,1.0
12854,126.57750997380789,37.02348235028086,-177.5,82.5,unobserved,0,0,0,0,,-1,1.0
12855,126.57756616295315,37.02348235028086,-172.5,82.5,unobserved,0,0,0,0,,-1,1.0
12856,126.57762235209842,37.02348235028086,-167.5,82.5,unobserved,0,0,0,0,,-1,1.0
12857,126.57767854124367,37.02348235028086,-162.5,82.5,unobserved,0,0,0,0,,-1,1.0
12858,126.57773473038893,37.02348235028086,-157.5,82.5,unobserved,0,0,0,0,,-1,1.0
12859,126.57779091953418,37.02348235028086,-152.5,82.5,unobserved,0,0,0,0,,-1,1.0
12860,126.57784710867945,37.02348235028086,-147.5,82.5,unobserved,0,0,0,0,,-1,1.0
12861,126.5779032978247,37.02348235028086,-142.5,82.5,unobserved,0,0,0,0,,-1,1.0
12862,126.57795948696996,37.02348235028086,-137.5,82.5,poor_quality,1,0,0,0,0.1515290542325791,-1,0.8
12863,126.57801567611521,37.02348235028086,-132.5,82.5,poor_quality,2,0,0,0,0.14716686667802115,-1,0.8
12864,126.57807186526047,37.02348235028086,-127.5,82.5,poor_quality,2,0,0,0,0.14298483282912963,-1,0.8
12865,126.57812805440574,37.02348235028086,-122.5,82.5,poor_quality,4,0,0,0,0.13898999903695455,-1,0.8
12866,126.578184243551,37.02348235028086,-117.5,82.5,poor_quality,6,0,0,0,0.13518981904886432,-1,0.8
12867,126.57824043269625,37.02348235028086,-112.5,82.5,poor_quality,7,0,0,0,0.13159209020397222,-1,0.8
12868,126.5782966218415,37.02348235028086,-107.5,82.5,poor_quality,6,0,0,0,0.1282048485525864,-1,0.8
12869,126.57835281098676,37.02348235028086,-102.5,82.5,poor_quality,7,0,0,0,0.12503621292253672,-1,0.8
12870,126.57840900013203,37.02348235028086,-97.5,82.5,poor_quality,7,0,0,0,0.1220941693518151,-1,0.8
12871,126.57846518927728,37.02348235028086,-92.5,82.5,needs_revisit,8,1,1,1,0.08658061109581945,241,0.4
12872,126.57852137842254,37.02348235028086,-87.5,82.5,needs_revisit,11,1,1,1,0.08717073891155061,241,0.4
12873,126.57857756756779,37.02348235028086,-82.5,82.5,needs_revisit,12,1,1,1,0.08789110234815066,241,0.4
12874,126.57863375671306,37.02348235028086,-77.5,82.5,needs_revisit,13,1,1,1,0.08875475448386107,241,0.4
12875,126.57868994585832,37.02348235028086,-72.5,82.5,needs_revisit,12,1,1,1,0.08977430948709142,241,0.4
12876,126.57874613500357,37.02348235028086,-67.5,82.5,criteria_met,13,2,2,1,0.08891074217327344,274,0.0
12877,126.57880232414882,37.02348235028086,-62.5,82.5,criteria_met,14,2,2,1,0.08954047050756607,274,0.0
12878,126.57885851329408,37.02348235028086,-57.5,82.5,criteria_met,14,2,2,2,0.0903106657441331,274,0.0
12879,126.57891470243935,37.02348235028086,-52.5,82.5,criteria_met,17,2,2,2,0.09123427583285833,274,0.0
12880,126.5789708915846,37.02348235028086,-47.5,82.5,criteria_met,18,3,3,2,0.083425416398689,213,0.0
12881,126.57902708072986,37.02348235028086,-42.5,82.5,criteria_met,17,2,2,2,0.08652420306988455,213,0.0
12882,126.57908326987511,37.02348235028086,-37.5,82.5,criteria_met,19,2,2,1,0.08982210415852673,213,0.0
12883,126.57913945902038,37.02348235028086,-32.5,82.5,criteria_met,19,2,2,1,0.09333200473245687,213,0.0
12884,126.57919564816564,37.02348235028086,-27.5,82.5,criteria_met,18,3,3,2,0.09706507621711129,213,0.0
12885,126.57925183731089,37.02348235028086,-22.5,82.5,poor_quality,17,0,0,0,0.10060046917672395,-1,0.8
12886,126.57930802645615,37.02348235028086,-17.5,82.5,poor_quality,17,0,0,0,0.10286723215779597,-1,0.8
12887,126.5793642156014,37.02348235028086,-12.5,82.5,poor_quality,15,0,0,0,0.10706576649772565,-1,0.8
12888,126.57942040474667,37.02348235028086,-7.5,82.5,poor_quality,15,0,0,0,0.10789754132259254,-1,0.8
12889,126.57947659389193,37.02348235028086,-2.5,82.5,needs_revisit,12,1,1,1,0.08614434260191708,275,0.4
12890,126.57953278303718,37.02348235028086,2.5,82.5,needs_revisit,12,1,1,1,0.09121704812804224,275,0.4
12891,126.57958897218244,37.02348235028086,7.5,82.5,needs_revisit,7,1,1,1,0.0965370597212059,275,0.4
12892,126.5796451613277,37.02348235028086,12.5,82.5,poor_quality,5,0,0,0,0.10427919213248096,-1,0.8
12893,126.57970135047296,37.02348235028086,17.5,82.5,poor_quality,5,0,0,0,0.1019139665648903,-1,0.8
12894,126.57975753961821,37.02348235028086,22.5,82.5,needs_revisit,5,1,1,1,0.09972543928008505,116,0.4
12895,126.57981372876347,37.02348235028086,27.5,82.5,needs_revisit,5,1,1,1,0.0976978303111476,116,0.4
12896,126.57986991790872,37.02348235028086,32.5,82.5,poor_quality,2,0,0,0,0.13143460500224444,-1,0.8
12897,126.57992610705399,37.02348235028086,37.5,82.5,poor_quality,1,0,0,0,0.1332846553403205,-1,0.8
12898,126.57998229619925,37.02348235028086,42.5,82.5,poor_quality,1,0,0,0,0.1353573531250853,-1,0.8
12899,126.5800384853445,37.02348235028086,47.5,82.5,poor_quality,1,0,0,0,0.1376455604513786,-1,0.8
12900,126.58009467448976,37.02348235028086,52.5,82.5,poor_quality,1,0,0,0,0.14014148592456901,-1,0.8
12901,126.58015086363503,37.02348235028086,57.5,82.5,poor_quality,1,0,0,0,0.14283694454628745,-1,0.8
12902,126.58020705278028,37.02348235028086,62.5,82.5,poor_quality,1,0,0,0,0.14572358125557333,-1,0.8
12903,126.58026324192554,37.02348235028086,67.5,82.5,poor_quality,1,0,0,0,0.14879305347553792,-1,0.8
12904,126.58031943107079,37.02348235028086,72.5,82.5,poor_quality,1,0,0,0,0.15203717278958429,-1,0.8
12905,126.58037562021605,37.02348235028086,77.5,82.5,poor_quality,1,0,0,0,0.15544800909232065,-1,0.8
12906,126.58043180936131,37.02348235028086,82.5,82.5,unobserved,0,0,0,0,,-1,1.0
12907,126.58048799850657,37.02348235028086,87.5,82.5,unobserved,0,0,0,0,,-1,1.0
12908,126.58054418765182,37.02348235028086,92.5,82.5,unobserved,0,0,0,0,,-1,1.0
12909,126.58060037679708,37.02348235028086,97.5,82.5,unobserved,0,0,0,0,,-1,1.0
12910,126.58065656594235,37.02348235028086,102.5,82.5,unobserved,0,0,0,0,,-1,1.0
12911,126.5807127550876,37.02348235028086,107.5,82.5,unobserved,0,0,0,0,,-1,1.0
12912,126.58076894423286,37.02348235028086,112.5,82.5,unobserved,0,0,0,0,,-1,1.0
12913,126.58082513337811,37.02348235028086,117.5,82.5,unobserved,0,0,0,0,,-1,1.0
12914,126.58088132252337,37.02348235028086,122.5,82.5,unobserved,0,0,0,0,,-1,1.0
12915,126.58093751166864,37.02348235028086,127.5,82.5,unobserved,0,0,0,0,,-1,1.0
12916,126.58099370081389,37.02348235028086,132.5,82.5,unobserved,0,0,0,0,,-1,1.0
12917,126.58104988995915,37.02348235028086,137.5,82.5,unobserved,0,0,0,0,,-1,1.0
12918,126.5811060791044,37.02348235028086,142.5,82.5,unobserved,0,0,0,0,,-1,1.0
12919,126.58116226824966,37.02348235028086,147.5,82.5,unobserved,0,0,0,0,,-1,1.0
12920,126.58121845739493,37.02348235028086,152.5,82.5,unobserved,0,0,0,0,,-1,1.0
12998,126.57750997380789,37.02352740422773,-177.5,87.5,unobserved,0,0,0,0,,-1,1.0
12999,126.57756616295315,37.02352740422773,-172.5,87.5,unobserved,0,0,0,0,,-1,1.0
13000,126.57762235209842,37.02352740422773,-167.5,87.5,unobserved,0,0,0,0,,-1,1.0
13001,126.57767854124367,37.02352740422773,-162.5,87.5,unobserved,0,0,0,0,,-1,1.0
13002,126.57773473038893,37.02352740422773,-157.5,87.5,unobserved,0,0,0,0,,-1,1.0
13003,126.57779091953418,37.02352740422773,-152.5,87.5,unobserved,0,0,0,0,,-1,1.0
13004,126.57784710867945,37.02352740422773,-147.5,87.5,unobserved,0,0,0,0,,-1,1.0
13005,126.5779032978247,37.02352740422773,-142.5,87.5,unobserved,0,0,0,0,,-1,1.0
13006,126.57795948696996,37.02352740422773,-137.5,87.5,unobserved,0,0,0,0,,-1,1.0
13007,126.57801567611521,37.02352740422773,-132.5,87.5,poor_quality,1,0,0,0,0.1574693245081679,-1,0.8
13008,126.57807186526047,37.02352740422773,-127.5,87.5,poor_quality,2,0,0,0,0.15323484101983978,-1,0.8
13009,126.57812805440574,37.02352740422773,-122.5,87.5,poor_quality,2,0,0,0,0.1491920992634441,-1,0.8
13010,126.578184243551,37.02352740422773,-117.5,87.5,poor_quality,4,0,0,0,0.1453482342773959,-1,0.8
13011,126.57824043269625,37.02352740422773,-112.5,87.5,poor_quality,5,0,0,0,0.1417106042443821,-1,0.8
13012,126.5782966218415,37.02352740422773,-107.5,87.5,poor_quality,7,0,0,0,0.1382866757982914,-1,0.8
13013,126.57835281098676,37.02352740422773,-102.5,87.5,poor_quality,7,0,0,0,0.13508386630356656,-1,0.8
13014,126.57840900013203,37.02352740422773,-97.5,87.5,poor_quality,8,0,0,0,0.1321093386519375,-1,0.8
13015,126.57846518927728,37.02352740422773,-92.5,87.5,needs_revisit,9,1,1,1,0.09393975679002198,241,0.4
13016,126.57852137842254,37.02352740422773,-87.5,87.5,needs_revisit,9,1,1,1,0.09458899018833833,241,0.4
13017,126.57857756756779,37.02352740422773,-82.5,87.5,needs_revisit,9,1,1,1,0.09537052729916717,241,0.4
13018,126.57863375671306,37.02352740422773,-77.5,87.5,needs_revisit,12,1,1,1,0.09629648840121775,241,0.4
13019,126.57868994585832,37.02352740422773,-72.5,87.5,needs_revisit,11,1,1,1,0.09737852452993194,241,0.4
13020,126.57874613500357,37.02352740422773,-67.5,87.5,criteria_met,13,2,2,1,0.0964785244005361,274,0.0
13021,126.57880232414882,37.02352740422773,-62.5,87.5,needs_revisit,13,1,1,1,0.09716837306359064,274,0.4
13022,126.57885851329408,37.02352740422773,-57.5,87.5,needs_revisit,13,1,1,1,0.09800029084121518,274,0.4
13023,126.57891470243935,37.02352740422773,-52.5,87.5,needs_revisit,15,1,1,1,0.09898626321065092,274,0.4
13024,126.5789708915846,37.02352740422773,-47.5,87.5,needs_revisit,15,1,1,1,0.09011806556243877,213,0.4
13025,126.57902708072986,37.02352740422773,-42.5,87.5,needs_revisit,16,1,1,1,0.09332954675391066,213,0.4
13026,126.57908326987511,37.02352740422773,-37.5,87.5,needs_revisit,15,1,1,1,0.09673714837926928,213,0.4
13027,126.57913945902038,37.02352740422773,-32.5,87.5,poor_quality,16,0,0,0,0.10035314903877202,-1,0.8
13028,126.57919564816564,37.02352740422773,-27.5,87.5,poor_quality,16,0,0,0,0.10418832744636698,-1,0.8
13029,126.57925183731089,37.02352740422773,-22.5,87.5,poor_quality,15,0,0,0,0.10825187756500745,-1,0.8
13030,126.57930802645615,37.02352740422773,-17.5,87.5,poor_quality,13,0,0,0,0.11255139495788426,-1,0.8
13031,126.5793642156014,37.02352740422773,-12.5,87.5,poor_quality,13,0,0,0,0.1162652154583113,-1,0.8
13032,126.57942040474667,37.02352740422773,-7.5,87.5,poor_quality,11,0,0,0,0.11707561944987298,-1,0.8
13033,126.57947659389193,37.02352740422773,-2.5,87.5,poor_quality,10,0,0,0,0.11806301973266439,-1,0.8
13034,126.57953278303718,37.02352740422773,2.5,87.5,needs_revisit,9,1,1,1,0.09614590452980562,275,0.4
13035,126.57958897218244,37.02352740422773,7.5,87.5,poor_quality,8,0,0,0,0.11541191053561585,-1,0.8
13036,126.5796451613277,37.02352740422773,12.5,87.5,poor_quality,5,0,0,0,0.1127529356635526,-1,0.8
13037,126.57970135047296,37.02352740422773,17.5,87.5,poor_quality,5,0,0,0,0.1102844976466368,-1,0.8
13038,126.57975753961821,37.02352740422773,22.5,87.5,poor_quality,4,0,0,0,0.10799258261268811,-1,0.8
13039,126.57981372876347,37.02352740422773,27.5,87.5,poor_quality,3,0,0,0,0.10586237103003193,-1,0.8
13040,126.57986991790872,37.02352740422773,32.5,87.5,poor_quality,1,0,0,0,0.14200094116296236,-1,0.8
13041,126.57992610705399,37.02352740422773,37.5,87.5,poor_quality,1,0,0,0,0.14386458200742422,-1,0.8
13042,126.57998229619925,37.02352740422773,42.5,87.5,poor_quality,1,0,0,0,0.14595106100935457,-1,0.8
13043,126.5800384853445,37.02352740422773,47.5,87.5,poor_quality,1,0,0,0,0.1482540212234785,-1,0.8
13044,126.58009467448976,37.02352740422773,52.5,87.5,poor_quality,1,0,0,0,0.15076643000789652,-1,0.8
13045,126.58015086363503,37.02352740422773,57.5,87.5,poor_quality,1,0,0,0,0.15348080420839932,-1,0.8
13046,126.58020705278028,37.02352740422773,62.5,87.5,poor_quality,1,0,0,0,0.15638941027731898,-1,0.8
13047,126.58026324192554,37.02352740422773,67.5,87.5,poor_quality,1,0,0,0,0.1594844339044654,-1,0.8
13048,126.58031943107079,37.02352740422773,72.5,87.5,unobserved,0,0,0,0,,-1,1.0
13049,126.58037562021605,37.02352740422773,77.5,87.5,unobserved,0,0,0,0,,-1,1.0
13050,126.58043180936131,37.02352740422773,82.5,87.5,unobserved,0,0,0,0,,-1,1.0
13051,126.58048799850657,37.02352740422773,87.5,87.5,unobserved,0,0,0,0,,-1,1.0
13052,126.58054418765182,37.02352740422773,92.5,87.5,unobserved,0,0,0,0,,-1,1.0
13053,126.58060037679708,37.02352740422773,97.5,87.5,unobserved,0,0,0,0,,-1,1.0
13054,126.58065656594235,37.02352740422773,102.5,87.5,unobserved,0,0,0,0,,-1,1.0
13055,126.5807127550876,37.02352740422773,107.5,87.5,unobserved,0,0,0,0,,-1,1.0
13056,126.58076894423286,37.02352740422773,112.5,87.5,unobserved,0,0,0,0,,-1,1.0
13057,126.58082513337811,37.02352740422773,117.5,87.5,unobserved,0,0,0,0,,-1,1.0
13058,126.58088132252337,37.02352740422773,122.5,87.5,unobserved,0,0,0,0,,-1,1.0
13059,126.58093751166864,37.02352740422773,127.5,87.5,unobserved,0,0,0,0,,-1,1.0
13060,126.58099370081389,37.02352740422773,132.5,87.5,unobserved,0,0,0,0,,-1,1.0
13061,126.58104988995915,37.02352740422773,137.5,87.5,unobserved,0,0,0,0,,-1,1.0
13062,126.5811060791044,37.02352740422773,142.5,87.5,unobserved,0,0,0,0,,-1,1.0
13063,126.58116226824966,37.02352740422773,147.5,87.5,unobserved,0,0,0,0,,-1,1.0
13064,126.58121845739493,37.02352740422773,152.5,87.5,unobserved,0,0,0,0,,-1,1.0
13142,126.57750997380789,37.023572458174606,-177.5,92.5,unobserved,0,0,0,0,,-1,1.0
13143,126.57756616295315,37.023572458174606,-172.5,92.5,unobserved,0,0,0,0,,-1,1.0
13144,126.57762235209842,37.023572458174606,-167.5,92.5,unobserved,0,0,0,0,,-1,1.0
13145,126.57767854124367,37.023572458174606,-162.5,92.5,unobserved,0,0,0,0,,-1,1.0
13146,126.57773473038893,37.023572458174606,-157.5,92.5,unobserved,0,0,0,0,,-1,1.0
13147,126.57779091953418,37.023572458174606,-152.5,92.5,unobserved,0,0,0,0,,-1,1.0
13148,126.57784710867945,37.023572458174606,-147.5,92.5,unobserved,0,0,0,0,,-1,1.0
13149,126.5779032978247,37.023572458174606,-142.5,92.5,unobserved,0,0,0,0,,-1,1.0
13150,126.57795948696996,37.023572458174606,-137.5,92.5,unobserved,0,0,0,0,,-1,1.0
13151,126.57801567611521,37.023572458174606,-132.5,92.5,unobserved,0,0,0,0,,-1,1.0
13152,126.57807186526047,37.023572458174606,-127.5,92.5,poor_quality,1,0,0,0,0.16390811565055152,-1,0.8
13153,126.57812805440574,37.023572458174606,-122.5,92.5,poor_quality,1,0,0,0,0.15981930369828293,-1,0.8
13154,126.578184243551,37.023572458174606,-117.5,92.5,poor_quality,2,0,0,0,0.1559330759020034,-1,0.8
13155,126.57824043269625,37.023572458174606,-112.5,92.5,poor_quality,3,0,0,0,0.15225633673737704,-1,0.8
13156,126.5782966218415,37.023572458174606,-107.5,92.5,poor_quality,5,0,0,0,0.14879599232371588,-1,0.8
13157,126.57835281098676,37.023572458174606,-102.5,92.5,poor_quality,6,0,0,0,0.14555879686533807,-1,0.8
13158,126.57840900013203,37.023572458174606,-97.5,92.5,poor_quality,8,0,0,0,0.14255116200731888,-1,0.8
13159,126.57846518927728,37.023572458174606,-92.5,92.5,poor_quality,9,0,0,0,0.10161501761268898,-1,0.8
13160,126.57852137842254,37.023572458174606,-87.5,92.5,poor_quality,9,0,0,0,0.10232308159816841,-1,0.8
13161,126.57857756756779,37.023572458174606,-82.5,92.5,poor_quality,9,0,0,0,0.10316520798133755,-1,0.8
13162,126.57863375671306,37.023572458174606,-77.5,92.5,poor_quality,9,0,0,0,0.10415269271944134,-1,0.8
13163,126.57868994585832,37.023572458174606,-72.5,92.5,poor_quality,10,0,0,0,0.10375231855445628,-1,0.8
13164,126.57874613500357,37.023572458174606,-67.5,92.5,poor_quality,12,0,0,0,0.10436996009622662,-1,0.8
13165,126.57880232414882,37.023572458174606,-62.5,92.5,poor_quality,12,0,0,0,0.10511948354938148,-1,0.8
13166,126.57885851329408,37.023572458174606,-57.5,92.5,poor_quality,13,0,0,0,0.10601242191634713,-1,0.8
13167,126.57891470243935,37.023572458174606,-52.5,92.5,poor_quality,12,0,0,0,0.10705991844216907,-1,0.8
13168,126.5789708915846,37.023572458174606,-47.5,92.5,needs_revisit,12,1,1,1,0.09707493055510759,213,0.4
13169,126.57902708072986,37.023572458174606,-42.5,92.5,poor_quality,14,0,0,0,0.1003987261004043,-1,0.8
13170,126.57908326987511,37.023572458174606,-37.5,92.5,poor_quality,14,0,0,0,0.10391594816706835,-1,0.8
13171,126.57913945902038,37.023572458174606,-32.5,92.5,poor_quality,14,0,0,0,0.10763833127616537,-1,0.8
13172,126.57919564816564,37.023572458174606,-27.5,92.5,poor_quality,13,0,0,0,0.11157628529696717,-1,0.8
13173,126.57925183731089,37.023572458174606,-22.5,92.5,poor_quality,12,0,0,0,0.11573881942222543,-1,0.8
13174,126.57930802645615,37.023572458174606,-17.5,92.5,poor_quality,11,0,0,0,0.12013352219614684,-1,0.8
13175,126.5793642156014,37.023572458174606,-12.5,92.5,poor_quality,10,0,0,0,0.1258606223754357,-1,0.8
13176,126.57942040474667,37.023572458174606,-7.5,92.5,poor_quality,9,0,0,0,0.1276257971960641,-1,0.8
13177,126.57947659389193,37.023572458174606,-2.5,92.5,poor_quality,9,0,0,0,0.1284997384916707,-1,0.8
13178,126.57953278303718,37.023572458174606,2.5,92.5,poor_quality,7,0,0,0,0.1426904599785649,-1,0.8
13179,126.57958897218244,37.023572458174606,7.5,92.5,poor_quality,6,0,0,0,0.14487073940424555,-1,0.8
13180,126.5796451613277,37.023572458174606,12.5,92.5,poor_quality,4,0,0,0,0.14740452222978703,-1,0.8
13181,126.57970135047296,37.023572458174606,17.5,92.5,poor_quality,2,0,0,0,0.14873488723509506,-1,0.8
13182,126.57975753961821,37.023572458174606,22.5,92.5,poor_quality,2,0,0,0,0.1499199451496469,-1,0.8
13183,126.57981372876347,37.023572458174606,27.5,92.5,poor_quality,1,0,0,0,0.15133884929015493,-1,0.8
13184,126.57986991790872,37.023572458174606,32.5,92.5,poor_quality,1,0,0,0,0.15298915354103348,-1,0.8
13185,126.57992610705399,37.023572458174606,37.5,92.5,poor_quality,1,0,0,0,0.15486714750951458,-1,0.8
13186,126.57998229619925,37.023572458174606,42.5,92.5,poor_quality,1,0,0,0,0.15696803805559523,-1,0.8
13187,126.5800384853445,37.023572458174606,47.5,92.5,poor_quality,1,0,0,0,0.15928614845401187,-1,0.8
13188,126.58009467448976,37.023572458174606,52.5,92.5,poor_quality,1,0,0,0,0.1618151211795571,-1,0.8
13189,126.58015086363503,37.023572458174606,57.5,92.5,poor_quality,1,0,0,0,0.16454811255253507,-1,0.8
13190,126.58020705278028,37.023572458174606,62.5,92.5,unobserved,0,0,0,0,,-1,1.0
13191,126.58026324192554,37.023572458174606,67.5,92.5,unobserved,0,0,0,0,,-1,1.0
13192,126.58031943107079,37.023572458174606,72.5,92.5,unobserved,0,0,0,0,,-1,1.0
13193,126.58037562021605,37.023572458174606,77.5,92.5,unobserved,0,0,0,0,,-1,1.0
13194,126.58043180936131,37.023572458174606,82.5,92.5,unobserved,0,0,0,0,,-1,1.0
13195,126.58048799850657,37.023572458174606,87.5,92.5,unobserved,0,0,0,0,,-1,1.0
13196,126.58054418765182,37.023572458174606,92.5,92.5,unobserved,0,0,0,0,,-1,1.0
13197,126.58060037679708,37.023572458174606,97.5,92.5,unobserved,0,0,0,0,,-1,1.0
13198,126.58065656594235,37.023572458174606,102.5,92.5,unobserved,0,0,0,0,,-1,1.0
13199,126.5807127550876,37.023572458174606,107.5,92.5,unobserved,0,0,0,0,,-1,1.0
13200,126.58076894423286,37.023572458174606,112.5,92.5,unobserved,0,0,0,0,,-1,1.0
13201,126.58082513337811,37.023572458174606,117.5,92.5,unobserved,0,0,0,0,,-1,1.0
13202,126.58088132252337,37.023572458174606,122.5,92.5,unobserved,0,0,0,0,,-1,1.0
13203,126.58093751166864,37.023572458174606,127.5,92.5,unobserved,0,0,0,0,,-1,1.0
13204,126.58099370081389,37.023572458174606,132.5,92.5,unobserved,0,0,0,0,,-1,1.0
13205,126.58104988995915,37.023572458174606,137.5,92.5,unobserved,0,0,0,0,,-1,1.0
13206,126.5811060791044,37.023572458174606,142.5,92.5,unobserved,0,0,0,0,,-1,1.0
13207,126.58116226824966,37.023572458174606,147.5,92.5,unobserved,0,0,0,0,,-1,1.0
13208,126.58121845739493,37.023572458174606,152.5,92.5,unobserved,0,0,0,0,,-1,1.0
13286,126.57750997380789,37.023617512121476,-177.5,97.5,unobserved,0,0,0,0,,-1,1.0
13287,126.57756616295315,37.023617512121476,-172.5,97.5,unobserved,0,0,0,0,,-1,1.0
13288,126.57762235209842,37.023617512121476,-167.5,97.5,unobserved,0,0,0,0,,-1,1.0
13289,126.57767854124367,37.023617512121476,-162.5,97.5,unobserved,0,0,0,0,,-1,1.0
13290,126.57773473038893,37.023617512121476,-157.5,97.5,unobserved,0,0,0,0,,-1,1.0
13291,126.57779091953418,37.023617512121476,-152.5,97.5,unobserved,0,0,0,0,,-1,1.0
13292,126.57784710867945,37.023617512121476,-147.5,97.5,unobserved,0,0,0,0,,-1,1.0
13293,126.5779032978247,37.023617512121476,-142.5,97.5,unobserved,0,0,0,0,,-1,1.0
13294,126.57795948696996,37.023617512121476,-137.5,97.5,unobserved,0,0,0,0,,-1,1.0
13295,126.57801567611521,37.023617512121476,-132.5,97.5,unobserved,0,0,0,0,,-1,1.0
13296,126.57807186526047,37.023617512121476,-127.5,97.5,unobserved,0,0,0,0,,-1,1.0
13297,126.57812805440574,37.023617512121476,-122.5,97.5,unobserved,0,0,0,0,,-1,1.0
13298,126.578184243551,37.023617512121476,-117.5,97.5,poor_quality,1,0,0,0,0.16694404411600686,-1,0.8
13299,126.57824043269625,37.023617512121476,-112.5,97.5,poor_quality,2,0,0,0,0.16322874924973999,-1,0.8
13300,126.5782966218415,37.023617512121476,-107.5,97.5,poor_quality,2,0,0,0,0.1597321011169347,-1,0.8
13301,126.57835281098676,37.023617512121476,-102.5,97.5,poor_quality,4,0,0,0,0.1564602356063813,-1,0.8
13302,126.57840900013203,37.023617512121476,-97.5,97.5,poor_quality,6,0,0,0,0.1534188842190069,-1,0.8
13303,126.57846518927728,37.023617512121476,-92.5,97.5,poor_quality,8,0,0,0,0.10960594558288589,-1,0.8
13304,126.57852137842254,37.023617512121476,-87.5,97.5,poor_quality,9,0,0,0,0.11037255612687774,-1,0.8
13305,126.57857756756779,37.023617512121476,-82.5,97.5,poor_quality,9,0,0,0,0.11127473772663618,-1,0.8
13306,126.57863375671306,37.023617512121476,-77.5,97.5,poor_quality,9,0,0,0,0.11232305551173051,-1,0.8
13307,126.57868994585832,37.023617512121476,-72.5,97.5,poor_quality,10,0,0,0,0.11190956248486252,-1,0.8
13308,126.57874613500357,37.023617512121476,-67.5,97.5,poor_quality,10,0,0,0,0.11258458908318175,-1,0.8
13309,126.57880232414882,37.023617512121476,-62.5,97.5,poor_quality,9,0,0,0,0.11339336506352488,-1,0.8
13310,126.57885851329408,37.023617512121476,-57.5,97.5,poor_quality,9,0,0,0,0.1143466978148393,-1,0.8
13311,126.57891470243935,37.023617512121476,-52.5,97.5,poor_quality,10,0,0,0,0.11545498984979728,-1,0.8
13312,126.5789708915846,37.023617512121476,-47.5,97.5,poor_quality,10,0,0,0,0.11672804276932387,-1,0.8
13313,126.57902708072986,37.023617512121476,-42.5,97.5,poor_quality,11,0,0,0,0.10773186147527018,-1,0.8
13314,126.57908326987511,37.023617512121476,-37.5,97.5,poor_quality,11,0,0,0,0.11135863195625866,-1,0.8
13315,126.57913945902038,37.023617512121476,-32.5,97.5,poor_quality,13,0,0,0,0.1151876322938098,-1,0.8
13316,126.57919564816564,37.023617512121476,-27.5,97.5,poor_quality,11,0,0,0,0.11922892655369503,-1,0.8
13317,126.57925183731089,37.023617512121476,-22.5,97.5,poor_quality,11,0,0,0,0.12349133158200762,-1,0.8
13318,126.57930802645615,37.023617512121476,-17.5,97.5,poor_quality,10,0,0,0,0.12798239365634942,-1,0.8
13319,126.5793642156014,37.023617512121476,-12.5,97.5,poor_quality,9,0,0,0,0.13702455356541854,-1,0.8
13320,126.57942040474667,37.023617512121476,-7.5,97.5,poor_quality,8,0,0,0,0.13775761177826884,-1,0.8
13321,126.57947659389193,37.023617512121476,-2.5,97.5,poor_quality,7,0,0,0,0.1386094709276545,-1,0.8
13322,126.57953278303718,37.023617512121476,2.5,97.5,poor_quality,5,0,0,0,0.1552437272703417,-1,0.8
13323,126.57958897218244,37.023617512121476,7.5,97.5,poor_quality,4,0,0,0,0.15678352366316037,-1,0.8
13324,126.5796451613277,37.023617512121476,12.5,97.5,poor_quality,2,0,0,0,0.15849632919445528,-1,0.8
13325,126.57970135047296,37.023617512121476,17.5,97.5,poor_quality,1,0,0,0,0.1600941591183671,-1,0.8
13326,126.57975753961821,37.023617512121476,22.5,97.5,poor_quality,1,0,0,0,0.16129736746537796,-1,0.8
13327,126.57981372876347,37.023617512121476,27.5,97.5,poor_quality,1,0,0,0,0.16273296333930795,-1,0.8
13328,126.57986991790872,37.023617512121476,32.5,97.5,poor_quality,1,0,0,0,0.16439888084069748,-1,0.8
13329,126.57992610705399,37.023617512121476,37.5,97.5,poor_quality,1,0,0,0,0.16629189435618813,-1,0.8
13330,126.57998229619925,37.023617512121476,42.5,97.5,poor_quality,1,0,0,0,0.16840776693366047,-1,0.8
13331,126.5800384853445,37.023617512121476,47.5,97.5,poor_quality,1,0,0,0,0.17074141571736356,-1,0.8
13332,126.58009467448976,37.023617512121476,52.5,97.5,unobserved,0,0,0,0,,-1,1.0
13333,126.58015086363503,37.023617512121476,57.5,97.5,unobserved,0,0,0,0,,-1,1.0
13334,126.58020705278028,37.023617512121476,62.5,97.5,unobserved,0,0,0,0,,-1,1.0
13335,126.58026324192554,37.023617512121476,67.5,97.5,unobserved,0,0,0,0,,-1,1.0
13336,126.58031943107079,37.023617512121476,72.5,97.5,unobserved,0,0,0,0,,-1,1.0
13337,126.58037562021605,37.023617512121476,77.5,97.5,unobserved,0,0,0,0,,-1,1.0
13338,126.58043180936131,37.023617512121476,82.5,97.5,unobserved,0,0,0,0,,-1,1.0
13339,126.58048799850657,37.023617512121476,87.5,97.5,unobserved,0,0,0,0,,-1,1.0
13340,126.58054418765182,37.023617512121476,92.5,97.5,unobserved,0,0,0,0,,-1,1.0
13341,126.58060037679708,37.023617512121476,97.5,97.5,unobserved,0,0,0,0,,-1,1.0
13342,126.58065656594235,37.023617512121476,102.5,97.5,unobserved,0,0,0,0,,-1,1.0
13343,126.5807127550876,37.023617512121476,107.5,97.5,unobserved,0,0,0,0,,-1,1.0
13344,126.58076894423286,37.023617512121476,112.5,97.5,unobserved,0,0,0,0,,-1,1.0
13345,126.58082513337811,37.023617512121476,117.5,97.5,unobserved,0,0,0,0,,-1,1.0
13346,126.58088132252337,37.023617512121476,122.5,97.5,unobserved,0,0,0,0,,-1,1.0
13347,126.58093751166864,37.023617512121476,127.5,97.5,unobserved,0,0,0,0,,-1,1.0
13348,126.58099370081389,37.023617512121476,132.5,97.5,unobserved,0,0,0,0,,-1,1.0
13349,126.58104988995915,37.023617512121476,137.5,97.5,unobserved,0,0,0,0,,-1,1.0
13350,126.5811060791044,37.023617512121476,142.5,97.5,unobserved,0,0,0,0,,-1,1.0
13351,126.58116226824966,37.023617512121476,147.5,97.5,unobserved,0,0,0,0,,-1,1.0
13352,126.58121845739493,37.023617512121476,152.5,97.5,unobserved,0,0,0,0,,-1,1.0
13430,126.57750997380789,37.023662566068346,-177.5,102.5,unobserved,0,0,0,0,,-1,1.0
13431,126.57756616295315,37.023662566068346,-172.5,102.5,unobserved,0,0,0,0,,-1,1.0
13432,126.57762235209842,37.023662566068346,-167.5,102.5,unobserved,0,0,0,0,,-1,1.0
13433,126.57767854124367,37.023662566068346,-162.5,102.5,unobserved,0,0,0,0,,-1,1.0
13434,126.57773473038893,37.023662566068346,-157.5,102.5,unobserved,0,0,0,0,,-1,1.0
13435,126.57779091953418,37.023662566068346,-152.5,102.5,unobserved,0,0,0,0,,-1,1.0
13436,126.57784710867945,37.023662566068346,-147.5,102.5,unobserved,0,0,0,0,,-1,1.0
13437,126.5779032978247,37.023662566068346,-142.5,102.5,unobserved,0,0,0,0,,-1,1.0
13438,126.57795948696996,37.023662566068346,-137.5,102.5,unobserved,0,0,0,0,,-1,1.0
13439,126.57801567611521,37.023662566068346,-132.5,102.5,unobserved,0,0,0,0,,-1,1.0
13440,126.57807186526047,37.023662566068346,-127.5,102.5,unobserved,0,0,0,0,,-1,1.0
13441,126.57812805440574,37.023662566068346,-122.5,102.5,unobserved,0,0,0,0,,-1,1.0
13442,126.578184243551,37.023662566068346,-117.5,102.5,unobserved,0,0,0,0,,-1,1.0
13443,126.57824043269625,37.023662566068346,-112.5,102.5,unobserved,0,0,0,0,,-1,1.0
13444,126.5782966218415,37.023662566068346,-107.5,102.5,poor_quality,1,0,0,0,0.17109439165962517,-1,0.8
13445,126.57835281098676,37.023662566068346,-102.5,102.5,poor_quality,1,0,0,0,0.16778753252570552,-1,0.8
13446,126.57840900013203,37.023662566068346,-97.5,102.5,poor_quality,2,0,0,0,0.16471188359538186,-1,0.8
13447,126.57846518927728,37.023662566068346,-92.5,102.5,poor_quality,5,0,0,0,0.11791215748665572,-1,0.8
13448,126.57852137842254,37.023662566068346,-87.5,102.5,poor_quality,7,0,0,0,0.11873703245441113,-1,0.8
13449,126.57857756756779,37.023662566068346,-82.5,102.5,poor_quality,7,0,0,0,0.11969878341148808,-1,0.8
13450,126.57863375671306,37.023662566068346,-77.5,102.5,poor_quality,8,0,0,0,0.12080732514607702,-1,0.8
13451,126.57868994585832,37.023662566068346,-72.5,102.5,poor_quality,10,0,0,0,0.12038976717741837,-1,0.8
13452,126.57874613500357,37.023662566068346,-67.5,102.5,poor_quality,9,0,0,0,0.12112202308600613,-1,0.8
13453,126.57880232414882,37.023662566068346,-62.5,102.5,poor_quality,9,0,0,0,0.12198965655518082,-1,0.8
13454,126.57885851329408,37.023662566068346,-57.5,102.5,poor_quality,9,0,0,0,0.12300282487515983,-1,0.8
13455,126.57891470243935,37.023662566068346,-52.5,102.5,poor_quality,9,0,0,0,0.12417127575449594,-1,0.8
13456,126.5789708915846,37.023662566068346,-47.5,102.5,poor_quality,9,0,0,0,0.12550418111205752,-1,0.8
13457,126.57902708072986,37.023662566068346,-42.5,102.5,poor_quality,10,0,0,0,0.1153290591773531,-1,0.8
13458,126.57908326987511,37.023662566068346,-37.5,102.5,poor_quality,10,0,0,0,0.11906531351006501,-1,0.8
13459,126.57913945902038,37.023662566068346,-32.5,102.5,poor_quality,8,0,0,0,0.12300112871755003,-1,0.8
13460,126.57919564816564,37.023662566068346,-27.5,102.5,poor_quality,8,0,0,0,0.12714624481184714,-1,0.8
13461,126.57925183731089,37.023662566068346,-22.5,102.5,poor_quality,8,0,0,0,0.13150928381321692,-1,0.8
13462,126.57930802645615,37.023662566068346,-17.5,102.5,poor_quality,6,0,0,0,0.14703884688021787,-1,0.8
13463,126.5793642156014,37.023662566068346,-12.5,102.5,poor_quality,7,0,0,0,0.1476069313316571,-1,0.8
13464,126.57942040474667,37.023662566068346,-7.5,102.5,poor_quality,5,0,0,0,0.16430518753862186,-1,0.8
13465,126.57947659389193,37.023662566068346,-2.5,102.5,poor_quality,3,0,0,0,0.16545240922284102,-1,0.8
13466,126.57953278303718,37.023662566068346,2.5,102.5,poor_quality,2,0,0,0,0.16679476244885336,-1,0.8
13467,126.57958897218244,37.023662566068346,7.5,102.5,poor_quality,1,0,0,0,0.17012409896529357,-1,0.8
13468,126.5796451613277,37.023662566068346,12.5,102.5,poor_quality,1,0,0,0,0.17088315906581245,-1,0.8
13469,126.57970135047296,37.023662566068346,17.5,102.5,poor_quality,1,0,0,0,0.17187322332425584,-1,0.8
13470,126.57975753961821,37.023662566068346,22.5,102.5,poor_quality,1,0,0,0,0.17309493899868592,-1,0.8
13471,126.57981372876347,37.023662566068346,27.5,102.5,poor_quality,1,0,0,0,0.17454772359633006,-1,0.8
13472,126.57986991790872,37.023662566068346,32.5,102.5,poor_quality,1,0,0,0,0.17622983054611033,-1,0.8
13473,126.57992610705399,37.023662566068346,37.5,102.5,unobserved,0,0,0,0,,-1,1.0
13474,126.57998229619925,37.023662566068346,42.5,102.5,unobserved,0,0,0,0,,-1,1.0
13475,126.5800384853445,37.023662566068346,47.5,102.5,unobserved,0,0,0,0,,-1,1.0
13476,126.58009467448976,37.023662566068346,52.5,102.5,unobserved,0,0,0,0,,-1,1.0
13477,126.58015086363503,37.023662566068346,57.5,102.5,unobserved,0,0,0,0,,-1,1.0
13478,126.58020705278028,37.023662566068346,62.5,102.5,unobserved,0,0,0,0,,-1,1.0
13479,126.58026324192554,37.023662566068346,67.5,102.5,unobserved,0,0,0,0,,-1,1.0
13480,126.58031943107079,37.023662566068346,72.5,102.5,unobserved,0,0,0,0,,-1,1.0
13481,126.58037562021605,37.023662566068346,77.5,102.5,unobserved,0,0,0,0,,-1,1.0
13482,126.58043180936131,37.023662566068346,82.5,102.5,unobserved,0,0,0,0,,-1,1.0
13483,126.58048799850657,37.023662566068346,87.5,102.5,unobserved,0,0,0,0,,-1,1.0
13484,126.58054418765182,37.023662566068346,92.5,102.5,unobserved,0,0,0,0,,-1,1.0
13485,126.58060037679708,37.023662566068346,97.5,102.5,unobserved,0,0,0,0,,-1,1.0
13486,126.58065656594235,37.023662566068346,102.5,102.5,unobserved,0,0,0,0,,-1,1.0
13487,126.5807127550876,37.023662566068346,107.5,102.5,unobserved,0,0,0,0,,-1,1.0
13488,126.58076894423286,37.023662566068346,112.5,102.5,unobserved,0,0,0,0,,-1,1.0
13489,126.58082513337811,37.023662566068346,117.5,102.5,unobserved,0,0,0,0,,-1,1.0
13490,126.58088132252337,37.023662566068346,122.5,102.5,unobserved,0,0,0,0,,-1,1.0
13491,126.58093751166864,37.023662566068346,127.5,102.5,unobserved,0,0,0,0,,-1,1.0
13492,126.58099370081389,37.023662566068346,132.5,102.5,unobserved,0,0,0,0,,-1,1.0
13493,126.58104988995915,37.023662566068346,137.5,102.5,unobserved,0,0,0,0,,-1,1.0
13494,126.5811060791044,37.023662566068346,142.5,102.5,unobserved,0,0,0,0,,-1,1.0
13495,126.58116226824966,37.023662566068346,147.5,102.5,unobserved,0,0,0,0,,-1,1.0
13496,126.58121845739493,37.023662566068346,152.5,102.5,unobserved,0,0,0,0,,-1,1.0
13574,126.57750997380789,37.02370762001522,-177.5,107.5,unobserved,0,0,0,0,,-1,1.0
13575,126.57756616295315,37.02370762001522,-172.5,107.5,unobserved,0,0,0,0,,-1,1.0
13576,126.57762235209842,37.02370762001522,-167.5,107.5,unobserved,0,0,0,0,,-1,1.0
13577,126.57767854124367,37.02370762001522,-162.5,107.5,unobserved,0,0,0,0,,-1,1.0
13578,126.57773473038893,37.02370762001522,-157.5,107.5,unobserved,0,0,0,0,,-1,1.0
13579,126.57779091953418,37.02370762001522,-152.5,107.5,unobserved,0,0,0,0,,-1,1.0
13580,126.57784710867945,37.02370762001522,-147.5,107.5,unobserved,0,0,0,0,,-1,1.0
13581,126.5779032978247,37.02370762001522,-142.5,107.5,unobserved,0,0,0,0,,-1,1.0
13582,126.57795948696996,37.02370762001522,-137.5,107.5,unobserved,0,0,0,0,,-1,1.0
13583,126.57801567611521,37.02370762001522,-132.5,107.5,unobserved,0,0,0,0,,-1,1.0
13584,126.57807186526047,37.02370762001522,-127.5,107.5,unobserved,0,0,0,0,,-1,1.0
13585,126.57812805440574,37.02370762001522,-122.5,107.5,unobserved,0,0,0,0,,-1,1.0
13586,126.578184243551,37.02370762001522,-117.5,107.5,unobserved,0,0,0,0,,-1,1.0
13587,126.57824043269625,37.02370762001522,-112.5,107.5,unobserved,0,0,0,0,,-1,1.0
13588,126.5782966218415,37.02370762001522,-107.5,107.5,unobserved,0,0,0,0,,-1,1.0
13589,126.57835281098676,37.02370762001522,-102.5,107.5,unobserved,0,0,0,0,,-1,1.0
13590,126.57840900013203,37.02370762001522,-97.5,107.5,poor_quality,1,0,0,0,0.1764296464022082,-1,0.8
13591,126.57846518927728,37.02370762001522,-92.5,107.5,poor_quality,2,0,0,0,0.12653332489895946,-1,0.8
13592,126.57852137842254,37.02370762001522,-87.5,107.5,poor_quality,2,0,0,0,0.1274161906403663,-1,0.8
13593,126.57857756756779,37.02370762001522,-82.5,107.5,poor_quality,2,0,0,0,0.12843706994702359,-1,0.8
13594,126.57863375671306,37.02370762001522,-77.5,107.5,poor_quality,5,0,0,0,0.12960529661444925,-1,0.8
13595,126.57868994585832,37.02370762001522,-72.5,107.5,poor_quality,7,0,0,0,0.12919261576893032,-1,0.8
13596,126.57874613500357,37.02370762001522,-67.5,107.5,poor_quality,7,0,0,0,0.12998193318126564,-1,0.8
13597,126.57880232414882,37.02370762001522,-62.5,107.5,poor_quality,8,0,0,0,0.1309080575743834,-1,0.8
13598,126.57885851329408,37.02370762001522,-57.5,107.5,poor_quality,8,0,0,0,0.1319805621447145,-1,0.8
13599,126.57891470243935,37.02370762001522,-52.5,107.5,poor_quality,7,0,0,0,0.13320861282721463,-1,0.8
13600,126.5789708915846,37.02370762001522,-47.5,107.5,poor_quality,7,0,0,0,0.13460082655593084,-1,0.8
13601,126.57902708072986,37.02370762001522,-42.5,107.5,poor_quality,7,0,0,0,0.12319041333516297,-1,0.8
13602,126.57908326987511,37.02370762001522,-37.5,107.5,poor_quality,6,0,0,0,0.12703609378102268,-1,0.8
13603,126.57913945902038,37.02370762001522,-32.5,107.5,poor_quality,6,0,0,0,0.1310788921550529,-1,0.8
13604,126.57919564816564,37.02370762001522,-27.5,107.5,poor_quality,6,0,0,0,0.1353282446810304,-1,0.8
13605,126.57925183731089,37.02370762001522,-22.5,107.5,poor_quality,3,0,0,0,0.1741963230141731,-1,0.8
13606,126.57930802645615,37.02370762001522,-17.5,107.5,poor_quality,3,0,0,0,0.1746890816675517,-1,0.8
13607,126.5793642156014,37.02370762001522,-12.5,107.5,unobserved,0,0,0,0,,-1,1.0
13608,126.57942040474667,37.02370762001522,-7.5,107.5,unobserved,0,0,0,0,,-1,1.0
13609,126.57947659389193,37.02370762001522,-2.5,107.5,unobserved,0,0,0,0,,-1,1.0
13610,126.57953278303718,37.02370762001522,2.5,107.5,unobserved,0,0,0,0,,-1,1.0
13611,126.57958897218244,37.02370762001522,7.5,107.5,unobserved,0,0,0,0,,-1,1.0
13612,126.5796451613277,37.02370762001522,12.5,107.5,unobserved,0,0,0,0,,-1,1.0
13613,126.57970135047296,37.02370762001522,17.5,107.5,unobserved,0,0,0,0,,-1,1.0
13614,126.57975753961821,37.02370762001522,22.5,107.5,unobserved,0,0,0,0,,-1,1.0
13615,126.57981372876347,37.02370762001522,27.5,107.5,unobserved,0,0,0,0,,-1,1.0
13616,126.57986991790872,37.02370762001522,32.5,107.5,unobserved,0,0,0,0,,-1,1.0
13617,126.57992610705399,37.02370762001522,37.5,107.5,unobserved,0,0,0,0,,-1,1.0
13618,126.57998229619925,37.02370762001522,42.5,107.5,unobserved,0,0,0,0,,-1,1.0
13619,126.5800384853445,37.02370762001522,47.5,107.5,unobserved,0,0,0,0,,-1,1.0
13620,126.58009467448976,37.02370762001522,52.5,107.5,unobserved,0,0,0,0,,-1,1.0
13621,126.58015086363503,37.02370762001522,57.5,107.5,unobserved,0,0,0,0,,-1,1.0
13622,126.58020705278028,37.02370762001522,62.5,107.5,unobserved,0,0,0,0,,-1,1.0
13623,126.58026324192554,37.02370762001522,67.5,107.5,unobserved,0,0,0,0,,-1,1.0
13624,126.58031943107079,37.02370762001522,72.5,107.5,unobserved,0,0,0,0,,-1,1.0
13625,126.58037562021605,37.02370762001522,77.5,107.5,unobserved,0,0,0,0,,-1,1.0
13626,126.58043180936131,37.02370762001522,82.5,107.5,unobserved,0,0,0,0,,-1,1.0
13627,126.58048799850657,37.02370762001522,87.5,107.5,unobserved,0,0,0,0,,-1,1.0
13628,126.58054418765182,37.02370762001522,92.5,107.5,unobserved,0,0,0,0,,-1,1.0
13629,126.58060037679708,37.02370762001522,97.5,107.5,unobserved,0,0,0,0,,-1,1.0
13630,126.58065656594235,37.02370762001522,102.5,107.5,unobserved,0,0,0,0,,-1,1.0
13631,126.5807127550876,37.02370762001522,107.5,107.5,unobserved,0,0,0,0,,-1,1.0
13632,126.58076894423286,37.02370762001522,112.5,107.5,unobserved,0,0,0,0,,-1,1.0
13633,126.58082513337811,37.02370762001522,117.5,107.5,unobserved,0,0,0,0,,-1,1.0
13634,126.58088132252337,37.02370762001522,122.5,107.5,unobserved,0,0,0,0,,-1,1.0
13635,126.58093751166864,37.02370762001522,127.5,107.5,unobserved,0,0,0,0,,-1,1.0
13636,126.58099370081389,37.02370762001522,132.5,107.5,unobserved,0,0,0,0,,-1,1.0
13637,126.58104988995915,37.02370762001522,137.5,107.5,unobserved,0,0,0,0,,-1,1.0
13638,126.5811060791044,37.02370762001522,142.5,107.5,unobserved,0,0,0,0,,-1,1.0
13639,126.58116226824966,37.02370762001522,147.5,107.5,unobserved,0,0,0,0,,-1,1.0
13640,126.58121845739493,37.02370762001522,152.5,107.5,unobserved,0,0,0,0,,-1,1.0
13718,126.57750997380789,37.02375267396209,-177.5,112.5,unobserved,0,0,0,0,,-1,1.0
13719,126.57756616295315,37.02375267396209,-172.5,112.5,unobserved,0,0,0,0,,-1,1.0
13720,126.57762235209842,37.02375267396209,-167.5,112.5,unobserved,0,0,0,0,,-1,1.0
13721,126.57767854124367,37.02375267396209,-162.5,112.5,unobserved,0,0,0,0,,-1,1.0
13722,126.57773473038893,37.02375267396209,-157.5,112.5,unobserved,0,0,0,0,,-1,1.0
13723,126.57779091953418,37.02375267396209,-152.5,112.5,unobserved,0,0,0,0,,-1,1.0
13724,126.57784710867945,37.02375267396209,-147.5,112.5,unobserved,0,0,0,0,,-1,1.0
13725,126.5779032978247,37.02375267396209,-142.5,112.5,unobserved,0,0,0,0,,-1,1.0
13726,126.57795948696996,37.02375267396209,-137.5,112.5,unobserved,0,0,0,0,,-1,1.0
13727,126.57801567611521,37.02375267396209,-132.5,112.5,unobserved,0,0,0,0,,-1,1.0
13728,126.57807186526047,37.02375267396209,-127.5,112.5,unobserved,0,0,0,0,,-1,1.0
13729,126.57812805440574,37.02375267396209,-122.5,112.5,unobserved,0,0,0,0,,-1,1.0
13730,126.578184243551,37.02375267396209,-117.5,112.5,unobserved,0,0,0,0,,-1,1.0
13731,126.57824043269625,37.02375267396209,-112.5,112.5,unobserved,0,0,0,0,,-1,1.0
13732,126.5782966218415,37.02375267396209,-107.5,112.5,unobserved,0,0,0,0,,-1,1.0
13733,126.57835281098676,37.02375267396209,-102.5,112.5,unobserved,0,0,0,0,,-1,1.0
13734,126.57840900013203,37.02375267396209,-97.5,112.5,unobserved,0,0,0,0,,-1,1.0
13735,126.57846518927728,37.02375267396209,-92.5,112.5,unobserved,0,0,0,0,,-1,1.0
13736,126.57852137842254,37.02375267396209,-87.5,112.5,unobserved,0,0,0,0,,-1,1.0
13737,126.57857756756779,37.02375267396209,-82.5,112.5,unobserved,0,0,0,0,,-1,1.0
13738,126.57863375671306,37.02375267396209,-77.5,112.5,poor_quality,1,0,0,0,0.1783656109081648,-1,0.8
13739,126.57868994585832,37.02375267396209,-72.5,112.5,poor_quality,1,0,0,0,0.17641461879136788,-1,0.8
13740,126.57874613500357,37.02375267396209,-67.5,112.5,poor_quality,1,0,0,0,0.1747025176561301,-1,0.8
13741,126.57880232414882,37.02375267396209,-62.5,112.5,poor_quality,1,0,0,0,0.17322652420346038,-1,0.8
13742,126.57885851329408,37.02375267396209,-57.5,112.5,poor_quality,1,0,0,0,0.17198260257033957,-1,0.8
13743,126.57891470243935,37.02375267396209,-52.5,112.5,poor_quality,2,0,0,0,0.14256686751525488,-1,0.8
13744,126.5789708915846,37.02375267396209,-47.5,112.5,poor_quality,2,0,0,0,0.1440179128898676,-1,0.8
13745,126.57902708072986,37.02375267396209,-42.5,112.5,unobserved,0,0,0,0,,-1,1.0
13746,126.57908326987511,37.02375267396209,-37.5,112.5,unobserved,0,0,0,0,,-1,1.0
13747,126.57913945902038,37.02375267396209,-32.5,112.5,unobserved,0,0,0,0,,-1,1.0
13748,126.57919564816564,37.02375267396209,-27.5,112.5,unobserved,0,0,0,0,,-1,1.0
13749,126.57925183731089,37.02375267396209,-22.5,112.5,unobserved,0,0,0,0,,-1,1.0
13750,126.57930802645615,37.02375267396209,-17.5,112.5,unobserved,0,0,0,0,,-1,1.0
13751,126.5793642156014,37.02375267396209,-12.5,112.5,unobserved,0,0,0,0,,-1,1.0
13752,126.57942040474667,37.02375267396209,-7.5,112.5,unobserved,0,0,0,0,,-1,1.0
13753,126.57947659389193,37.02375267396209,-2.5,112.5,unobserved,0,0,0,0,,-1,1.0
13754,126.57953278303718,37.02375267396209,2.5,112.5,unobserved,0,0,0,0,,-1,1.0
13755,126.57958897218244,37.02375267396209,7.5,112.5,unobserved,0,0,0,0,,-1,1.0
13756,126.5796451613277,37.02375267396209,12.5,112.5,unobserved,0,0,0,0,,-1,1.0
13757,126.57970135047296,37.02375267396209,17.5,112.5,unobserved,0,0,0,0,,-1,1.0
13758,126.57975753961821,37.02375267396209,22.5,112.5,unobserved,0,0,0,0,,-1,1.0
13759,126.57981372876347,37.02375267396209,27.5,112.5,unobserved,0,0,0,0,,-1,1.0
13760,126.57986991790872,37.02375267396209,32.5,112.5,unobserved,0,0,0,0,,-1,1.0
13761,126.57992610705399,37.02375267396209,37.5,112.5,unobserved,0,0,0,0,,-1,1.0
13762,126.57998229619925,37.02375267396209,42.5,112.5,unobserved,0,0,0,0,,-1,1.0
13763,126.5800384853445,37.02375267396209,47.5,112.5,unobserved,0,0,0,0,,-1,1.0
13764,126.58009467448976,37.02375267396209,52.5,112.5,unobserved,0,0,0,0,,-1,1.0
13765,126.58015086363503,37.02375267396209,57.5,112.5,unobserved,0,0,0,0,,-1,1.0
13766,126.58020705278028,37.02375267396209,62.5,112.5,unobserved,0,0,0,0,,-1,1.0
13767,126.58026324192554,37.02375267396209,67.5,112.5,unobserved,0,0,0,0,,-1,1.0
13768,126.58031943107079,37.02375267396209,72.5,112.5,unobserved,0,0,0,0,,-1,1.0
13769,126.58037562021605,37.02375267396209,77.5,112.5,unobserved,0,0,0,0,,-1,1.0
13770,126.58043180936131,37.02375267396209,82.5,112.5,unobserved,0,0,0,0,,-1,1.0
13771,126.58048799850657,37.02375267396209,87.5,112.5,unobserved,0,0,0,0,,-1,1.0
13772,126.58054418765182,37.02375267396209,92.5,112.5,unobserved,0,0,0,0,,-1,1.0
13773,126.58060037679708,37.02375267396209,97.5,112.5,unobserved,0,0,0,0,,-1,1.0
13774,126.58065656594235,37.02375267396209,102.5,112.5,unobserved,0,0,0,0,,-1,1.0
13775,126.5807127550876,37.02375267396209,107.5,112.5,unobserved,0,0,0,0,,-1,1.0
13776,126.58076894423286,37.02375267396209,112.5,112.5,unobserved,0,0,0,0,,-1,1.0
13777,126.58082513337811,37.02375267396209,117.5,112.5,unobserved,0,0,0,0,,-1,1.0
13778,126.58088132252337,37.02375267396209,122.5,112.5,unobserved,0,0,0,0,,-1,1.0
13779,126.58093751166864,37.02375267396209,127.5,112.5,unobserved,0,0,0,0,,-1,1.0
13780,126.58099370081389,37.02375267396209,132.5,112.5,unobserved,0,0,0,0,,-1,1.0
13781,126.58104988995915,37.02375267396209,137.5,112.5,unobserved,0,0,0,0,,-1,1.0
13782,126.5811060791044,37.02375267396209,142.5,112.5,unobserved,0,0,0,0,,-1,1.0
13783,126.58116226824966,37.02375267396209,147.5,112.5,unobserved,0,0,0,0,,-1,1.0
13784,126.58121845739493,37.02375267396209,152.5,112.5,unobserved,0,0,0,0,,-1,1.0
